id,title,complaint,complaintType,category,subcategory,estimatedResolutionTime,status,urgencyLevel,priorityLevel,isAnonymous,economicImpact,socialImpact,emotion,estimated,ResolutionTime,relatedPolicies,timestamp,lastUpdatedDate,submissionDate,currentLevel,escalationHistory,assignedAuthorities,resolutionPath,environmentalImpact,userId,departmentId,locationId
cm725esr70002u6o4kqv2r4e0,Water Supply Issue in Gorakhpur,There has been no water supply for over two days. We are facing severe issues with daily cleaning and drinking water. The authorities are not responding to our complaints.,Water Supply,Infrastructure,Water Distribution,9,In Progress,High,MEDIUM,false,Medium - Families spending extra money on private water tankers,High - Affecting daily lives of hundreds of families in the area,Disappointment,,,"['UP Jal Nigam Regulations', 'Water Supply Management Act']",2025-02-12 16:51:47.347,2025-02-05 00:00:00,2025-02-05 00:00:00,,,,,Low - Minor impact on local vegetation,cm725espe0000u6o40tsgshuf,cm725dfx50000u6h4y67rc83j,cm725esqh0001u6o4fqh45cks
cm725esvi0005u6o49asiyev5,Electricity Issue in Jhansi,"The electricity bills are too high, and the power cuts are frequent. Even during peak hours, the power supply is cut off without any prior notice.",Electricity,Utilities,Power Distribution,8,In Progress,High,MEDIUM,false,High - Business losses and additional expenses on generators,High - Disrupting business operations and daily activities,Frustration,,,"['UP Electricity Regulatory Commission Guidelines', 'Power Distribution Policy']",2025-02-12 16:51:47.502,2025-02-05 00:00:00,2025-02-05 00:00:00,,,,,Medium - Increased generator usage causing pollution,cm725esuf0003u6o4xgsfqsck,cm725dg0e0001u6h4by5yx0yk,cm725esv10004u6o4nrb8jenq
cm725esyi0008u6o4il55k1vl,Garbage Issue in Hapur,"The garbage collection is irregular, and the heaps of waste are rotting in public places. This is affecting the cleanliness and health of the locality.",Garbage,Sanitation,Waste Management,2,Open,High,MEDIUM,false,Medium - Increased healthcare costs due to diseases,High - Affecting public health and hygiene,Anger,,,"['Municipal Solid Waste Management Rules', 'Public Health Act']",2025-02-12 16:51:47.61,2025-02-05 00:00:00,2025-02-05 00:00:00,,,,,High - Pollution and contamination of local environment,cm725esxi0006u6o498e39glu,cm725dg1z0002u6h4amagnkym,cm725esy40007u6o4pts07jzj
cm725et2a000bu6o42lyfr3fm,Roads Issue in Prayagraj,"The roads are filled with potholes, and it's becoming dangerous to drive. Accidents are increasing due to the poor condition of the streets, and there is no repair work being done.",Roads,Infrastructure,Road Maintenance,28,Open,High,MEDIUM,false,Medium - Vehicle repair costs and delays,High - Increased accidents and injuries,Irritation,,,"['Public Works Department Guidelines', 'Road Safety Act']",2025-02-12 16:51:47.747,2025-02-05 00:00:00,2025-02-05 00:00:00,,,,,Low - Minor impact on local environment,cm725et130009u6o45e2rnkk7,cm725dg3k0003u6h4e8f3kb9h,cm725et1r000au6o461525sgr
cm725et5e000eu6o4w6ehnvx7,Public Transport Issue in Aligarh,"The public buses are unreliable and overcrowded. They often don’t follow schedules, leaving people stranded for long hours, especially during rush hour.",Public Transport,Transport,Public Transport,13,Open,Medium,MEDIUM,false,Medium - Increased expenses on alternative transport,High - Affecting daily commute and productivity,Annoyance,,,"['Public Transport Regulations', 'Urban Transport Policy']",2025-02-12 16:51:47.858,2025-02-05 00:00:00,2025-02-05 00:00:00,,,,,Low - Minor impact on local environment,cm725et4a000cu6o41zd7iqyb,cm725dg560004u6h4g36ue2gh,cm725et51000du6o4rp1yurpc
cm725et86000hu6o4vac3xrz8,Health Services Issue in Agra,"The government hospital lacks proper sanitation, and patients often wait for hours to be attended to. The hospital staff is overworked and seems to be in constant shortage.",Health Services,Healthcare,Hospital Management,28,In Progress,High,MEDIUM,false,Medium - Increased healthcare costs,High - Affecting public health and well-being,Concern,,,"['Public Health Act', 'Hospital Management Guidelines']",2025-02-12 16:51:47.959,2025-02-05 00:00:00,2025-02-05 00:00:00,,,,,Low - Minor impact on local environment,cm725et78000fu6o4prqzrin9,cm725dg6o0005u6h4jkjbkawz,cm725et7w000gu6o4qbwgpetj
cm725etb6000ku6o4gneo8tew,Police & Law Issue in Moradabad,"The police seem uninterested in solving local crimes. Even after repeated complaints, the authorities have not taken any serious action against local criminals.",Police & Law,Law & Order,Crime Management,16,In Progress,High,MEDIUM,false,Medium - Losses due to theft and crime,High - Increased crime and insecurity,Frustration,,,"['Police Act', 'Criminal Procedure Code']",2025-02-12 16:51:48.066,2025-02-05 00:00:00,2025-02-05 00:00:00,,,,,Low - Minor impact on local environment,cm725eta6000iu6o4qzg92zul,cm725dg830006u6h44jyrjmcn,cm725etau000ju6o4ic1ay0tr
cm725etdy000nu6o4m107d8bj,Education Issue in Fatehpur,"Schools in our area are facing a severe shortage of teachers, and classes are often merged, causing disruptions. The government must improve the education system urgently.",Education,Education,School Management,9,In Progress,High,MEDIUM,false,Medium - Increased expenses on private tuition,High - Affecting quality of education,Concern,,,"['Education Act', 'Teacher Recruitment Policy']",2025-02-12 16:51:48.166,2025-02-05 00:00:00,2025-02-05 00:00:00,,,,,Low - Minor impact on local environment,cm725etd4000lu6o4yat6nk7i,cm725dg9j0007u6h4tzh2udh2,cm725etdl000mu6o4ydxjcjsy
cm725eth3000qu6o4kihehwj3,Water Supply Issue in Saharanpur,"We have to rely on tanker services for water, and even then, the supply is irregular. The authorities need to fix the local water system immediately.",Water Supply,Infrastructure,Water Distribution,24,Open,High,MEDIUM,false,Medium - Families spending extra money on private water tankers,High - Affecting daily lives of hundreds of families in the area,Frustration,,,"['UP Jal Nigam Regulations', 'Water Supply Management Act']",2025-02-12 16:51:48.279,2025-02-05 00:00:00,2025-02-05 00:00:00,,,,,Low - Minor impact on local vegetation,cm725etg4000ou6o4rl07ye6a,cm725dfx50000u6h4y67rc83j,cm725etgs000pu6o4a663x00i
cm725etko000tu6o4vltxdy7o,Electricity Issue in Bijnor,"The electric supply in our area is very unstable. During the day, we experience frequent power fluctuations, and during the night, power cuts are a common issue.",Electricity,Utilities,Power Distribution,4,In Progress,High,MEDIUM,false,High - Business losses and additional expenses on generators,High - Disrupting business operations and daily activities,Disappointment,,,"['UP Electricity Regulatory Commission Guidelines', 'Power Distribution Policy']",2025-02-12 16:51:48.408,2025-02-05 00:00:00,2025-02-05 00:00:00,,,,,Medium - Increased generator usage causing pollution,cm725etjv000ru6o4daczpuqa,cm725dg0e0001u6h4by5yx0yk,cm725etke000su6o4tjv5pnkc
cm725etnk000wu6o4jb68vlkg,Garbage Issue in Rampur,"The garbage bins are never cleared on time, and the streets are always littered with waste. It’s become a serious environmental concern.",Garbage,Sanitation,Waste Management,28,Open,High,MEDIUM,false,Medium - Increased healthcare costs due to diseases,High - Affecting public health and hygiene,Disgust,,,"['Municipal Solid Waste Management Rules', 'Public Health Act']",2025-02-12 16:51:48.512,2025-02-05 00:00:00,2025-02-05 00:00:00,,,,,High - Pollution and contamination of local environment,cm725etmm000uu6o4ozfcze5n,cm725dg1z0002u6h4amagnkym,cm725etn6000vu6o4shv34wki
cm725etqp000zu6o4hwxukvfw,Roads Issue in Basti,"The roads are not only poorly maintained but are also overcrowded with heavy traffic. This causes constant delays and accidents, and the situation has been ignored for far too long.",Roads,Infrastructure,Road Maintenance,20,In Progress,High,MEDIUM,false,Medium - Vehicle repair costs and delays,High - Increased accidents and injuries,Anger,,,"['Public Works Department Guidelines', 'Road Safety Act']",2025-02-12 16:51:48.625,2025-02-05 00:00:00,2025-02-05 00:00:00,,,,,Low - Minor impact on local environment,cm725etpq000xu6o4oj5jjkge,cm725dg3k0003u6h4e8f3kb9h,cm725etqg000yu6o4bfc38mk8
cm725ettx0012u6o4rrlahk20,Public Transport Issue in Sitapur,"There are hardly any buses during off-peak hours. It’s extremely difficult to travel within the city after 8 PM, and people are forced to use private vehicles.",Public Transport,Transport,Public Transport,9,Closed,Medium,MEDIUM,false,Medium - Increased expenses on alternative transport,High - Affecting daily commute and productivity,Irritation,,,"['Public Transport Regulations', 'Urban Transport Policy']",2025-02-12 16:51:48.741,2025-02-05 00:00:00,2025-02-05 00:00:00,,,,,Low - Minor impact on local environment,cm725etsw0010u6o4wavwgh5c,cm725dg560004u6h4g36ue2gh,cm725ettn0011u6o40b6kn1mk
cm725etwz0015u6o4m4ct6tl0,Health Services Issue in Moradabad,"We visited the district hospital, and the conditions were appalling. The hospital was overcrowded, lacked proper facilities, and the doctors were unavailable for consultations.",Health Services,Healthcare,Hospital Management,2,Closed,High,MEDIUM,false,Medium - Increased healthcare costs,High - Affecting public health and well-being,Frustration,,,"['Public Health Act', 'Hospital Management Guidelines']",2025-02-12 16:51:48.852,2025-02-05 00:00:00,2025-02-05 00:00:00,,,,,Low - Minor impact on local environment,cm725etvx0013u6o4hrr48ohe,cm725dg6o0005u6h4jkjbkawz,cm725etwl0014u6o4l1jmt5g2
cm725eu0m0018u6o47t3wb8sy,Police & Law Issue in Kanpur,"The police are failing to provide security in our neighborhood. We have had several robberies, and despite reporting them, there is no visible improvement in the situation.",Police & Law,Law & Order,Crime Management,26,In Progress,High,MEDIUM,false,Medium - Losses due to theft and crime,High - Increased crime and insecurity,Anger,,,"['Police Act', 'Criminal Procedure Code']",2025-02-12 16:51:48.983,2025-02-05 00:00:00,2025-02-05 00:00:00,,,,,Low - Minor impact on local environment,cm725etzb0016u6o4t50johak,cm725dg830006u6h44jyrjmcn,cm725eu0c0017u6o4cwcjbo7i
cm725eu49001bu6o4df0uxzka,Education Issue in Varanasi,"There is a severe shortage of classrooms in our school, and students are forced to study in poorly ventilated areas. This has a direct impact on their learning experience.",Education,Education,School Management,29,Closed,High,MEDIUM,false,Medium - Increased expenses on private tuition,High - Affecting quality of education,Concern,,,"['Education Act', 'Teacher Recruitment Policy']",2025-02-12 16:51:49.113,2025-02-05 00:00:00,2025-02-05 00:00:00,,,,,Low - Minor impact on local environment,cm725eu330019u6o42ys5qkfo,cm725dg9j0007u6h4tzh2udh2,cm725eu3x001au6o4uonm6tih
cm725eu8w001eu6o4qpwhr4g8,Water Supply Issue in Meerut,"The water supply has been erratic, and when the water does arrive, it’s often dirty. We have raised complaints, but no improvement has been seen.",Water Supply,Infrastructure,Water Distribution,23,In Progress,High,MEDIUM,false,Medium - Families spending extra money on private water tankers,High - Affecting daily lives of hundreds of families in the area,Disappointment,,,"['UP Jal Nigam Regulations', 'Water Supply Management Act']",2025-02-12 16:51:49.28,2025-02-05 00:00:00,2025-02-05 00:00:00,,,,,Low - Minor impact on local vegetation,cm725eu6h001cu6o4vigm0y34,cm725dfx50000u6h4y67rc83j,cm725eu89001du6o4cv4pfbh3
cm725euc1001hu6o4s8jjsxdn,Electricity Issue in Jalaun,The frequent power outages in our area are becoming unbearable. Even essential services like water pumps are not functioning properly due to power cuts.,Electricity,Utilities,Power Distribution,29,In Progress,High,MEDIUM,false,High - Business losses and additional expenses on generators,High - Disrupting business operations and daily activities,Irritation,,,"['UP Electricity Regulatory Commission Guidelines', 'Power Distribution Policy']",2025-02-12 16:51:49.393,2025-02-05 00:00:00,2025-02-05 00:00:00,,,,,Medium - Increased generator usage causing pollution,cm725eub4001fu6o46mzcu0ek,cm725dg0e0001u6h4by5yx0yk,cm725eubj001gu6o45qhc9r1u
cm725euf9001ku6o47v4ugi9h,Garbage Issue in Ballia,"Garbage piles up on the streets every day, and the authorities never take action. This leads to the spread of diseases and creates a serious public health concern.",Garbage,Sanitation,Waste Management,25,In Progress,High,MEDIUM,false,Medium - Increased healthcare costs due to diseases,High - Affecting public health and hygiene,Frustration,,,"['Municipal Solid Waste Management Rules', 'Public Health Act']",2025-02-12 16:51:49.509,2025-02-05 00:00:00,2025-02-05 00:00:00,,,,,High - Pollution and contamination of local environment,cm725euec001iu6o4lkh68e2v,cm725dg1z0002u6h4amagnkym,cm725euey001ju6o4c2cgeo5m
cm725euiq001nu6o4zr7532ad,Roads Issue in Unnao,"The roads are so poorly maintained that they are barely usable. The government should prioritize road repairs, as it’s causing delays, accidents, and inconvenience.",Roads,Infrastructure,Road Maintenance,18,Closed,High,MEDIUM,false,Medium - Vehicle repair costs and delays,High - Increased accidents and injuries,Anger,,,"['Public Works Department Guidelines', 'Road Safety Act']",2025-02-12 16:51:49.634,2025-02-05 00:00:00,2025-02-05 00:00:00,,,,,Low - Minor impact on local environment,cm725euhj001lu6o47cg3cj43,cm725dg3k0003u6h4e8f3kb9h,cm725euic001mu6o4h6o4h7tk
cm725eum0001qu6o44c2i5fqg,Public Transport Issue in Muzaffarnagar,"The public buses are old, uncomfortable, and often overcrowded. There’s no dedicated lane for buses, leading to further delays in commuting.",Public Transport,Transport,Public Transport,7,In Progress,Medium,MEDIUM,false,Medium - Increased expenses on alternative transport,High - Affecting daily commute and productivity,Annoyance,,,"['Public Transport Regulations', 'Urban Transport Policy']",2025-02-12 16:51:49.752,2025-02-05 00:00:00,2025-02-05 00:00:00,,,,,Low - Minor impact on local environment,cm725eul5001ou6o4v1py5tm3,cm725dg560004u6h4g36ue2gh,cm725eulq001pu6o45n3j9z1q
cm725euos001tu6o4moo6a0is,Health Services Issue in Kushinagar,There is an alarming lack of medical supplies and qualified doctors in the local hospital. The healthcare system is in dire need of improvements.,Health Services,Healthcare,Hospital Management,26,Open,High,MEDIUM,false,Medium - Increased healthcare costs,High - Affecting public health and well-being,Concern,,,"['Public Health Act', 'Hospital Management Guidelines']",2025-02-12 16:51:49.852,2025-02-05 00:00:00,2025-02-05 00:00:00,,,,,Low - Minor impact on local environment,cm725eunx001ru6o4rfs0r5st,cm725dg6o0005u6h4jkjbkawz,cm725euoi001su6o4yi65u6k8
cm725eurp001wu6o41jgp8c0t,Police & Law Issue in Azamgarh,"The police do not take complaints of harassment or domestic violence seriously. Cases are often dismissed without investigation, leaving victims helpless.",Police & Law,Law & Order,Crime Management,7,In Progress,High,MEDIUM,false,Medium - Losses due to theft and crime,High - Increased crime and insecurity,Frustration,,,"['Police Act', 'Criminal Procedure Code']",2025-02-12 16:51:49.957,2025-02-05 00:00:00,2025-02-05 00:00:00,,,,,Low - Minor impact on local environment,cm725euqo001uu6o4oem4ssh6,cm725dg830006u6h44jyrjmcn,cm725eure001vu6o4ou46f71k
cm725euv4001zu6o4g789uiop,Education Issue in Jhansi,"The schools in our area lack basic infrastructure, such as functional toilets and clean drinking water. The lack of attention to education facilities is alarming.",Education,Education,School Management,19,Open,High,MEDIUM,false,Medium - Increased expenses on private tuition,High - Affecting quality of education,Disappointment,,,"['Education Act', 'Teacher Recruitment Policy']",2025-02-12 16:51:50.08,2025-02-05 00:00:00,2025-02-05 00:00:00,,,,,Low - Minor impact on local environment,cm725euu3001xu6o4t56rbsbj,cm725dg9j0007u6h4tzh2udh2,cm725euus001yu6o49db87a17
cm725euyg0022u6o47hahyezy,Water Supply Issue in Badaun,"There has been no water supply for over a week in our locality. We are forced to rely on private tankers, which are extremely costly and unreliable.",Water Supply,Infrastructure,Water Distribution,5,In Progress,High,MEDIUM,false,Medium - Families spending extra money on private water tankers,High - Affecting daily lives of hundreds of families in the area,Anger,,,"['UP Jal Nigam Regulations', 'Water Supply Management Act']",2025-02-12 16:51:50.199,2025-02-05 00:00:00,2025-02-05 00:00:00,,,,,Low - Minor impact on local vegetation,cm725euxa0020u6o46xzm7ojk,cm725dfx50000u6h4y67rc83j,cm725euxq0021u6o47ot1j9qc
cm725ev1p0025u6o47mtmr2ja,Electricity Issue in Fatehpur,The power outages are so frequent that we can’t even charge our phones. This constant instability in power supply is affecting everyone.,Electricity,Utilities,Power Distribution,5,Open,High,MEDIUM,false,High - Business losses and additional expenses on generators,High - Disrupting business operations and daily activities,Disgust,,,"['UP Electricity Regulatory Commission Guidelines', 'Power Distribution Policy']",2025-02-12 16:51:50.317,2025-02-05 00:00:00,2025-02-05 00:00:00,,,,,Medium - Increased generator usage causing pollution,cm725ev0n0023u6o4wb0z64ia,cm725dg0e0001u6h4by5yx0yk,cm725ev1e0024u6o46ndn9p6g
cm725ev4r0028u6o4jsuiseyv,Garbage Issue in Faizabad,"Our locality is always surrounded by garbage, and it’s never cleared on time. It’s an eyesore, and the authorities need to take immediate action to improve sanitation.",Garbage,Sanitation,Waste Management,24,Closed,High,MEDIUM,false,Medium - Increased healthcare costs due to diseases,High - Affecting public health and hygiene,Anger,,,"['Municipal Solid Waste Management Rules', 'Public Health Act']",2025-02-12 16:51:50.428,2025-02-05 00:00:00,2025-02-05 00:00:00,,,,,High - Pollution and contamination of local environment,cm725ev3p0026u6o4e1wvi4g8,cm725dg1z0002u6h4amagnkym,cm725ev4i0027u6o40s7um8u2
cm725ev7l002bu6o481zq24or,Roads Issue in Amethi,"The roads are full of potholes, and there is no maintenance. We’ve reported this multiple times, but nothing has been done to resolve the issue.",Roads,Infrastructure,Road Maintenance,23,In Progress,High,MEDIUM,false,Medium - Vehicle repair costs and delays,High - Increased accidents and injuries,Disappointment,,,"['Public Works Department Guidelines', 'Road Safety Act']",2025-02-12 16:51:50.529,2025-02-05 00:00:00,2025-02-05 00:00:00,,,,,Low - Minor impact on local environment,cm725ev6m0029u6o4qdscphyp,cm725dg3k0003u6h4e8f3kb9h,cm725ev74002au6o4mrqogoor
cm725evas002eu6o4bof8tt08,Public Transport Issue in Pilibhit,"There is no proper schedule for public buses, and they are often delayed or canceled. This has made commuting extremely difficult for daily travelers.",Public Transport,Transport,Public Transport,29,Open,Medium,MEDIUM,false,Medium - Increased expenses on alternative transport,High - Affecting daily commute and productivity,Frustration,,,"['Public Transport Regulations', 'Urban Transport Policy']",2025-02-12 16:51:50.644,2025-02-05 00:00:00,2025-02-05 00:00:00,,,,,Low - Minor impact on local environment,cm725ev9o002cu6o4vo32qp63,cm725dg560004u6h4g36ue2gh,cm725evad002du6o4jv2m4bsk
cm725eve5002hu6o4x2oynf9y,Health Services Issue in Lucknow,"The government hospitals in Lucknow are overcrowded, and the waiting time is excessive. Even basic medical care is hard to access due to the overwhelming number of patients.",Health Services,Healthcare,Hospital Management,28,In Progress,High,MEDIUM,false,Medium - Increased healthcare costs,High - Affecting public health and well-being,Concern,,,"['Public Health Act', 'Hospital Management Guidelines']",2025-02-12 16:51:50.765,2025-02-05 00:00:00,2025-02-05 00:00:00,,,,,Low - Minor impact on local environment,cm725evd4002fu6o4za7za40t,cm725dg6o0005u6h4jkjbkawz,cm725evdm002gu6o4pqiyjr53
cm725evh6002ku6o49qtw4u3y,Water Supply Issue in Gonda,"The water supply in our locality is irregular. It sometimes takes days for the supply to be restored, making it extremely difficult to manage daily household chores.",Water Supply,Infrastructure,Water Distribution,21,Closed,High,MEDIUM,false,Medium - Families spending extra money on private water tankers,High - Affecting daily lives of hundreds of families in the area,Frustration,,,"['UP Jal Nigam Regulations', 'Water Supply Management Act']",2025-02-12 16:51:50.874,2025-02-05 00:00:00,2025-02-05 00:00:00,,,,,Low - Minor impact on local vegetation,cm725evg6002iu6o4g8m3pf7v,cm725dfx50000u6h4y67rc83j,cm725evgo002ju6o4eu20br71
cm725evjx002nu6o4caq6s0qm,Electricity Issue in Lalitpur,"The electricity supply in our town is unreliable. Power cuts happen multiple times a day, and we don't get proper updates on when the supply will be restored.",Electricity,Utilities,Power Distribution,11,In Progress,High,MEDIUM,false,High - Business losses and additional expenses on generators,High - Disrupting business operations and daily activities,Irritation,,,"['UP Electricity Regulatory Commission Guidelines', 'Power Distribution Policy']",2025-02-12 16:51:50.974,2025-02-05 00:00:00,2025-02-05 00:00:00,,,,,Medium - Increased generator usage causing pollution,cm725evj6002lu6o49iwg8kf9,cm725dg0e0001u6h4by5yx0yk,cm725evjo002mu6o4awf4mqdu
cm725evn9002pu6o4r467fui1,Utilities Issue in Lucknow,Water supply in my area is irregular. Sometimes it’s unavailable for days. It’s really inconvenient!,,Utilities,Water Distribution,17,Closed,High,MEDIUM,false,Additional water procurement costs,Disruption of daily life and hygiene,Frustrated,,,UP Water Supply Act 2019,2025-02-12 16:51:51.093,2025-02-05 00:00:00,2025-02-05 00:00:00,,,,,Water wastage and contamination,cm725et130009u6o45e2rnkk7,cm725dgaz0008u6h4o1r9mtq7,cm725evmu002ou6o4vxnvdhcr
cm725evq8002su6o453wo1mpc,Infrastructure Issue in Agra,"The roads in my locality are in pathetic condition, full of potholes. It's very risky to drive!",,Infrastructure,Road Maintenance,27,In Progress,High,MEDIUM,false,Vehicle repair costs,Increased accidents and injuries,Annoyed,,,UP Road Maintenance Act 2017,2025-02-12 16:51:51.2,2025-02-05 00:00:00,2025-02-05 00:00:00,,,,,Air pollution due to traffic congestion,cm725evpg002qu6o4hc2jgjoi,cm725dg3k0003u6h4e8f3kb9h,cm725evpz002ru6o4eec7bdpz
cm725evu9002vu6o40onlhj9u,Utilities Issue in Varanasi,Frequent power cuts in my area are causing problems for daily life. I can’t even use the fan in this heat!,,Utilities,Power Distribution,11,Closed,High,MEDIUM,false,Increased electricity costs,Disruption of daily activities,Angry,,,UP Electricity Act 2017,2025-02-12 16:51:51.345,2025-02-05 00:00:00,2025-02-05 00:00:00,,,,,Increased generator usage causing pollution,cm725evst002tu6o4nf43xk4o,cm725dgc70009u6h4pqcjyeb5,cm725evtn002uu6o421mzbyt2
cm725evxf002yu6o4fz5u84lw,Sanitation Issue in Meerut,"The garbage collection is not regular, and there’s waste piling up on the streets.",,Sanitation,Garbage Collection,20,In Progress,High,MEDIUM,false,Increased healthcare costs,Health hazards and unhygienic conditions,Disappointed,,,UP Sanitation Act 2018,2025-02-12 16:51:51.46,2025-02-05 00:00:00,2025-02-05 00:00:00,,,,,Pollution and contamination,cm725evw5002wu6o43b5fm6ew,cm725dgdh000au6h4fagm9twc,cm725evwm002xu6o46lzaiow3
cm725ew0w0031u6o4csbq843h,Law Enforcement Issue in Aligarh,"The local police are very rude and unhelpful. I tried to file a complaint, but they just ignored me.",,Law Enforcement,Police Services,20,Open,High,MEDIUM,false,Loss of time and resources in following up complaints,Decreased public trust in law enforcement,Helpless,,,UP Police Modernization Act 2021,2025-02-12 16:51:51.584,2025-02-05 00:00:00,2025-02-05 00:00:00,,,,,None,cm725evzs002zu6o44lku9id0,cm725dgfe000bu6h40byv631f,cm725ew090030u6o4vylnf9pw
cm725ew4f0034u6o4d8r2py39,Transportation Issue in Kanpur,"Buses are overcrowded, and there is no proper schedule. It’s hard to get to work on time!",,Transportation,Bus Services,25,Closed,Medium,MEDIUM,false,Loss of productivity,Inconvenience for daily commuters,Frustrated,,,UP Public Transport Act 2018,2025-02-12 16:51:51.711,2025-02-05 00:00:00,2025-02-05 00:00:00,,,,,Increased pollution due to private vehicle usage,cm725ew320032u6o49c684bo2,cm725dggi000cu6h4gbmwutvf,cm725ew430033u6o4xy18cl7b
cm725ew7l0037u6o4by9f19ak,Transportation Issue in Noida,"Every day, the traffic jam is a nightmare. It takes hours just to move a few kilometers.",,Transportation,Traffic Management,25,In Progress,Medium,MEDIUM,false,Loss of productivity,Inconvenience for daily commuters,Irritated,,,UP Traffic Management Act 2016,2025-02-12 16:51:51.825,2025-02-05 00:00:00,2025-02-05 00:00:00,,,,,Increased pollution due to traffic congestion,cm725ew6k0035u6o4fk3g33at,cm725dghl000du6h43wv647un,cm725ew7a0036u6o4sovsyt5f
cm725ewbm003au6o43hjlgc65,Governance Issue in Gorakhpur,I had to pay bribes just to get a simple government document. It’s really demoralizing.,,Governance,Corruption Control,5,Open,High,MEDIUM,false,Increased costs due to bribery,Decreased public trust in government services,Helpless,,,UP Anti-Corruption Act 2018,2025-02-12 16:51:51.971,2025-02-05 00:00:00,2025-02-05 00:00:00,,,,,None,cm725ewau0038u6o4lgbteg7y,cm725dgiu000eu6h40hxar6vi,cm725ewbd0039u6o4rbwph4er
cm725ewej003du6o4koe87k92,Healthcare Issue in Jhansi,The public healthcare facilities are overcrowded and lack basic equipment. It’s tough for a common man to get proper treatment.,,Healthcare,Public Health,9,Closed,High,MEDIUM,false,Increased medical expenses,Poor health outcomes,Concerned,,,UP Health Services Act 2015,2025-02-12 16:51:52.076,2025-02-05 00:00:00,2025-02-05 00:00:00,,,,,None,cm725ewdo003bu6o4erundia4,cm725dg6o0005u6h4jkjbkawz,cm725eweb003cu6o40tyhcdsr
cm725ewhf003gu6o4smejwg2n,Education Issue in Bareilly,The quality of education in government schools is very poor. My child is not learning anything useful.,,Education,School Curriculum,20,Closed,High,MEDIUM,false,Increased private tuition costs,Poor educational outcomes,Angry,,,UP Education Act 2014,2025-02-12 16:51:52.179,2025-02-05 00:00:00,2025-02-05 00:00:00,,,,,None,cm725ewgk003eu6o4z9uke50f,cm725dg9j0007u6h4tzh2udh2,cm725ewh3003fu6o4fnfqvcnt
cm725ewkd003ju6o4pty86iv4,Infrastructure Issue in Allahabad,"After even a small rain, the streets get flooded. It’s very difficult to move around!",,Infrastructure,Urban Development,19,In Progress,High,MEDIUM,false,Increased repair costs,Inconvenience for residents,Frustrated,,,UP Infrastructure Development Act 2016,2025-02-12 16:51:52.286,2025-02-05 00:00:00,2025-02-05 00:00:00,,,,,Flooding and water damage,cm725ewjf003hu6o48ei1tqsf,cm725dgk6000fu6h4bwj5qyj4,cm725ewk4003iu6o4rua1wlpy
cm725ewn8003mu6o4cg0nnmr1,Sanitation Issue in Lucknow,The public toilets in our area are unhygienic and stink. It’s embarrassing to even use them.,,Sanitation,Public Amenities,25,Closed,High,MEDIUM,false,Increased healthcare costs,Health hazards and unhygienic conditions,Embarrassed,,,UP Sanitation Act 2018,2025-02-12 16:51:52.388,2025-02-05 00:00:00,2025-02-05 00:00:00,,,,,Pollution and contamination,cm725ewmd003ku6o4kjxgsmsz,cm725dgdh000au6h4fagm9twc,cm725ewmy003lu6o4j5jiahdj
cm725ewpt003pu6o4tnrqkpj1,Utilities Issue in Ghaziabad,The water supply in my area is contaminated with impurities. It’s unsafe to drink the water here.,,Utilities,Water Quality,9,Closed,High,MEDIUM,false,Increased healthcare costs,Health hazards and risk of diseases,Irritated,,,UP Water Quality Act 2019,2025-02-12 16:51:52.482,2025-02-05 00:00:00,2025-02-05 00:00:00,,,,,Water contamination,cm725ewp6003nu6o4s77lym5c,cm725dgli000gu6h4ldtj08z8,cm725ewpl003ou6o440jx6quj
cm725ewtj003su6o4g4npk6mr,Infrastructure Issue in Aligarh,The roads are so narrow and full of traffic. I can't even walk properly without fear of getting hit by a vehicle.,,Infrastructure,Road Maintenance,4,In Progress,High,MEDIUM,false,Vehicle repair costs,Increased accidents and injuries,Frustrated,,,UP Road Maintenance Act 2017,2025-02-12 16:51:52.615,2025-02-05 00:00:00,2025-02-05 00:00:00,,,,,Air pollution due to traffic congestion,cm725ewsk003qu6o4afkqdt79,cm725dg3k0003u6h4e8f3kb9h,cm725ewt5003ru6o4ae611stc
cm725ewwo003vu6o4cysjdq27,Law Enforcement Issue in Moradabad,I had to give money to get my work done in the office. This corruption is everywhere!,,Law Enforcement,Police Services,27,Closed,High,MEDIUM,false,Loss of time and resources in following up complaints,Decreased public trust in law enforcement,Angry,,,UP Police Modernization Act 2021,2025-02-12 16:51:52.728,2025-02-05 00:00:00,2025-02-05 00:00:00,,,,,None,cm725ewvu003tu6o4p79qvth8,cm725dgfe000bu6h40byv631f,cm725ewwa003uu6o4mty529ox
cm725ewzo003yu6o429swgpac,Transportation Issue in Agra,"The local trains are always late, and when they do arrive, they’re overcrowded. It’s a daily struggle.",,Transportation,Bus Services,28,Open,Medium,MEDIUM,false,Loss of productivity,Inconvenience for daily commuters,Annoyed,,,UP Public Transport Act 2018,2025-02-12 16:51:52.836,2025-02-05 00:00:00,2025-02-05 00:00:00,,,,,Increased pollution due to private vehicle usage,cm725ewys003wu6o4dgumsjul,cm725dggi000cu6h4gbmwutvf,cm725ewzb003xu6o4wcfxw7jm
cm725ex2s0041u6o4kw20w50j,Law Enforcement Issue in Varanasi,The government hospitals don’t have enough staff or medicine. People have to wait for hours just to get a prescription.,,Law Enforcement,Crime Control,17,Open,High,MEDIUM,false,Loss of business due to crime,Increased fear and insecurity among residents,Disappointed,,,UP Police Act 2018,2025-02-12 16:51:52.949,2025-02-05 00:00:00,2025-02-05 00:00:00,,,,,None,cm725ex1z003zu6o4bom9um4o,cm725dg830006u6h44jyrjmcn,cm725ex2f0040u6o4fma0mzlt
cm725ex5g0044u6o4l5otwi17,Utilities Issue in Kanpur,"Power outages are frequent in our area, and when the electricity comes back, it often causes voltage issues.",,Utilities,Power Distribution,3,In Progress,High,MEDIUM,false,Increased electricity costs,Disruption of daily activities,Frustrated,,,UP Electricity Act 2017,2025-02-12 16:51:53.044,2025-02-05 00:00:00,2025-02-05 00:00:00,,,,,Increased generator usage causing pollution,cm725ex4i0042u6o4yx7qr9hg,cm725dgc70009u6h4pqcjyeb5,cm725ex570043u6o4f2smhoez
cm725ex8l0047u6o4n4p9tmyk,Sanitation Issue in Noida,There are reports of increasing thefts in our locality. It feels unsafe to even step out of the house after dark.,,Sanitation,Garbage Collection,22,In Progress,High,MEDIUM,false,Increased healthcare costs,Health hazards and unhygienic conditions,Fearful,,,UP Sanitation Act 2018,2025-02-12 16:51:53.158,2025-02-05 00:00:00,2025-02-05 00:00:00,,,,,Pollution and contamination,cm725ex7m0045u6o4zoo0vyzb,cm725dgdh000au6h4fagm9twc,cm725ex8d0046u6o4ct0q9c9k
cm725exc8004au6o4psvevsxz,Sanitation Issue in Meerut,The garbage collection trucks don't come on time. The garbage piles up on the streets and creates a bad smell.,,Sanitation,Garbage Collection,3,Closed,High,MEDIUM,false,Increased healthcare costs,Health hazards and unhygienic conditions,Annoyed,,,UP Sanitation Act 2018,2025-02-12 16:51:53.288,2025-02-05 00:00:00,2025-02-05 00:00:00,,,,,Pollution and contamination,cm725exbc0048u6o4sxwo4k2h,cm725dgdh000au6h4fagm9twc,cm725exbu0049u6o409fmjb30
cm725exex004du6o4i8ivif68,Utilities Issue in लखनऊ,हमारे क्षेत्र में पानी की सप्लाई बहुत अनियमित है। कभी-कभी कई दिनों तक पानी नहीं आता है। यह बहुत परेशानी का कारण बनता है।,,Utilities,Water Distribution,17,In Progress,High,MEDIUM,false,Additional water procurement costs,Disruption of daily life and hygiene,नाराज,,,UP Water Supply Act 2019,2025-02-12 16:51:53.386,2025-02-05 00:00:00,2025-02-05 00:00:00,,,,,Water wastage and contamination,cm725exe6004bu6o4x7lu9l94,cm725dgaz0008u6h4o1r9mtq7,cm725exem004cu6o4tvz8c6nu
cm725exhy004gu6o4bdnrid0s,Infrastructure Issue in आगरा,"हमारी सड़कों की हालत बहुत खराब है, हर जगह गड्ढे हैं। गाड़ी चलाना बहुत खतरनाक हो गया है!",,Infrastructure,Road Maintenance,6,Open,High,MEDIUM,false,Vehicle repair costs,Increased accidents and injuries,गुस्सा,,,UP Road Maintenance Act 2017,2025-02-12 16:51:53.494,2025-02-05 00:00:00,2025-02-05 00:00:00,,,,,Air pollution due to traffic congestion,cm725exh1004eu6o4irurlwiz,cm725dg3k0003u6h4e8f3kb9h,cm725exhi004fu6o4lhnmi51i
cm725exkt004ju6o4qhf3v44p,Utilities Issue in वाराणसी,हमारे क्षेत्र में बिजली कटौती बहुत बार होती है। इस गर्मी में पंखा तक नहीं चलता!,,Utilities,Power Distribution,30,In Progress,High,MEDIUM,false,Increased electricity costs,Disruption of daily activities,असंतुष्ट,,,UP Electricity Act 2017,2025-02-12 16:51:53.597,2025-02-05 00:00:00,2025-02-05 00:00:00,,,,,Increased generator usage causing pollution,cm725exk3004hu6o4gjbicol6,cm725dgc70009u6h4pqcjyeb5,cm725exkk004iu6o4cv9uc8gf
cm725exo1004mu6o49tamkysn,Sanitation Issue in मेरठ,"कचरा उठाने का काम नियमित नहीं होता है, और सड़कों पर कचरा पड़ा रहता है। इससे बुरी गंध फैलती है।",,Sanitation,Garbage Collection,18,Open,High,MEDIUM,false,Increased healthcare costs,Health hazards and unhygienic conditions,निराश,,,UP Sanitation Act 2018,2025-02-12 16:51:53.713,2025-02-05 00:00:00,2025-02-05 00:00:00,,,,,Pollution and contamination,cm725exna004ku6o4kddz4kp4,cm725dgdh000au6h4fagm9twc,cm725exns004lu6o4psapuen4
cm725exr6004pu6o44u5y0maq,Law Enforcement Issue in अलीगढ़,"स्थानीय पुलिस से शिकायत करने गया था, लेकिन वे मेरी मदद करने के बजाय मुझे डांटते रहे।",,Law Enforcement,Police Services,9,In Progress,High,MEDIUM,false,Loss of time and resources in following up complaints,Decreased public trust in law enforcement,निराश,,,UP Police Modernization Act 2021,2025-02-12 16:51:53.827,2025-02-05 00:00:00,2025-02-05 00:00:00,,,,,None,cm725exqe004nu6o4kjtiia7p,cm725dgfe000bu6h40byv631f,cm725exqv004ou6o4u4a04u0i
cm725exve004su6o487mxl1uk,Transportation Issue in कानपुर,"हमारी बसों में बहुत भीड़ होती है, और कभी-कभी तो बसें आती ही नहीं। ऑफिस जाने के लिए समय पर पहुंचना मुश्किल हो जाता है।",,Transportation,Bus Services,25,Closed,Medium,MEDIUM,false,Loss of productivity,Inconvenience for daily commuters,निराश,,,UP Public Transport Act 2018,2025-02-12 16:51:53.979,2025-02-05 00:00:00,2025-02-05 00:00:00,,,,,Increased pollution due to private vehicle usage,cm725exts004qu6o4xukjocxr,cm725dggi000cu6h4gbmwutvf,cm725exv3004ru6o4m0fz6mfm
cm725exyt004vu6o4rgg4d0s0,Transportation Issue in नोएडा,हर दिन ट्रैफिक जाम में फंसना एक बड़ी समस्या बन गया है। घंटों गाड़ी में फंसा रहता हूं।,,Transportation,Traffic Management,27,Closed,Medium,MEDIUM,false,Loss of productivity,Inconvenience for daily commuters,चिढ़ा हुआ,,,UP Traffic Management Act 2016,2025-02-12 16:51:54.102,2025-02-05 00:00:00,2025-02-05 00:00:00,,,,,Increased pollution due to traffic congestion,cm725exxq004tu6o4qirbjutw,cm725dghl000du6h43wv647un,cm725exyj004uu6o4h3fq7gh8
cm725ey1s004yu6o4ulst6tcu,Governance Issue in गोरखपुर,सरकारी दफ्तरों में काम कराने के लिए रिश्वत देनी पड़ती है। यह सब बहुत demoralizing हो गया है।,,Governance,Corruption Control,26,Open,High,MEDIUM,false,Increased costs due to bribery,Decreased public trust in government services,निराश,,,UP Anti-Corruption Act 2018,2025-02-12 16:51:54.209,2025-02-05 00:00:00,2025-02-05 00:00:00,,,,,None,cm725ey12004wu6o4t99i7su8,cm725dgiu000eu6h40hxar6vi,cm725ey1k004xu6o4n9mx28lk
cm725ey5n0051u6o48eowus57,Healthcare Issue in झांसी,सरकारी अस्पतालों में इलाज की सुविधा बहुत कम है। डॉक्टर और दवाइयां भी उपलब्ध नहीं हैं।,,Healthcare,Public Health,18,In Progress,High,MEDIUM,false,Increased medical expenses,Poor health outcomes,चिंतित,,,UP Health Services Act 2015,2025-02-12 16:51:54.347,2025-02-05 00:00:00,2025-02-05 00:00:00,,,,,None,cm725ey4c004zu6o4in8ji3mu,cm725dg6o0005u6h4jkjbkawz,cm725ey4u0050u6o46b06byop
cm725ey870054u6o4g4z8zu3i,Education Issue in बरेली,हमारे सरकारी स्कूलों में शिक्षा का स्तर बहुत खराब है। बच्चों को कुछ भी सीखने को नहीं मिलता।,,Education,School Curriculum,29,Closed,High,MEDIUM,false,Increased private tuition costs,Poor educational outcomes,गुस्सा,,,UP Education Act 2014,2025-02-12 16:51:54.439,2025-02-05 00:00:00,2025-02-05 00:00:00,,,,,None,cm725ey7h0052u6o4xubnbtps,cm725dg9j0007u6h4tzh2udh2,cm725ey7x0053u6o41gabh2wv
cm725eybm0057u6o47e5eo1h8,Garbage Issue in Etawah,"The garbage in our locality has been accumulating for days, and no one is coming to clean it. It’s becoming a serious health hazard, attracting flies and other pests.",Garbage,Sanitation,Garbage Collection,26,Closed,High,MEDIUM,false,Increased healthcare costs,Health hazards and unhygienic conditions,Disgust,,,UP Sanitation Act 2018,2025-02-12 16:51:54.562,2025-02-05 00:00:00,2025-02-05 00:00:00,,,,,Pollution and pest infestation,cm725eya10055u6o49m2dosn8,cm725dgdh000au6h4fagm9twc,cm725eyb20056u6o49916xd2n
cm725eyfl005au6o4psrhbmb5,Roads Issue in Siddharthnagar,"The roads in our area are riddled with potholes, and the authorities have ignored the problem. It’s dangerous for both pedestrians and drivers.",Roads,Infrastructure,Road Maintenance,13,Closed,High,MEDIUM,false,Vehicle repair costs,Increased accidents and injuries,Anger,,,UP Road Maintenance Act 2017,2025-02-12 16:51:54.705,2025-02-05 00:00:00,2025-02-05 00:00:00,,,,,Air pollution due to traffic congestion,cm725eydr0058u6o4i4b6qs81,cm725dg3k0003u6h4e8f3kb9h,cm725eyej0059u6o4x119hpbv
cm725eyj2005du6o4sb2gzuoq,Public Transport Issue in Maharajganj,"The buses in our city are old, uncomfortable, and overcrowded. We often have to wait for long hours to get a seat, especially during peak hours.",Public Transport,Transportation,Bus Services,22,Open,Medium,MEDIUM,false,Loss of productivity,Inconvenience for daily commuters,Frustration,,,UP Public Transport Act 2018,2025-02-12 16:51:54.83,2025-02-05 00:00:00,2025-02-05 00:00:00,,,,,Increased pollution due to private vehicle usage,cm725eyhw005bu6o4nr5y9j2x,cm725dggi000cu6h4gbmwutvf,cm725eyik005cu6o4qpq6zfbf
cm725eylp005fu6o409zeglr2,Health Services Issue in Kanpur Dehat,"The local health center is always understaffed, and patients have to wait for hours. The staff is overworked and doesn’t seem to care much about the patients' well-being.",Health Services,Healthcare,Public Health,22,Open,High,MEDIUM,false,Increased medical expenses,Poor health outcomes,Concern,,,UP Health Services Act 2015,2025-02-12 16:51:54.925,2025-02-05 00:00:00,2025-02-05 00:00:00,,,,,None,cm725ev3p0026u6o4e1wvi4g8,cm725dg6o0005u6h4jkjbkawz,cm725eylb005eu6o4yxtc0nog
cm725eyob005iu6o4fu0ny9e3,Police & Law Issue in Aligarh,"I have reported an ongoing theft issue in our area, but the police have not taken any serious action. The situation is getting worse, and I fear for my safety.",Police & Law,Law Enforcement,Crime Control,5,Open,High,MEDIUM,false,Loss of business due to crime,Increased fear and insecurity among residents,Anger,,,UP Police Act 2018,2025-02-12 16:51:55.019,2025-02-05 00:00:00,2025-02-05 00:00:00,,,,,None,cm725eynd005gu6o4resh0jrb,cm725dg830006u6h44jyrjmcn,cm725eynt005hu6o47cz66w1q
cm725eyr8005lu6o4mig3oeb6,Education Issue in Ghazipur,"Our local school has very few teachers, and the ones present are not qualified. The lack of proper facilities and resources is affecting the quality of education for students.",Education,Education,School Curriculum,25,Closed,High,MEDIUM,false,Increased private tuition costs,Poor educational outcomes,Concern,,,UP Education Act 2014,2025-02-12 16:51:55.124,2025-02-05 00:00:00,2025-02-05 00:00:00,,,,,None,cm725eyqe005ju6o4ade09dly,cm725dg9j0007u6h4tzh2udh2,cm725eyqz005ku6o4jyte72vv
cm725eywu005ou6o4z4pmclvh,Water Supply Issue in Mirzapur,"We are facing constant water supply disruptions, especially during the summer. It's very difficult for people to even access clean drinking water.",Water Supply,Utilities,Water Distribution,8,In Progress,High,MEDIUM,false,Additional water procurement costs,Disruption of daily life and hygiene,Disappointment,,,UP Water Supply Act 2019,2025-02-12 16:51:55.326,2025-02-05 00:00:00,2025-02-05 00:00:00,,,,,Water wastage and contamination,cm725eyuw005mu6o4jjky6ii7,cm725dgaz0008u6h4o1r9mtq7,cm725eywi005nu6o46ccxxtv2
cm725ez53005qu6o4h6dn2s3t,Electricity Issue in Bijnor,"We face frequent power cuts, and the authorities don’t provide any explanation or estimated time for the restoration of electricity. It’s incredibly inconvenient, especially during the night.",Electricity,Utilities,Power Distribution,17,Closed,High,MEDIUM,false,Increased electricity costs,Disruption of daily activities,Anger,,,UP Electricity Act 2017,2025-02-12 16:51:55.623,2025-02-05 00:00:00,2025-02-05 00:00:00,,,,,Increased generator usage causing pollution,cm725evst002tu6o4nf43xk4o,cm725dgc70009u6h4pqcjyeb5,cm725ez4k005pu6o40f07l05w
cm725ezcy005tu6o48rx2djdi,Garbage Issue in Jalaun,"There is always garbage piling up on the streets, and no one comes to collect it on time. The situation is unhygienic and is causing an unpleasant stench.",Garbage,Sanitation,Garbage Collection,13,In Progress,High,MEDIUM,false,Increased healthcare costs,Health hazards and unhygienic conditions,Disgust,,,UP Sanitation Act 2018,2025-02-12 16:51:55.906,2025-02-05 00:00:00,2025-02-05 00:00:00,,,,,Pollution and pest infestation,cm725ezao005ru6o4uc41b0o6,cm725dgdh000au6h4fagm9twc,cm725ezbh005su6o48vcfheko
cm725ezi5005wu6o4liqe7tfd,Roads Issue in Banda,"The roads in our area are in terrible condition. The potholes and uneven surfaces are damaging our vehicles, and the local authorities haven't done anything to fix it.",Roads,Infrastructure,Road Maintenance,9,Closed,High,MEDIUM,false,Vehicle repair costs,Increased accidents and injuries,Frustration,,,UP Road Maintenance Act 2017,2025-02-12 16:51:56.093,2025-02-05 00:00:00,2025-02-05 00:00:00,,,,,Air pollution due to traffic congestion,cm725ezgy005uu6o4lsw2iddh,cm725dg3k0003u6h4e8f3kb9h,cm725ezhp005vu6o4j904tsqb
cm725ezti005zu6o4am0f2iit,Public Transport Issue in Fatehpur,"The buses are often late, and there's no proper schedule. Sometimes, we have to wait for hours just to catch one bus, making it difficult to go about our daily activities.",Public Transport,Transportation,Bus Services,27,Open,Medium,MEDIUM,false,Loss of productivity,Inconvenience for daily commuters,Annoyance,,,UP Public Transport Act 2018,2025-02-12 16:51:56.502,2025-02-05 00:00:00,2025-02-05 00:00:00,,,,,Increased pollution due to private vehicle usage,cm725ezse005xu6o4emp28w7n,cm725dggi000cu6h4gbmwutvf,cm725ezt6005yu6o44q79tjbo
cm725ezzl0061u6o4y9prpdmk,Health Services Issue in Ballia,The local hospital is overcrowded and lacks necessary medical equipment. Many patients are turned away due to the hospital’s inability to handle the volume of people seeking care.,Health Services,Healthcare,Public Health,25,Closed,High,MEDIUM,false,Increased medical expenses,Poor health outcomes,Frustration,,,UP Health Services Act 2015,2025-02-12 16:51:56.722,2025-02-05 00:00:00,2025-02-05 00:00:00,,,,,None,cm725ev3p0026u6o4e1wvi4g8,cm725dg6o0005u6h4jkjbkawz,cm725ezz60060u6o4qechk43y
cm725f0520063u6o4euy0ps44,Police & Law Issue in Rampur,"I reported an incident of eve-teasing, but the police did nothing about it. The police need to be more responsive to crimes like this to make the city safer.",Police & Law,Law Enforcement,Crime Control,18,In Progress,High,MEDIUM,false,Loss of business due to crime,Increased fear and insecurity among residents,Anger,,,UP Police Act 2018,2025-02-12 16:51:56.919,2025-02-05 00:00:00,2025-02-05 00:00:00,,,,,None,cm725ev6m0029u6o4qdscphyp,cm725dg830006u6h44jyrjmcn,cm725f04f0062u6o4oxcx69oa
cm725f08m0065u6o42rsx8e7i,Education Issue in Basti,The lack of proper teaching staff and infrastructure in local schools is putting the future of students in jeopardy. Students are not being taught essential skills due to the shortage of teachers.,Education,Education,School Curriculum,23,Open,High,MEDIUM,false,Increased private tuition costs,Poor educational outcomes,Disappointment,,,UP Education Act 2014,2025-02-12 16:51:57.047,2025-02-05 00:00:00,2025-02-05 00:00:00,,,,,None,cm725et130009u6o45e2rnkk7,cm725dg9j0007u6h4tzh2udh2,cm725f0830064u6o4kt27u9s3
cm725f0e10068u6o4v7niwnax,Water Supply Issue in Muzaffarnagar,Our area receives water only for a couple of hours each day. The irregular supply is making it difficult to maintain basic hygiene and carry out essential tasks.,Water Supply,Utilities,Water Distribution,19,Open,High,MEDIUM,false,Additional water procurement costs,Disruption of daily life and hygiene,Frustration,,,UP Water Supply Act 2019,2025-02-12 16:51:57.241,2025-02-05 00:00:00,2025-02-05 00:00:00,,,,,Water wastage and contamination,cm725f0co0066u6o4d979697v,cm725dgaz0008u6h4o1r9mtq7,cm725f0dd0067u6o4c4irdeel
cm725f0hr006bu6o4zflgcl9o,Electricity Issue in Shravasti,"We face power outages almost every day. The electricity department doesn’t provide any warning, and this disruption is affecting our daily life and work.",Electricity,Utilities,Power Distribution,16,In Progress,High,MEDIUM,false,Increased electricity costs,Disruption of daily activities,Concern,,,UP Electricity Act 2017,2025-02-12 16:51:57.375,2025-02-05 00:00:00,2025-02-05 00:00:00,,,,,Increased generator usage causing pollution,cm725f0gs0069u6o40seb3ni7,cm725dgc70009u6h4pqcjyeb5,cm725f0he006au6o4vpivy0gj
cm725f0lw006du6o413oq4d26,Garbage Issue in Varanasi,"The garbage collection in our neighborhood is very inconsistent, and often, the bins are overflowing. This is creating health and environmental issues, which need immediate attention.",Garbage,Sanitation,Garbage Collection,5,Open,High,MEDIUM,false,Increased healthcare costs,Health hazards and unhygienic conditions,Frustration,,,UP Sanitation Act 2018,2025-02-12 16:51:57.524,2025-02-05 00:00:00,2025-02-05 00:00:00,,,,,Pollution and pest infestation,cm725etvx0013u6o4hrr48ohe,cm725dgdh000au6h4fagm9twc,cm725f0ln006cu6o4tai3al83
cm725f0q0006gu6o4ns2cezzy,Roads Issue in Saharanpur,"The roads are full of huge potholes and are not properly maintained. Many accidents have happened due to this, and the authorities are not taking any action.",Roads,Infrastructure,Road Maintenance,8,In Progress,High,MEDIUM,false,Vehicle repair costs,Increased accidents and injuries,Anger,,,UP Road Maintenance Act 2017,2025-02-12 16:51:57.672,2025-02-05 00:00:00,2025-02-05 00:00:00,,,,,Air pollution due to traffic congestion,cm725f0p4006eu6o47se6iide,cm725dg3k0003u6h4e8f3kb9h,cm725f0pp006fu6o493jnbrcx
cm725f0ta006iu6o4nc9xof71,Public Transport Issue in Muzaffarnagar,"The public buses are overcrowded, uncomfortable, and often delayed. There is no proper scheduling, making it difficult for commuters to rely on them.",Public Transport,Transportation,Bus Services,29,Closed,Medium,MEDIUM,false,Loss of productivity,Inconvenience for daily commuters,Irritation,,,UP Public Transport Act 2018,2025-02-12 16:51:57.79,2025-02-05 00:00:00,2025-02-05 00:00:00,,,,,Increased pollution due to private vehicle usage,cm725et4a000cu6o41zd7iqyb,cm725dggi000cu6h4gbmwutvf,cm725f0t0006hu6o4aim1znhr
cm725f0z8006lu6o4o2ry8j9v,Health Services Issue in Chandauli,The government health center in our area is poorly equipped and lacks essential medicines. We are often forced to travel long distances to receive proper medical care.,Health Services,Healthcare,Public Health,29,Closed,High,MEDIUM,false,Increased medical expenses,Poor health outcomes,Concern,,,UP Health Services Act 2015,2025-02-12 16:51:58.005,2025-02-05 00:00:00,2025-02-05 00:00:00,,,,,None,cm725f0xi006ju6o4lt8k68pp,cm725dg6o0005u6h4jkjbkawz,cm725f0yo006ku6o43vnm5m00
cm725f13k006nu6o4s1mb7zb0,Police & Law Issue in Etah,"The police are very slow to act in cases of property theft in our area. Despite repeated complaints, no proper investigation has been conducted.",Police & Law,Law Enforcement,Crime Control,14,Open,High,MEDIUM,false,Loss of business due to crime,Increased fear and insecurity among residents,Frustration,,,UP Police Act 2018,2025-02-12 16:51:58.16,2025-02-05 00:00:00,2025-02-05 00:00:00,,,,,None,cm725etmm000uu6o4ozfcze5n,cm725dg830006u6h44jyrjmcn,cm725f12v006mu6o4uw8x5v8q
cm725f16g006pu6o418xmj2yu,Education Issue in Ghaziabad,"The government-run schools are not providing a proper education. There’s a lack of qualified teachers, and the infrastructure is crumbling, affecting students' learning.",Education,Education,School Curriculum,3,Closed,High,MEDIUM,false,Increased private tuition costs,Poor educational outcomes,Concern,,,UP Education Act 2014,2025-02-12 16:51:58.264,2025-02-05 00:00:00,2025-02-05 00:00:00,,,,,None,cm725eyqe005ju6o4ade09dly,cm725dg9j0007u6h4tzh2udh2,cm725f164006ou6o42rsqqsah
cm725f19z006ru6o4fv54bid0,Water Supply Issue in Prayagraj,There has been no consistent water supply in our area for the past month. The municipal authorities have done nothing to resolve the issue.,Water Supply,Utilities,Water Distribution,3,Open,High,MEDIUM,false,Additional water procurement costs,Disruption of daily life and hygiene,Disappointment,,,UP Water Supply Act 2019,2025-02-12 16:51:58.391,2025-02-05 00:00:00,2025-02-05 00:00:00,,,,,Water wastage and contamination,cm725eyuw005mu6o4jjky6ii7,cm725dgaz0008u6h4o1r9mtq7,cm725f19p006qu6o4tq2togfh
cm725f1da006tu6o4xyjrp563,Electricity Issue in Jaunpur,"The frequent power cuts in our area are becoming unbearable. We have to rely on generators during the day, which is an added financial burden.",Electricity,Utilities,Power Distribution,17,In Progress,High,MEDIUM,false,Increased electricity costs,Disruption of daily activities,Anger,,,UP Electricity Act 2017,2025-02-12 16:51:58.51,2025-02-05 00:00:00,2025-02-05 00:00:00,,,,,Increased generator usage causing pollution,cm725evst002tu6o4nf43xk4o,cm725dgc70009u6h4pqcjyeb5,cm725f1cs006su6o42kbe7dge
cm725f1hg006vu6o4vt8t511o,Garbage Issue in Agra,"The garbage collection is delayed regularly, and waste is accumulating on the streets. This not only looks unsightly but is also causing a major hygiene problem.",Garbage,Sanitation,Garbage Collection,28,In Progress,High,MEDIUM,false,Increased healthcare costs,Health hazards and unhygienic conditions,Annoyance,,,UP Sanitation Act 2018,2025-02-12 16:51:58.66,2025-02-05 00:00:00,2025-02-05 00:00:00,,,,,Pollution and pest infestation,cm725ezao005ru6o4uc41b0o6,cm725dgdh000au6h4fagm9twc,cm725f1gz006uu6o4s6ajr0qh
cm725f1lo006xu6o4jk63w170,Roads Issue in Aligarh,"There are no proper roads in our locality, and the existing ones are full of potholes. This is causing constant accidents and delays in daily commutes.",Roads,Infrastructure,Road Maintenance,10,Closed,High,MEDIUM,false,Vehicle repair costs,Increased accidents and injuries,Frustration,,,UP Road Maintenance Act 2017,2025-02-12 16:51:58.812,2025-02-05 00:00:00,2025-02-05 00:00:00,,,,,Air pollution due to traffic congestion,cm725evg6002iu6o4g8m3pf7v,cm725dg3k0003u6h4e8f3kb9h,cm725f1le006wu6o431vbc4zz
cm725f1or006zu6o4kdowir9s,Public Transport Issue in Sitapur,"The local bus service is unreliable and has poor maintenance. The buses break down frequently, and passengers are left stranded for hours.",Public Transport,Transportation,Bus Services,23,Closed,Medium,MEDIUM,false,Loss of productivity,Inconvenience for daily commuters,Frustration,,,UP Public Transport Act 2018,2025-02-12 16:51:58.923,2025-02-05 00:00:00,2025-02-05 00:00:00,,,,,Increased pollution due to private vehicle usage,cm725etsw0010u6o4wavwgh5c,cm725dggi000cu6h4gbmwutvf,cm725f1ob006yu6o4co1xgt9j
cm725f1sg0071u6o4tsl5buzp,Health Services Issue in Fatehpur,"The local health center does not have the necessary medical supplies, and the staff are often unavailable. This is a serious issue for people seeking timely medical attention.",Health Services,Healthcare,Public Health,4,Open,High,MEDIUM,false,Increased medical expenses,Poor health outcomes,Concern,,,UP Health Services Act 2015,2025-02-12 16:51:59.056,2025-02-05 00:00:00,2025-02-05 00:00:00,,,,,None,cm725etvx0013u6o4hrr48ohe,cm725dg6o0005u6h4jkjbkawz,cm725f1s40070u6o4xccbnuy8
cm725f1wb0074u6o43bwhdan1,Infrastructure Issue in लखनऊ,"सड़कें पूरी तरह से टूट चुकी हैं, गड्ढे भरने का कोई इंतजाम नहीं है। बार-बार एक्सीडेंट हो रहे हैं।",Infrastructure,Infrastructure,Road Maintenance,2,Closed,High,MEDIUM,false,Vehicle repair costs,Increased accidents and injuries,Frustrated,,,UP Road Maintenance Act 2017,2025-02-12 16:51:59.195,2025-02-05 00:00:00,2025-02-05 00:00:00,,,,,Air pollution due to traffic congestion,cm725f1v50072u6o4nffiw8kr,cm725dg3k0003u6h4e8f3kb9h,cm725f1vp0073u6o49zkytsq7
cm725f21i0077u6o4e88d1xb3,Waste Management Issue in वाराणसी,"यहां की सफाई व्यवस्था बहुत खराब है, गली में हर जगह कचरा पड़ा रहता है।",Waste Management,Sanitation,Garbage Collection,8,Open,High,MEDIUM,false,Increased healthcare costs,Health hazards and unhygienic conditions,Annoyed,,,UP Sanitation Act 2018,2025-02-12 16:51:59.382,2025-02-05 00:00:00,2025-02-05 00:00:00,,,,,Pollution and pest infestation,cm725f1zs0075u6o4me8sxps3,cm725dgdh000au6h4fagm9twc,cm725f20j0076u6o4eqok4ive
cm725f25x007au6o4m1v2xr8j,Water Supply Issue in Gwalior,"We are facing water supply issues in our locality, and it's especially difficult during the summer months. Water tankers are the only option, and they don't arrive on time.",Water Supply,Utilities,Water Distribution,8,Open,High,MEDIUM,false,Additional water procurement costs,Disruption of daily life and hygiene,Frustration,,,UP Water Supply Act 2019,2025-02-12 16:51:59.541,2025-02-05 00:00:00,2025-02-05 00:00:00,,,,,Water wastage and contamination,cm725f2410078u6o4636uotuq,cm725dgaz0008u6h4o1r9mtq7,cm725f25o0079u6o45cfm95gv
cm725f28q007du6o4ycyl4ejf,Electricity Issue in Bhubaneswar,"We experience power cuts every night, with no advance notice from the authorities. It is affecting my family's daily routine, and the situation needs urgent attention.",Electricity,Utilities,Power Distribution,26,In Progress,High,MEDIUM,false,Increased electricity costs,Disruption of daily activities,Anger,,,UP Electricity Act 2017,2025-02-12 16:51:59.642,2025-02-05 00:00:00,2025-02-05 00:00:00,,,,,Increased generator usage causing pollution,cm725f27t007bu6o4icr6g4nt,cm725dgc70009u6h4pqcjyeb5,cm725f28h007cu6o4pirh1zi5
cm725f2dl007gu6o46lh6xbt7,Garbage Issue in Guwahati,"There's an issue with garbage collection in my area. Piles of waste are left unattended for days, creating an unhygienic environment. This is contributing to the spread of diseases.",Garbage,Sanitation,Garbage Collection,2,Open,High,MEDIUM,false,Increased healthcare costs,Health hazards and unhygienic conditions,Disgust,,,UP Sanitation Act 2018,2025-02-12 16:51:59.817,2025-02-05 00:00:00,2025-02-05 00:00:00,,,,,Pollution and pest infestation,cm725f2ck007eu6o44chhboqh,cm725dgdh000au6h4fagm9twc,cm725f2d3007fu6o4g5eofd11
cm725f2hy007ju6o4j00p2l8r,Roads Issue in Shillong,"The roads in our city are full of potholes, and during the monsoon, they become flooded. This makes commuting extremely difficult and unsafe, especially for two-wheeler riders.",Roads,Infrastructure,Road Maintenance,13,Open,High,MEDIUM,false,Vehicle repair costs,Increased accidents and injuries,Frustration,,,UP Road Maintenance Act 2017,2025-02-12 16:51:59.974,2025-02-05 00:00:00,2025-02-05 00:00:00,,,,,Air pollution due to traffic congestion,cm725f2h1007hu6o4nxs3b0q9,cm725dg3k0003u6h4e8f3kb9h,cm725f2hj007iu6o4swe7v4gh
cm725f2mr007mu6o4tlwaw4vv,Public Transport Issue in Coimbatore,"The public buses here are infrequent and always overcrowded. The routes and timings are not clear, making it difficult to plan daily activities.",Public Transport,Transportation,Bus Services,20,Open,Medium,MEDIUM,false,Loss of productivity,Inconvenience for daily commuters,Irritation,,,UP Public Transport Act 2018,2025-02-12 16:52:00.147,2025-02-05 00:00:00,2025-02-05 00:00:00,,,,,Increased pollution due to private vehicle usage,cm725f2lu007ku6o4c4kk3kvx,cm725dggi000cu6h4gbmwutvf,cm725f2md007lu6o4oqlcpi64
cm725f2r2007pu6o4ipj65nmj,Health Services Issue in Kochi,"The primary healthcare center in our area is severely underfunded and lacks basic facilities. The staff is overworked, and patients often have to wait for hours before receiving any attention.",Health Services,Healthcare,Public Health,6,Closed,High,MEDIUM,false,Increased medical expenses,Poor health outcomes,Concern,,,UP Health Services Act 2015,2025-02-12 16:52:00.302,2025-02-05 00:00:00,2025-02-05 00:00:00,,,,,None,cm725f2po007nu6o4fmamwpx8,cm725dg6o0005u6h4jkjbkawz,cm725f2qa007ou6o4vj73svub
cm725f2uy007su6o4zmqpzf4c,Police & Law Issue in Lucknow,"There is a rise in thefts in my locality, but the police are not responding quickly to complaints. The lack of visible policing is making the area feel unsafe.",Police & Law,Law Enforcement,Crime Control,7,In Progress,High,MEDIUM,false,Loss of business due to crime,Increased fear and insecurity among residents,Disappointment,,,UP Police Act 2018,2025-02-12 16:52:00.442,2025-02-05 00:00:00,2025-02-05 00:00:00,,,,,None,cm725f2tt007qu6o4bez55hkl,cm725dg830006u6h44jyrjmcn,cm725f2ue007ru6o4v91mxr3m
cm725f2yh007vu6o4tb2ftjmv,Education Issue in Patiala,"The government school near my house lacks basic infrastructure, and many classes are held without proper seating or functioning equipment. It's embarrassing to see the state of education for children here.",Education,Education,School Curriculum,16,Open,High,MEDIUM,false,Increased private tuition costs,Poor educational outcomes,Frustration,,,UP Education Act 2014,2025-02-12 16:52:00.569,2025-02-05 00:00:00,2025-02-05 00:00:00,,,,,None,cm725f2x3007tu6o4x07tr089,cm725dg9j0007u6h4tzh2udh2,cm725f2y5007uu6o4gmsvpcv4
cm725f31s007yu6o4q7x9ae3l,Water Supply Issue in Raipur,"We face water scarcity every summer. The municipality's water supply is erratic, and sometimes the water supply doesn't come for days.",Water Supply,Utilities,Water Distribution,13,Open,High,MEDIUM,false,Additional water procurement costs,Disruption of daily life and hygiene,Concern,,,UP Water Supply Act 2019,2025-02-12 16:52:00.689,2025-02-05 00:00:00,2025-02-05 00:00:00,,,,,Water wastage and contamination,cm725f30z007wu6o4890gzbkg,cm725dgaz0008u6h4o1r9mtq7,cm725f31g007xu6o41gbqplik
cm725f3600081u6o45e8bjrys,Electricity Issue in Udaipur,"Electricity cuts are frequent, especially during the afternoon. There is no official word or update, and we are left in the dark, unable to work or continue household chores.",Electricity,Utilities,Power Distribution,28,Closed,High,MEDIUM,false,Increased electricity costs,Disruption of daily activities,Anger,,,UP Electricity Act 2017,2025-02-12 16:52:00.84,2025-02-05 00:00:00,2025-02-05 00:00:00,,,,,Increased generator usage causing pollution,cm725f34x007zu6o4ttx7yg6i,cm725dgc70009u6h4pqcjyeb5,cm725f35p0080u6o41ph5mizs
cm725f39z0084u6o45dwh9sqi,Garbage Issue in Lucknow,"The garbage bins in my locality overflow frequently, and no one seems to care. The garbage collection team doesn't show up on time, and the smell is unbearable.",Garbage,Sanitation,Garbage Collection,10,Closed,High,MEDIUM,false,Increased healthcare costs,Health hazards and unhygienic conditions,Frustration,,,UP Sanitation Act 2018,2025-02-12 16:52:00.984,2025-02-05 00:00:00,2025-02-05 00:00:00,,,,,Pollution and pest infestation,cm725f38o0082u6o47edcxgkg,cm725dgdh000au6h4fagm9twc,cm725f39s0083u6o4b9mgonjs
cm725f3do0087u6o4v3gkgpez,Roads Issue in Kanpur,"Our streets are filled with potholes, and the roadwork has been going on for months. No clear timeline is given, and it's becoming difficult to navigate through the city.",Roads,Infrastructure,Road Maintenance,19,Closed,High,MEDIUM,false,Vehicle repair costs,Increased accidents and injuries,Disgust,,,UP Road Maintenance Act 2017,2025-02-12 16:52:01.117,2025-02-05 00:00:00,2025-02-05 00:00:00,,,,,Air pollution due to traffic congestion,cm725f3co0085u6o4bgbmheqj,cm725dg3k0003u6h4e8f3kb9h,cm725f3db0086u6o4ftme1j90
cm725f3h5008au6o455ehoy08,Public Transport Issue in Pune,"The trains here are overcrowded, and there is no cleanliness in the stations or compartments. The authorities need to improve the system to handle the growing population of commuters.",Public Transport,Transportation,Bus Services,22,In Progress,Medium,MEDIUM,false,Loss of productivity,Inconvenience for daily commuters,Frustration,,,UP Public Transport Act 2018,2025-02-12 16:52:01.241,2025-02-05 00:00:00,2025-02-05 00:00:00,,,,,Increased pollution due to private vehicle usage,cm725f3gc0088u6o448ixet8v,cm725dggi000cu6h4gbmwutvf,cm725f3gu0089u6o4vofhruv6
cm725f3ke008cu6o49naz5fvt,Health Services Issue in Agra,"The government-run hospitals in Agra are in poor condition. There are long waiting hours, and the staff lacks basic training. It's a health crisis in the making.",Health Services,Healthcare,Public Health,26,Open,High,MEDIUM,false,Increased medical expenses,Poor health outcomes,Concern,,,UP Health Services Act 2015,2025-02-12 16:52:01.358,2025-02-05 00:00:00,2025-02-05 00:00:00,,,,,None,cm725espe0000u6o40tsgshuf,cm725dg6o0005u6h4jkjbkawz,cm725f3k2008bu6o4tzumptz3
cm725f3o8008fu6o49izy5qxy,Water Supply Issue in Kanpur,पानी की सप्लाई बहुत ही खराब हो गई है। हमें हर दिन घंटों तक पानी नहीं मिलता और हमें मजबूरी में टैंकर से पानी खरीदना पड़ता है।,Water Supply,Utilities,Water Distribution,24,Closed,High,MEDIUM,false,Additional water procurement costs,Disruption of daily life and hygiene,Anger,,,UP Water Supply Act 2019,2025-02-12 16:52:01.496,2025-02-05 00:00:00,2025-02-05 00:00:00,,,,,Water wastage and contamination,cm725f3n1008du6o4f2tm09sb,cm725dgaz0008u6h4o1r9mtq7,cm725f3nx008eu6o4410lxtao
cm725f3s7008iu6o4fh8604zq,Electricity Issue in Varanasi,"बिजली की बार-बार कटौती से परेशान हूं। दिन में कई बार बिजली चली जाती है, और कोई जानकारी भी नहीं मिलती कि कब आ जाएगी।",Electricity,Utilities,Power Distribution,8,Open,High,MEDIUM,false,Increased electricity costs,Disruption of daily activities,Frustration,,,UP Electricity Act 2017,2025-02-12 16:52:01.639,2025-02-05 00:00:00,2025-02-05 00:00:00,,,,,Increased generator usage causing pollution,cm725f3qo008gu6o4k2jcomda,cm725dgc70009u6h4pqcjyeb5,cm725f3re008hu6o4o7dmglk0
cm725f3w3008lu6o4i6z3tc3d,Garbage Issue in Agra,"कूड़े का ढेर सड़कों पर पड़ा रहता है। सफाई व्यवस्था बहुत ही खराब है, और बदबू भी आती है।",Garbage,Sanitation,Garbage Collection,28,Closed,High,MEDIUM,false,Increased healthcare costs,Health hazards and unhygienic conditions,Disgust,,,UP Sanitation Act 2018,2025-02-12 16:52:01.779,2025-02-05 00:00:00,2025-02-05 00:00:00,,,,,Pollution and pest infestation,cm725f3ux008ju6o4shmi1x5q,cm725dgdh000au6h4fagm9twc,cm725f3vm008ku6o4xm53xl4a
cm725f3zx008ou6o4riyuatbh,Roads Issue in Gorakhpur,"सड़कों में बड़े-बड़े गड्ढे हो गए हैं, जिससे गाड़ियों की आवाजाही मुश्किल हो जाती है। यह कोई ध्यान नहीं देता।",Roads,Infrastructure,Road Maintenance,11,In Progress,High,MEDIUM,false,Vehicle repair costs,Increased accidents and injuries,Irritation,,,UP Road Maintenance Act 2017,2025-02-12 16:52:01.917,2025-02-05 00:00:00,2025-02-05 00:00:00,,,,,Air pollution due to traffic congestion,cm725f3yx008mu6o4mbfmhr0y,cm725dg3k0003u6h4e8f3kb9h,cm725f3zi008nu6o4hfykamc0
cm725f430008ru6o4veed8gcx,Public Transport Issue in Allahabad,बसों में भारी भीड़ होती है और कई बार समय पर बसें भी नहीं मिलतीं। यात्रा करना एक बड़ी समस्या बन गया है।,Public Transport,Transportation,Bus Services,10,Closed,Medium,MEDIUM,false,Loss of productivity,Inconvenience for daily commuters,Annoyance,,,UP Public Transport Act 2018,2025-02-12 16:52:02.028,2025-02-05 00:00:00,2025-02-05 00:00:00,,,,,Increased pollution due to private vehicle usage,cm725f41x008pu6o45ta7mw6i,cm725dggi000cu6h4gbmwutvf,cm725f42o008qu6o4ktqpuek4
cm725f47g008uu6o4qqnqf43i,Health Services Issue in Meerut,"सरकारी अस्पतालों में इलाज की सुविधाएं बहुत ही कम हैं। डॉ. भी बहुत कम समय के लिए आते हैं, जिससे इलाज में देरी होती है।",Health Services,Healthcare,Public Health,29,Open,High,MEDIUM,false,Increased medical expenses,Poor health outcomes,Helplessness,,,UP Health Services Act 2015,2025-02-12 16:52:02.188,2025-02-05 00:00:00,2025-02-05 00:00:00,,,,,None,cm725f46g008su6o4uwrwobrs,cm725dg6o0005u6h4jkjbkawz,cm725f476008tu6o4xqyjgmke
cm725f4b9008xu6o4rxz769j6,Police & Law Issue in Mathura,पुलिस का जवाब देने का तरीका बहुत ही धीमा है। कोई भी शिकायत दर्ज करने के लिए घंटों इंतजार करना पड़ता है।,Police & Law,Law Enforcement,Crime Control,16,In Progress,High,MEDIUM,false,Loss of business due to crime,Increased fear and insecurity among residents,Frustration,,,UP Police Act 2018,2025-02-12 16:52:02.326,2025-02-05 00:00:00,2025-02-05 00:00:00,,,,,None,cm725f4ag008vu6o48rmbcd50,cm725dg830006u6h44jyrjmcn,cm725f4b0008wu6o4wjkdztq6
cm725f4dx008zu6o4exnakuu0,Education Issue in Bareilly,स्कूलों में शिक्षक की कमी है और बुनियादी सुविधाएं भी नहीं हैं। बच्चों का भविष्य अंधेरे में है।,Education,Education,School Curriculum,3,Open,High,MEDIUM,false,Increased private tuition costs,Poor educational outcomes,Concern,,,UP Education Act 2014,2025-02-12 16:52:02.421,2025-02-05 00:00:00,2025-02-05 00:00:00,,,,,None,cm725et130009u6o45e2rnkk7,cm725dg9j0007u6h4tzh2udh2,cm725f4dg008yu6o45axruzh2
cm725f4i10092u6o4fmdp9wu6,Water Supply Issue in Lucknow,"पानी की सप्लाई अक्सर अवरुद्ध रहती है और सफाई की कमी भी है। नल में पानी नहीं आता, और टैंकर भी समय पर नहीं पहुँचते।",Water Supply,Utilities,Water Distribution,7,In Progress,High,MEDIUM,false,Additional water procurement costs,Disruption of daily life and hygiene,Disappointment,,,UP Water Supply Act 2019,2025-02-12 16:52:02.569,2025-02-05 00:00:00,2025-02-05 00:00:00,,,,,Water wastage and contamination,cm725f4gr0090u6o434u3i3np,cm725dgaz0008u6h4o1r9mtq7,cm725f4hm0091u6o4vtsm4gay
cm725f4lm0095u6o4dfy2xdfk,Electricity Issue in Faizabad,बार-बार बिजली की कटौती हो रही है। इस गर्मी में बिजली की समस्या बहुत बड़ी बन गई है।,Electricity,Utilities,Power Distribution,22,Closed,High,MEDIUM,false,Increased electricity costs,Disruption of daily activities,Anger,,,UP Electricity Act 2017,2025-02-12 16:52:02.698,2025-02-05 00:00:00,2025-02-05 00:00:00,,,,,Increased generator usage causing pollution,cm725f4ki0093u6o46usuq3ci,cm725dgc70009u6h4pqcjyeb5,cm725f4l60094u6o40u855ptu
cm725f4pm0097u6o4cgvlk10k,Garbage Issue in Aligarh,"कूड़ा हर जगह पड़ा रहता है। सफाई कर्मचारियों का ध्यान नहीं है, और कूड़ा हटाने के लिए कोई भी प्रयास नहीं हो रहे हैं।",Garbage,Sanitation,Garbage Collection,15,Closed,High,MEDIUM,false,Increased healthcare costs,Health hazards and unhygienic conditions,Frustration,,,UP Sanitation Act 2018,2025-02-12 16:52:02.843,2025-02-05 00:00:00,2025-02-05 00:00:00,,,,,Pollution and pest infestation,cm725euhj001lu6o47cg3cj43,cm725dgdh000au6h4fagm9twc,cm725f4p70096u6o4lhcj1rif
cm725f4tj0099u6o4qn4kv7iq,Roads Issue in Saharanpur,"सड़कें टूट चुकी हैं, और उन पर चलते हुए दुर्घटना होने का डर रहता है। अधिकारियों से कोई भी मदद नहीं मिलती।",Roads,Infrastructure,Road Maintenance,21,Open,High,MEDIUM,false,Vehicle repair costs,Increased accidents and injuries,Displeasure,,,UP Road Maintenance Act 2017,2025-02-12 16:52:02.983,2025-02-05 00:00:00,2025-02-05 00:00:00,,,,,Air pollution due to traffic congestion,cm725evst002tu6o4nf43xk4o,cm725dg3k0003u6h4e8f3kb9h,cm725f4sz0098u6o4xapykysv
cm725f4y3009cu6o4uvep64h5,Public Transport Issue in Moradabad,ट्रेनें देर से चलती हैं और कभी-कभी तो पूरी तरह से रद्द हो जाती हैं। यात्रियों को भारी परेशानी का सामना करना पड़ता है।,Public Transport,Transportation,Bus Services,5,In Progress,Medium,MEDIUM,false,Loss of productivity,Inconvenience for daily commuters,Exhaustion,,,UP Public Transport Act 2018,2025-02-12 16:52:03.148,2025-02-05 00:00:00,2025-02-05 00:00:00,,,,,Increased pollution due to private vehicle usage,cm725f4wr009au6o4wv71g3sj,cm725dggi000cu6h4gbmwutvf,cm725f4xn009bu6o4douv6iy3
cm725f52y009fu6o47gdj56pa,Health Services Issue in Agra,अस्पताल में भीड़ बहुत ज्यादा है और इलाज के लिए लंबी कतारें लगती हैं। समय पर इलाज नहीं मिल पाता।,Health Services,Healthcare,Public Health,13,Closed,High,MEDIUM,false,Increased medical expenses,Poor health outcomes,Disappointment,,,UP Health Services Act 2015,2025-02-12 16:52:03.322,2025-02-05 00:00:00,2025-02-05 00:00:00,,,,,None,cm725f51h009du6o459ulgp44,cm725dg6o0005u6h4jkjbkawz,cm725f52f009eu6o4kjnedx8x
cm725f56g009iu6o423sbyyii,Police & Law Issue in Jhansi,"पुलिस का रवैया बहुत ही ठंडा है। कोई भी समस्या हो, समाधान में समय लगता है और उचित कार्रवाई नहीं की जाती।",Police & Law,Law Enforcement,Crime Control,3,Open,High,MEDIUM,false,Loss of business due to crime,Increased fear and insecurity among residents,Anger,,,UP Police Act 2018,2025-02-12 16:52:03.448,2025-02-05 00:00:00,2025-02-05 00:00:00,,,,,None,cm725f55i009gu6o4s77mowir,cm725dg830006u6h44jyrjmcn,cm725f562009hu6o4ug09xswz
cm725f5a4009ku6o4nk8dkqke,Education Issue in Kanpur,स्कूलों में पढ़ाई का स्तर बहुत ही नीचे गिर चुका है। बच्चों को बुनियादी शिक्षा भी सही तरीके से नहीं मिल रही।,Education,Education,School Curriculum,24,Closed,High,MEDIUM,false,Increased private tuition costs,Poor educational outcomes,Concern,,,UP Education Act 2014,2025-02-12 16:52:03.58,2025-02-05 00:00:00,2025-02-05 00:00:00,,,,,None,cm725eyqe005ju6o4ade09dly,cm725dg9j0007u6h4tzh2udh2,cm725f59q009ju6o4j0r96b0c
cm725f5f8009nu6o4v6rhtxr3,Water Supply Issue in Agra,"पानी की सप्लाई बहुत ही अव्यवस्थित है। कभी पानी आता है, कभी नहीं आता। खासकर सुबह और शाम के समय।",Water Supply,Utilities,Water Distribution,8,Open,High,MEDIUM,false,Additional water procurement costs,Disruption of daily life and hygiene,Frustration,,,UP Water Supply Act 2019,2025-02-12 16:52:03.765,2025-02-05 00:00:00,2025-02-05 00:00:00,,,,,Water wastage and contamination,cm725f5dw009lu6o4h3jtobda,cm725dgaz0008u6h4o1r9mtq7,cm725f5et009mu6o4gx0v3ajt
cm725f5jb009qu6o4tkrlw0w7,Electricity Issue in Bijnor,"बिजली का भार बढ़ने के बाद भी सप्लाई उतनी ही रहती है, जिससे दिनभर परेशानियों का सामना करना पड़ता है।",Electricity,Utilities,Power Distribution,1,Open,High,MEDIUM,false,Increased electricity costs,Disruption of daily activities,Exhaustion,,,UP Electricity Act 2017,2025-02-12 16:52:03.911,2025-02-05 00:00:00,2025-02-05 00:00:00,,,,,Increased generator usage causing pollution,cm725f5i0009ou6o4g86w530y,cm725dgc70009u6h4pqcjyeb5,cm725f5iv009pu6o46q2d0y5g
cm725f5mk009su6o4xn6301e7,Roads Issue in Muzaffarnagar,सड़कों पर गड्ढे इतने बड़े हो गए हैं कि गाड़ी चलाना मुश्किल हो गया है। कोई भी काम नहीं हो रहा है।,Roads,Infrastructure,Road Maintenance,5,In Progress,High,MEDIUM,false,Vehicle repair costs,Increased accidents and injuries,Irritation,,,UP Road Maintenance Act 2017,2025-02-12 16:52:04.028,2025-02-05 00:00:00,2025-02-05 00:00:00,,,,,Air pollution due to traffic congestion,cm725eu6h001cu6o4vigm0y34,cm725dg3k0003u6h4e8f3kb9h,cm725f5m2009ru6o4fql27gut
cm725f5rg009vu6o4jsur3qqg,Public Transport Issue in Jhansi,"बसें बहुत ही कम संख्या में चलती हैं, और कभी-कभी तो घंटों इंतजार करने के बाद भी कोई बस नहीं आती।",Public Transport,Transportation,Bus Services,26,Closed,Medium,MEDIUM,false,Loss of productivity,Inconvenience for daily commuters,Annoyance,,,UP Public Transport Act 2018,2025-02-12 16:52:04.204,2025-02-05 00:00:00,2025-02-05 00:00:00,,,,,Increased pollution due to private vehicle usage,cm725f5pl009tu6o40edhczcn,cm725dggi000cu6h4gbmwutvf,cm725f5r4009uu6o4npzi8f4e
cm725f5vp009xu6o44mvedeet,Public Transport Issue in Mathura,"बसें बहुत कम आती हैं, और उन पर भारी भीड़ होती है। यात्रा करना बहुत मुश्किल हो गया है।",Public Transport,Transportation,Bus Services,24,Closed,Medium,MEDIUM,false,Loss of productivity,Inconvenience for daily commuters,Annoyance,,,UP Public Transport Act 2018,2025-02-12 16:52:04.358,2025-02-05 00:00:00,2025-02-05 00:00:00,,,,,Increased pollution due to private vehicle usage,cm725f34x007zu6o4ttx7yg6i,cm725dggi000cu6h4gbmwutvf,cm725f5vc009wu6o470bz26kr
cm725f60l009zu6o4tby6b6zz,Health Services Issue in Aligarh,सरकारी अस्पतालों में इलाज की सुविधाएं बिल्कुल भी ठीक नहीं हैं। मरीजों को बिना इलाज के ही वापस भेज दिया जाता है।,Health Services,Healthcare,Public Health,15,In Progress,High,MEDIUM,false,Increased medical expenses,Poor health outcomes,Frustration,,,UP Health Services Act 2015,2025-02-12 16:52:04.532,2025-02-05 00:00:00,2025-02-05 00:00:00,,,,,None,cm725f38o0082u6o47edcxgkg,cm725dg6o0005u6h4jkjbkawz,cm725f5zu009yu6o4fr4uwl5m
cm725f64m00a1u6o4i88ibll9,Police & Law Issue in Muzaffarnagar,पुलिस कार्यवाही में बहुत ही सुस्ती दिखाती है। अपराधियों के खिलाफ कोई कड़ी कार्रवाई नहीं होती।,Police & Law,Law Enforcement,Crime Control,11,In Progress,High,MEDIUM,false,Loss of business due to crime,Increased fear and insecurity among residents,Anger,,,UP Police Act 2018,2025-02-12 16:52:04.679,2025-02-05 00:00:00,2025-02-05 00:00:00,,,,,None,cm725f3co0085u6o4bgbmheqj,cm725dg830006u6h44jyrjmcn,cm725f64300a0u6o4ixhbj48o
cm725f68f00a4u6o41gvkwm14,Education Issue in Jhansi,स्कूलों में पढ़ाई का स्तर बहुत ही कम है। शिक्षक भी अपनी जिम्मेदारी से बचते हैं।,Education,Education,School Curriculum,12,Open,High,MEDIUM,false,Increased private tuition costs,Poor educational outcomes,Concern,,,UP Education Act 2014,2025-02-12 16:52:04.815,2025-02-05 00:00:00,2025-02-05 00:00:00,,,,,None,cm725f67200a2u6o4k78buxu5,cm725dg9j0007u6h4tzh2udh2,cm725f68500a3u6o4v10jxl0z
cm725f6ds00a6u6o4gzq33o0i,Water Supply Issue in Mathura,पानी की सप्लाई में गंदगी आती है। हम पानी पीने से पहले उसे छानने को मजबूर हैं।,Water Supply,Utilities,Water Distribution,30,Open,High,MEDIUM,false,Additional water procurement costs,Disruption of daily life and hygiene,Frustration,,,UP Water Supply Act 2019,2025-02-12 16:52:05.008,2025-02-05 00:00:00,2025-02-05 00:00:00,,,,,Water wastage and contamination,cm725espe0000u6o40tsgshuf,cm725dgaz0008u6h4o1r9mtq7,cm725f6ct00a5u6o4uidq0r8r
cm725f6i700a8u6o4fll80uos,Electricity Issue in Lucknow,"लगातार बिजली की कटौती हो रही है, खासकर गर्मियों में। इससे घर में बहुत परेशानी होती है।",Electricity,Utilities,Power Distribution,2,Open,High,MEDIUM,false,Increased electricity costs,Disruption of daily activities,Exhaustion,,,UP Electricity Act 2017,2025-02-12 16:52:05.167,2025-02-05 00:00:00,2025-02-05 00:00:00,,,,,Increased generator usage causing pollution,cm725eyqe005ju6o4ade09dly,cm725dgc70009u6h4pqcjyeb5,cm725f6hs00a7u6o4qacdj826
cm725f6n700aau6o4jgbs4tcf,Garbage Issue in Varanasi,कूड़ा सड़क पर पड़ा रहता है और सफाई कर्मचारी उसे उठाने के लिए कोई प्रयास नहीं करते।,Garbage,Sanitation,Garbage Collection,7,Open,High,MEDIUM,false,Increased healthcare costs,Health hazards and unhygienic conditions,Disgust,,,UP Sanitation Act 2018,2025-02-12 16:52:05.347,2025-02-05 00:00:00,2025-02-05 00:00:00,,,,,Pollution and pest infestation,cm725f5dw009lu6o4h3jtobda,cm725dgdh000au6h4fagm9twc,cm725f6mw00a9u6o4oywyahai
cm725f6rf00acu6o4010tum3t,Roads Issue in Meerut,"सड़कों पर गड्ढे हो गए हैं, जिससे यातायात बहुत प्रभावित हो रहा है। अधिकारियों को इस पर ध्यान देना चाहिए।",Roads,Infrastructure,Road Maintenance,6,Closed,High,MEDIUM,false,Vehicle repair costs,Increased accidents and injuries,Anger,,,UP Road Maintenance Act 2017,2025-02-12 16:52:05.499,2025-02-05 00:00:00,2025-02-05 00:00:00,,,,,Air pollution due to traffic congestion,cm725f3qo008gu6o4k2jcomda,cm725dg3k0003u6h4e8f3kb9h,cm725f6r200abu6o46k8b444d
cm725f6ut00aeu6o42v8dm7j2,Public Transport Issue in Kanpur,"सार्वजनिक परिवहन की सेवाएं बहुत ही कम हैं, और जो बसें चलती हैं, उनका समय पर आना असंभव हो जाता है।",Public Transport,Transportation,Bus Services,6,In Progress,Medium,MEDIUM,false,Loss of productivity,Inconvenience for daily commuters,Frustration,,,UP Public Transport Act 2018,2025-02-12 16:52:05.622,2025-02-05 00:00:00,2025-02-05 00:00:00,,,,,Increased pollution due to private vehicle usage,cm725f5pl009tu6o40edhczcn,cm725dggi000cu6h4gbmwutvf,cm725f6uj00adu6o4kzb1cbwz
cm725f6yt00agu6o49o62rhza,Health Services Issue in Agra,अस्पतालों में बहुत भीड़ रहती है। इलाज में समय लगता है और डॉक्टर भी जल्दी से नहीं आते।,Health Services,Healthcare,Public Health,5,In Progress,High,MEDIUM,false,Increased medical expenses,Poor health outcomes,Helplessness,,,UP Health Services Act 2015,2025-02-12 16:52:05.765,2025-02-05 00:00:00,2025-02-05 00:00:00,,,,,None,cm725ezao005ru6o4uc41b0o6,cm725dg6o0005u6h4jkjbkawz,cm725f6y500afu6o4rbkkq8s5
cm725f73300aju6o4ll066h73,Police & Law Issue in Bareilly,पुलिस शिकायतों को गंभीरता से नहीं लेती। कई बार तो शिकायत दर्ज कराने के बाद भी कोई कार्रवाई नहीं होती।,Police & Law,Law Enforcement,Crime Control,25,Closed,High,MEDIUM,false,Loss of business due to crime,Increased fear and insecurity among residents,Frustration,,,UP Police Act 2018,2025-02-12 16:52:05.919,2025-02-05 00:00:00,2025-02-05 00:00:00,,,,,None,cm725f71v00ahu6o46gi58jcf,cm725dg830006u6h44jyrjmcn,cm725f72j00aiu6o46dn448eb
cm725f77900amu6o4tac33zg6,Education Issue in Saharanpur,स्कूलों में बच्चों को बुनियादी शिक्षा भी नहीं दी जा रही है। शिक्षक की कमी भी है।,Education,Education,School Curriculum,28,Open,High,MEDIUM,false,Increased private tuition costs,Poor educational outcomes,Concern,,,UP Education Act 2014,2025-02-12 16:52:06.069,2025-02-05 00:00:00,2025-02-05 00:00:00,,,,,None,cm725f76900aku6o4l8t44bnc,cm725dg9j0007u6h4tzh2udh2,cm725f76x00alu6o45n5k7vl4
cm725f7bb00aou6o4ytnggf1x,Water Supply Issue in Bijnor,पानी की सप्लाई घंटों तक नहीं आती है। फिर पानी में गंदगी भी मिल जाती है।,Water Supply,Utilities,Water Distribution,24,Open,High,MEDIUM,false,Additional water procurement costs,Disruption of daily life and hygiene,Disappointment,,,UP Water Supply Act 2019,2025-02-12 16:52:06.215,2025-02-05 00:00:00,2025-02-05 00:00:00,,,,,Water wastage and contamination,cm725et130009u6o45e2rnkk7,cm725dgaz0008u6h4o1r9mtq7,cm725f7at00anu6o4uhrt4hfg
cm725f7fw00aqu6o4rttehzsz,Electricity Issue in Jhansi,बिजली की सप्लाई बहुत खराब है। घर में इलेक्ट्रॉनिक उपकरण भी बिना बिजली के काम नहीं कर पाते।,Electricity,Utilities,Power Distribution,19,In Progress,High,MEDIUM,false,Increased electricity costs,Disruption of daily activities,Exhaustion,,,UP Electricity Act 2017,2025-02-12 16:52:06.38,2025-02-05 00:00:00,2025-02-05 00:00:00,,,,,Increased generator usage causing pollution,cm725f3gc0088u6o448ixet8v,cm725dgc70009u6h4pqcjyeb5,cm725f7eq00apu6o4lrc2dkwl
cm725f7kj00asu6o4bwcuq4ij,Garbage Issue in Kanpur,कूड़ा हमेशा सड़कों पर पड़ा रहता है। सफाई कर्मचारियों को इस पर तुरंत ध्यान देना चाहिए।,Garbage,Sanitation,Garbage Collection,13,Closed,High,MEDIUM,false,Increased healthcare costs,Health hazards and unhygienic conditions,Disgust,,,UP Sanitation Act 2018,2025-02-12 16:52:06.548,2025-02-05 00:00:00,2025-02-05 00:00:00,,,,,Pollution and pest infestation,cm725espe0000u6o40tsgshuf,cm725dgdh000au6h4fagm9twc,cm725f7jg00aru6o4rduhm34e
cm725f7nv00auu6o4kd8cmusv,Roads Issue in Agra,सड़कों की स्थिति बहुत खराब हो गई है। गड्ढे भरने का काम कभी नहीं होता है।,Roads,Infrastructure,Road Maintenance,2,In Progress,High,MEDIUM,false,Vehicle repair costs,Increased accidents and injuries,Irritation,,,UP Road Maintenance Act 2017,2025-02-12 16:52:06.667,2025-02-05 00:00:00,2025-02-05 00:00:00,,,,,Air pollution due to traffic congestion,cm725f2tt007qu6o4bez55hkl,cm725dg3k0003u6h4e8f3kb9h,cm725f7n800atu6o4vlxd2u89
cm725f7ri00awu6o43qxqzaka,Public Transport Issue in Faizabad,बसों का आना-जाना बहुत ही अस्थिर है। कई बार घंटों इंतजार करने के बाद भी बसें नहीं आती।,Public Transport,Transportation,Bus Services,26,Closed,Medium,MEDIUM,false,Loss of productivity,Inconvenience for daily commuters,Annoyance,,,UP Public Transport Act 2018,2025-02-12 16:52:06.798,2025-02-05 00:00:00,2025-02-05 00:00:00,,,,,Increased pollution due to private vehicle usage,cm725f2x3007tu6o4x07tr089,cm725dggi000cu6h4gbmwutvf,cm725f7r800avu6o4ofxp9web
cm725f7vk00ayu6o4287gu7gz,Health Services Issue in Muzaffarnagar,सरकारी अस्पतालों में डॉक्टरों की कमी और खराब सुविधाएं हैं। इलाज में बहुत देरी होती है।,Health Services,Healthcare,Public Health,24,Closed,High,MEDIUM,false,Increased medical expenses,Poor health outcomes,Helplessness,,,UP Health Services Act 2015,2025-02-12 16:52:06.944,2025-02-05 00:00:00,2025-02-05 00:00:00,,,,,None,cm725f30z007wu6o4890gzbkg,cm725dg6o0005u6h4jkjbkawz,cm725f7v700axu6o4vmi3g7v6
cm725f7zt00b0u6o4axodir17,Police & Law Issue in Moradabad,पुलिस के पास कोई भी समस्या हल करने का समय नहीं है। अपराध बढ़ रहे हैं और पुलिस की कोई कार्यवाही नहीं हो रही।,Police & Law,Law Enforcement,Crime Control,22,In Progress,High,MEDIUM,false,Loss of business due to crime,Increased fear and insecurity among residents,Anger,,,UP Police Act 2018,2025-02-12 16:52:07.096,2025-02-05 00:00:00,2025-02-05 00:00:00,,,,,None,cm725f34x007zu6o4ttx7yg6i,cm725dg830006u6h44jyrjmcn,cm725f7yz00azu6o4gim2eave
cm725f83y00b2u6o4cllficub,Education Issue in Noida,"स्कूलों में शिक्षक की कमी है और जो शिक्षक हैं, उनका ध्यान बच्चों की पढ़ाई पर नहीं होता।",Education,Education,School Curriculum,30,Open,High,MEDIUM,false,Increased private tuition costs,Poor educational outcomes,Concern,,,UP Education Act 2014,2025-02-12 16:52:07.246,2025-02-05 00:00:00,2025-02-05 00:00:00,,,,,None,cm725f38o0082u6o47edcxgkg,cm725dg9j0007u6h4tzh2udh2,cm725f83p00b1u6o4mcsvrzvp
cm725f86v00b4u6o4uym27mnd,Water Supply Issue in Aligarh,पानी की सप्लाई कभी समय पर नहीं आती। बार-बार टैंकर भेजने के बाद भी स्थिति में कोई सुधार नहीं हुआ।,Water Supply,Utilities,Water Distribution,28,In Progress,High,MEDIUM,false,Additional water procurement costs,Disruption of daily life and hygiene,Frustration,,,UP Water Supply Act 2019,2025-02-12 16:52:07.351,2025-02-05 00:00:00,2025-02-05 00:00:00,,,,,Water wastage and contamination,cm725f3co0085u6o4bgbmheqj,cm725dgaz0008u6h4o1r9mtq7,cm725f86j00b3u6o4ql6txgz9
cm725f8ca00b6u6o4x63kccxq,Electricity Issue in Faizabad,बिजली की समस्या अब तक हल नहीं हो पाई है। दिन में कई बार बिजली चली जाती है और फिर घंटों तक नहीं आती।,Electricity,Utilities,Power Distribution,25,Closed,High,MEDIUM,false,Increased electricity costs,Disruption of daily activities,Exhaustion,,,UP Electricity Act 2017,2025-02-12 16:52:07.547,2025-02-05 00:00:00,2025-02-05 00:00:00,,,,,Increased generator usage causing pollution,cm725f67200a2u6o4k78buxu5,cm725dgc70009u6h4pqcjyeb5,cm725f8bt00b5u6o41figbakf
cm725f8ft00b8u6o4gpgufnk6,Garbage Issue in Moradabad,कूड़े के ढेर सड़कों पर पड़े रहते हैं। सफाई व्यवस्था को बेहतर करने की आवश्यकता है।,Garbage,Sanitation,Garbage Collection,28,Closed,High,MEDIUM,false,Increased healthcare costs,Health hazards and unhygienic conditions,Disgust,,,UP Sanitation Act 2018,2025-02-12 16:52:07.673,2025-02-05 00:00:00,2025-02-05 00:00:00,,,,,Pollution and pest infestation,cm725eyqe005ju6o4ade09dly,cm725dgdh000au6h4fagm9twc,cm725f8fh00b7u6o4y05e0azg
cm725f8k600bau6o40x6gbbq0,Roads Issue in Lucknow,"सड़कों पर गड्ढे भरे नहीं जाते। बारिश के बाद तो यह और बढ़ जाते हैं, जिससे वाहन चालक परेशान हो जाते हैं।",Roads,Infrastructure,Road Maintenance,28,Closed,High,MEDIUM,false,Vehicle repair costs,Increased accidents and injuries,Irritation,,,UP Road Maintenance Act 2017,2025-02-12 16:52:07.829,2025-02-05 00:00:00,2025-02-05 00:00:00,,,,,Air pollution due to traffic congestion,cm725f5dw009lu6o4h3jtobda,cm725dg3k0003u6h4e8f3kb9h,cm725f8je00b9u6o405r0y53h
cm725f8n800bcu6o4xfplxnow,Public Transport Issue in Bareilly,बसें हमेशा देर से आती हैं और बहुत भीड़ रहती है। यात्री असहज महसूस करते हैं।,Public Transport,Transportation,Bus Services,20,Closed,Medium,MEDIUM,false,Loss of productivity,Inconvenience for daily commuters,Annoyance,,,UP Public Transport Act 2018,2025-02-12 16:52:07.94,2025-02-05 00:00:00,2025-02-05 00:00:00,,,,,Increased pollution due to private vehicle usage,cm725f3qo008gu6o4k2jcomda,cm725dggi000cu6h4gbmwutvf,cm725f8mw00bbu6o45bg98ai3
cm725f8qt00beu6o4l4t1p6mu,Health Services Issue in Jhansi,सरकारी अस्पतालों में दवाइयों की कमी और डॉक्टरों की अनुपस्थिति से मरीजों को कड़ी परेशानी होती है।,Health Services,Healthcare,Public Health,13,Open,High,MEDIUM,false,Increased medical expenses,Poor health outcomes,Helplessness,,,UP Health Services Act 2015,2025-02-12 16:52:08.069,2025-02-05 00:00:00,2025-02-05 00:00:00,,,,,None,cm725f5pl009tu6o40edhczcn,cm725dg6o0005u6h4jkjbkawz,cm725f8qk00bdu6o4cbrwamu1
cm725f8ur00bgu6o47pyymq79,Police & Law Issue in Ghaziabad,पुलिस कभी भी सही समय पर कार्यवाही नहीं करती। अपराधियों के खिलाफ कोई सख्त कदम नहीं उठाए जाते।,Police & Law,Law Enforcement,Crime Control,20,Open,High,MEDIUM,false,Loss of business due to crime,Increased fear and insecurity among residents,Anger,,,UP Police Act 2018,2025-02-12 16:52:08.211,2025-02-05 00:00:00,2025-02-05 00:00:00,,,,,None,cm725ezao005ru6o4uc41b0o6,cm725dg830006u6h44jyrjmcn,cm725f8tv00bfu6o4tf3db8nr
cm725f8y800biu6o4xcxpdqrc,Education Issue in Agra,स्कूलों में बच्चों के लिए किसी भी प्रकार के अतिरिक्त पाठ्यक्रम की कोई व्यवस्था नहीं है।,Education,Education,School Curriculum,15,Closed,High,MEDIUM,false,Increased private tuition costs,Poor educational outcomes,Concern,,,UP Education Act 2014,2025-02-12 16:52:08.336,2025-02-05 00:00:00,2025-02-05 00:00:00,,,,,None,cm725f71v00ahu6o46gi58jcf,cm725dg9j0007u6h4tzh2udh2,cm725f8xx00bhu6o48zqqaizs
cm725f91n00bku6o4bwouwer7,Water Supply Issue in Gorakhpur,पानी की सप्लाई में बहुत ही गंदगी आती है। कभी कभी तो पूरी कॉलोनी को पानी नहीं मिलता।,Water Supply,Utilities,Water Distribution,30,In Progress,High,MEDIUM,false,Additional water procurement costs,Disruption of daily life and hygiene,Frustration,,,UP Water Supply Act 2019,2025-02-12 16:52:08.46,2025-02-05 00:00:00,2025-02-05 00:00:00,,,,,Water wastage and contamination,cm725f76900aku6o4l8t44bnc,cm725dgaz0008u6h4o1r9mtq7,cm725f91d00bju6o4448nmpis
cm725f95p00bmu6o49d3778ds,Electricity Issue in Saharanpur,गर्मी के मौसम में बिजली की बहुत ज्यादा कटौती हो रही है। यह समस्या दिन-प्रतिदिन बढ़ती जा रही है।,Electricity,Utilities,Power Distribution,2,Open,High,MEDIUM,false,Increased electricity costs,Disruption of daily activities,Exhaustion,,,UP Electricity Act 2017,2025-02-12 16:52:08.605,2025-02-05 00:00:00,2025-02-05 00:00:00,,,,,Increased generator usage causing pollution,cm725et130009u6o45e2rnkk7,cm725dgc70009u6h4pqcjyeb5,cm725f94y00blu6o4hz3vssgy
cm725f98q00bou6o4jdw045d6,Garbage Issue in Mathura,सफाई कर्मचारियों द्वारा कूड़े का समय पर उठाव नहीं किया जाता। यह पूरे इलाके में गंदगी फैलाता है।,Garbage,Sanitation,Garbage Collection,13,In Progress,High,MEDIUM,false,Increased healthcare costs,Health hazards and unhygienic conditions,Disgust,,,UP Sanitation Act 2018,2025-02-12 16:52:08.714,2025-02-05 00:00:00,2025-02-05 00:00:00,,,,,Pollution and pest infestation,cm725f3gc0088u6o448ixet8v,cm725dgdh000au6h4fagm9twc,cm725f98f00bnu6o437399lrv
cm725f9bj00bqu6o4k1wwj2qi,Roads Issue in Lucknow,सड़कें खस्ता हालत में हैं। गड्ढों के कारण वाहन चालकों को रोजाना खतरों का सामना करना पड़ता है।,Roads,Infrastructure,Road Maintenance,1,Closed,High,MEDIUM,false,Vehicle repair costs,Increased accidents and injuries,Anger,,,UP Road Maintenance Act 2017,2025-02-12 16:52:08.815,2025-02-05 00:00:00,2025-02-05 00:00:00,,,,,Air pollution due to traffic congestion,cm725espe0000u6o40tsgshuf,cm725dg3k0003u6h4e8f3kb9h,cm725f9ba00bpu6o4s50jlusq
cm725f9ej00bsu6o47k1otdv1,Public Transport Issue in Varanasi,बसें समय पर नहीं आती और हमेशा बहुत भीड़ होती है।,Public Transport,Transportation,Bus Services,21,Open,Medium,MEDIUM,false,Loss of productivity,Inconvenience for daily commuters,Frustration,,,UP Public Transport Act 2018,2025-02-12 16:52:08.923,2025-02-05 00:00:00,2025-02-05 00:00:00,,,,,Increased pollution due to private vehicle usage,cm725f4gr0090u6o434u3i3np,cm725dggi000cu6h4gbmwutvf,cm725f9e000bru6o4x9rrs9av
cm725f9le00buu6o4e7re7bgi,Health Services Issue in Meerut,सरकारी अस्पतालों में इलाज की सुविधाएं बहुत ही खराब हैं।,Health Services,Healthcare,Public Health,25,In Progress,High,MEDIUM,false,Increased medical expenses,Poor health outcomes,Helplessness,,,UP Health Services Act 2015,2025-02-12 16:52:09.17,2025-02-05 00:00:00,2025-02-05 00:00:00,,,,,None,cm725f3co0085u6o4bgbmheqj,cm725dg6o0005u6h4jkjbkawz,cm725f9in00btu6o42f9dp0at
cm725f9o900bwu6o4clowcnse,Police & Law Issue in Mathura,पुलिस कभी भी ठोस कार्रवाई नहीं करती। अपराधियों के खिलाफ कोई भी सख्त कदम नहीं उठाया जाता।,Police & Law,Law Enforcement,Crime Control,18,Open,High,MEDIUM,false,Loss of business due to crime,Increased fear and insecurity among residents,Anger,,,UP Police Act 2018,2025-02-12 16:52:09.273,2025-02-05 00:00:00,2025-02-05 00:00:00,,,,,None,cm725f5dw009lu6o4h3jtobda,cm725dg830006u6h44jyrjmcn,cm725f9nu00bvu6o4pzmetnv6
cm725f9sq00byu6o4su58fmtl,Education Issue in Jhansi,"स्कूलों में बच्चों को केवल पढ़ाई नहीं, जीवन की अन्य महत्वपूर्ण बातें भी सिखानी चाहिए।",Education,Education,School Curriculum,29,In Progress,High,MEDIUM,false,Increased private tuition costs,Poor educational outcomes,Concern,,,UP Education Act 2014,2025-02-12 16:52:09.434,2025-02-05 00:00:00,2025-02-05 00:00:00,,,,,None,cm725f3qo008gu6o4k2jcomda,cm725dg9j0007u6h4tzh2udh2,cm725f9sf00bxu6o4glq5pfk2
cm725f9wx00c0u6o463ixmqio,Water Supply Issue in Kanpur,पानी की सप्लाई हर दिन अस्थिर रहती है। कभी भी पानी का दबाव कम होता है तो कभी पूरा दिन पानी नहीं आता।,Water Supply,Utilities,Water Distribution,20,Open,High,MEDIUM,false,Additional water procurement costs,Disruption of daily life and hygiene,Frustration,,,UP Water Supply Act 2019,2025-02-12 16:52:09.585,2025-02-05 00:00:00,2025-02-05 00:00:00,,,,,Water wastage and contamination,cm725exbc0048u6o4sxwo4k2h,cm725dgaz0008u6h4o1r9mtq7,cm725f9vj00bzu6o47dy2434z
cm725fa2u00c3u6o4v2uvxjbu,Electricity Issue in Agra,बिजली की कटौती से घर में बहुत दिक्कत हो रही है। खासकर रात के समय तो बिजली कभी भी नहीं आती।,Electricity,Utilities,Power Distribution,25,Open,High,MEDIUM,false,Increased electricity costs,Disruption of daily activities,Exhaustion,,,UP Electricity Act 2017,2025-02-12 16:52:09.798,2025-02-05 00:00:00,2025-02-05 00:00:00,,,,,Increased generator usage causing pollution,cm725fa0b00c1u6o4iigzn7pk,cm725dgc70009u6h4pqcjyeb5,cm725fa1u00c2u6o4h1yjymc1
cm725fa7500c5u6o4pe1z82ey,Garbage Issue in Aligarh,कूड़े का ढेर हमेशा सड़कों पर पड़ा रहता है और सफाई कर्मचारियों का कोई ध्यान नहीं रहता।,Garbage,Sanitation,Garbage Collection,22,In Progress,High,MEDIUM,false,Increased healthcare costs,Health hazards and unhygienic conditions,Disgust,,,UP Sanitation Act 2018,2025-02-12 16:52:09.953,2025-02-05 00:00:00,2025-02-05 00:00:00,,,,,Pollution and pest infestation,cm725f76900aku6o4l8t44bnc,cm725dgdh000au6h4fagm9twc,cm725fa6o00c4u6o475y05iz9
cm725faax00c7u6o4tndd18z4,Roads Issue in Noida,"सड़कों में बड़े-बड़े गड्ढे हो गए हैं, जिससे गाड़ी चलाने में बहुत कठिनाई होती है।",Roads,Infrastructure,Road Maintenance,26,In Progress,High,MEDIUM,false,Vehicle repair costs,Increased accidents and injuries,Anger,,,UP Road Maintenance Act 2017,2025-02-12 16:52:10.089,2025-02-05 00:00:00,2025-02-05 00:00:00,,,,,Air pollution due to traffic congestion,cm725et130009u6o45e2rnkk7,cm725dg3k0003u6h4e8f3kb9h,cm725faal00c6u6o4y9x8lkgl
cm725fafo00c9u6o4z12159gs,Public Transport Issue in Meerut,"बसें बहुत कम चलती हैं और जो चलती हैं, उनमें हमेशा भीड़ रहती है। यह यात्रियों के लिए परेशानी का कारण बनता है।",Public Transport,Transportation,Bus Services,13,In Progress,Medium,MEDIUM,false,Loss of productivity,Inconvenience for daily commuters,Frustration,,,UP Public Transport Act 2018,2025-02-12 16:52:10.26,2025-02-05 00:00:00,2025-02-05 00:00:00,,,,,Increased pollution due to private vehicle usage,cm725f3gc0088u6o448ixet8v,cm725dggi000cu6h4gbmwutvf,cm725fafa00c8u6o4peedr0r8
cm725fak700cbu6o4820qb9ln,Health Services Issue in Varanasi,सरकारी अस्पतालों में बहुत भीड़ रहती है और डॉक्टर भी जल्दी से मरीजों को नहीं देख पाते।,Health Services,Healthcare,Public Health,30,Closed,High,MEDIUM,false,Increased medical expenses,Poor health outcomes,Helplessness,,,UP Health Services Act 2015,2025-02-12 16:52:10.423,2025-02-05 00:00:00,2025-02-05 00:00:00,,,,,None,cm725espe0000u6o40tsgshuf,cm725dg6o0005u6h4jkjbkawz,cm725fajv00cau6o4ovmi3kvm
cm725fapi00cdu6o4b4pz5xfu,Police & Law Issue in Moradabad,पुलिस अपराधियों के खिलाफ कोई सख्त कार्रवाई नहीं करती। अपराधी खुलेआम घूमते हैं और पुलिस का ध्यान नहीं जाता।,Police & Law,Law Enforcement,Crime Control,30,Closed,High,MEDIUM,false,Loss of business due to crime,Increased fear and insecurity among residents,Anger,,,UP Police Act 2018,2025-02-12 16:52:10.614,2025-02-05 00:00:00,2025-02-05 00:00:00,,,,,None,cm725f2tt007qu6o4bez55hkl,cm725dg830006u6h44jyrjmcn,cm725fap600ccu6o4z1tpa4nc
cm725fav100cfu6o4m03ryw19,Education Issue in Ghaziabad,स्कूलों में बच्चों को सही तरीके से पढ़ाई नहीं कराई जा रही। शिक्षक भी समय से नहीं आते।,Education,Education,School Curriculum,26,Closed,High,MEDIUM,false,Increased private tuition costs,Poor educational outcomes,Concern,,,UP Education Act 2014,2025-02-12 16:52:10.813,2025-02-05 00:00:00,2025-02-05 00:00:00,,,,,None,cm725f2x3007tu6o4x07tr089,cm725dg9j0007u6h4tzh2udh2,cm725fauh00ceu6o4s4kco4xw
cm725fazo00chu6o4yx9xe837,Water Supply Issue in Gorakhpur,पानी की सप्लाई कई बार पूरे दिन के लिए बंद हो जाती है और फिर गंदा पानी आता है।,Water Supply,Utilities,Water Distribution,16,Open,High,MEDIUM,false,Additional water procurement costs,Disruption of daily life and hygiene,Frustration,,,UP Water Supply Act 2019,2025-02-12 16:52:10.981,2025-02-05 00:00:00,2025-02-05 00:00:00,,,,,Water wastage and contamination,cm725f76900aku6o4l8t44bnc,cm725dgaz0008u6h4o1r9mtq7,cm725fayt00cgu6o4vbj6koyr
cm725fb2c00cju6o4k72qlner,Electricity Issue in Bareilly,बिजली की लगातार कटौती से काम करना बहुत मुश्किल हो जाता है। गर्मियों में तो स्थिति और भी खराब हो जाती है।,Electricity,Utilities,Power Distribution,1,Closed,High,MEDIUM,false,Increased electricity costs,Disruption of daily activities,Exhaustion,,,UP Electricity Act 2017,2025-02-12 16:52:11.076,2025-02-05 00:00:00,2025-02-05 00:00:00,,,,,Increased generator usage causing pollution,cm725et130009u6o45e2rnkk7,cm725dgc70009u6h4pqcjyeb5,cm725fb2000ciu6o4mnbmrb64
cm725fb7e00clu6o44k2vussy,Garbage Issue in Kanpur,कूड़े का ढेर सड़कों पर पड़ा रहता है और सफाई कर्मचारी इसे उठाने के लिए कोई प्रयास नहीं करते।,Garbage,Sanitation,Garbage Collection,19,In Progress,High,MEDIUM,false,Increased healthcare costs,Health hazards and unhygienic conditions,Disgust,,,UP Sanitation Act 2018,2025-02-12 16:52:11.259,2025-02-05 00:00:00,2025-02-05 00:00:00,,,,,Pollution and pest infestation,cm725f3gc0088u6o448ixet8v,cm725dgdh000au6h4fagm9twc,cm725fb6j00cku6o4t24s7j45
cm725fbbt00cnu6o47g97qmyk,Roads Issue in Lucknow,सड़कों पर गड्ढे बहुत बढ़ गए हैं। यह गड्ढे दुर्घटनाओं का कारण बनते हैं।,Roads,Infrastructure,Road Maintenance,11,In Progress,High,MEDIUM,false,Vehicle repair costs,Increased accidents and injuries,Irritation,,,UP Road Maintenance Act 2017,2025-02-12 16:52:11.417,2025-02-05 00:00:00,2025-02-05 00:00:00,,,,,Air pollution due to traffic congestion,cm725espe0000u6o40tsgshuf,cm725dg3k0003u6h4e8f3kb9h,cm725fban00cmu6o41o1usakb
cm725fbg100cpu6o483c3g9om,Public Transport Issue in Allahabad,बसों का समय बहुत अस्थिर है और कभी भी बसें निर्धारित समय पर नहीं आतीं।,Public Transport,Transportation,Bus Services,13,Closed,Medium,MEDIUM,false,Loss of productivity,Inconvenience for daily commuters,Annoyance,,,UP Public Transport Act 2018,2025-02-12 16:52:11.569,2025-02-05 00:00:00,2025-02-05 00:00:00,,,,,Increased pollution due to private vehicle usage,cm725f2tt007qu6o4bez55hkl,cm725dggi000cu6h4gbmwutvf,cm725fbfn00cou6o4lp71gia8
cm725fbj600cru6o4so5c1rch,Health Services Issue in Faizabad,अस्पतालों में साफ-सफाई की स्थिति बहुत खराब है। डॉक्टर भी समय से नहीं आते।,Health Services,Healthcare,Public Health,2,Open,High,MEDIUM,false,Increased medical expenses,Poor health outcomes,Helplessness,,,UP Health Services Act 2015,2025-02-12 16:52:11.677,2025-02-05 00:00:00,2025-02-05 00:00:00,,,,,None,cm725f2x3007tu6o4x07tr089,cm725dg6o0005u6h4jkjbkawz,cm725fbio00cqu6o4u96yxncr
cm725fbnh00ctu6o4l0rsyst4,Police & Law Issue in Mathura,पुलिस को अपराधियों की जानकारी होते हुए भी वे कोई कार्रवाई नहीं करते। अपराध बढ़ रहे हैं और पुलिस कोई कदम नहीं उठा रही।,Police & Law,Law Enforcement,Crime Control,12,Open,High,MEDIUM,false,Loss of business due to crime,Increased fear and insecurity among residents,Anger,,,UP Police Act 2018,2025-02-12 16:52:11.837,2025-02-05 00:00:00,2025-02-05 00:00:00,,,,,None,cm725f30z007wu6o4890gzbkg,cm725dg830006u6h44jyrjmcn,cm725fbn600csu6o4uphf7igh
cm725fbt900cvu6o40kllwysp,Education Issue in Agra,"स्कूलों में बच्चों के लिए पर्याप्त शिक्षा सामग्री नहीं है। इसके अलावा, शिक्षक भी बच्चों को ठीक से पढ़ाते नहीं हैं।",Education,Education,School Curriculum,8,Open,High,MEDIUM,false,Increased private tuition costs,Poor educational outcomes,Concern,,,UP Education Act 2014,2025-02-12 16:52:12.045,2025-02-05 00:00:00,2025-02-05 00:00:00,,,,,None,cm725f34x007zu6o4ttx7yg6i,cm725dg9j0007u6h4tzh2udh2,cm725fbrs00cuu6o4xizcj77y
cm725fbwc00cxu6o4z1wgjfab,Water Supply Issue in Allahabad,"पानी की सप्लाई बहुत अस्थिर हो गई है। कभी बहुत कम पानी आता है, कभी बिल्कुल नहीं आता।",Water Supply,Utilities,Water Distribution,11,Closed,High,MEDIUM,false,Additional water procurement costs,Disruption of daily life and hygiene,Frustration,,,UP Water Supply Act 2019,2025-02-12 16:52:12.156,2025-02-05 00:00:00,2025-02-05 00:00:00,,,,,Water wastage and contamination,cm725f76900aku6o4l8t44bnc,cm725dgaz0008u6h4o1r9mtq7,cm725fbw000cwu6o4qw30przc
cm725fc0u00czu6o4gv0cylq1,Electricity Issue in Saharanpur,गर्मी के मौसम में बिजली की कटौती से घर के लोग बहुत परेशान हो गए हैं। कई बार तो घंटों बिजली चली जाती है।,Electricity,Utilities,Power Distribution,26,Closed,High,MEDIUM,false,Increased electricity costs,Disruption of daily activities,Exhaustion,,,UP Electricity Act 2017,2025-02-12 16:52:12.318,2025-02-05 00:00:00,2025-02-05 00:00:00,,,,,Increased generator usage causing pollution,cm725et130009u6o45e2rnkk7,cm725dgc70009u6h4pqcjyeb5,cm725fc0i00cyu6o4p2ve1ebj
cm725fc5000d1u6o4ot0l0qww,Garbage Issue in Bijnor,कूड़ा सड़कों पर पड़ा रहता है और सफाई कर्मचारी इसे उठाने का कोई काम नहीं करते।,Garbage,Sanitation,Garbage Collection,4,In Progress,High,MEDIUM,false,Increased healthcare costs,Health hazards and unhygienic conditions,Disgust,,,UP Sanitation Act 2018,2025-02-12 16:52:12.468,2025-02-05 00:00:00,2025-02-05 00:00:00,,,,,Pollution and pest infestation,cm725f3gc0088u6o448ixet8v,cm725dgdh000au6h4fagm9twc,cm725fc4n00d0u6o42lzbucpi
cm725fcax00d3u6o46442ox32,Roads Issue in Mathura,सड़कों की हालत बहुत खराब हो गई है। गड्ढों के कारण गाड़ी चलाना बेहद खतरनाक हो गया है।,Roads,Infrastructure,Road Maintenance,1,Closed,High,MEDIUM,false,Vehicle repair costs,Increased accidents and injuries,Irritation,,,UP Road Maintenance Act 2017,2025-02-12 16:52:12.681,2025-02-05 00:00:00,2025-02-05 00:00:00,,,,,Air pollution due to traffic congestion,cm725espe0000u6o40tsgshuf,cm725dg3k0003u6h4e8f3kb9h,cm725fcai00d2u6o42mfi4zl0
cm725fcfi00d5u6o41p7dqbg4,Public Transport Issue in Moradabad,"बसें समय पर नहीं आती और जब आती हैं, तो उनमें बहुत भीड़ होती है।",Public Transport,Transportation,Bus Services,21,In Progress,Medium,MEDIUM,false,Loss of productivity,Inconvenience for daily commuters,Frustration,,,UP Public Transport Act 2018,2025-02-12 16:52:12.846,2025-02-05 00:00:00,2025-02-05 00:00:00,,,,,Increased pollution due to private vehicle usage,cm725f2tt007qu6o4bez55hkl,cm725dggi000cu6h4gbmwutvf,cm725fcf700d4u6o4l3b30aq0
cm725fcjm00d7u6o4k4orfdio,Health Services Issue in Jhansi,सरकारी अस्पतालों में मरीजों को इलाज देने की कोई व्यवस्था नहीं है। डॉक्टर भी बुरी हालत में हैं।,Health Services,Healthcare,Public Health,10,In Progress,High,MEDIUM,false,Increased medical expenses,Poor health outcomes,Helplessness,,,UP Health Services Act 2015,2025-02-12 16:52:12.994,2025-02-05 00:00:00,2025-02-05 00:00:00,,,,,None,cm725f2x3007tu6o4x07tr089,cm725dg6o0005u6h4jkjbkawz,cm725fci100d6u6o4zt4rhbcq
cm725fcpn00d9u6o4ukxw32h7,Police & Law Issue in Agra,पुलिस अपराधियों के खिलाफ कोई कार्रवाई नहीं करती। अपराध बढ़ते जा रहे हैं।,Police & Law,Law Enforcement,Crime Control,19,Open,High,MEDIUM,false,Loss of business due to crime,Increased fear and insecurity among residents,Anger,,,UP Police Act 2018,2025-02-12 16:52:13.212,2025-02-05 00:00:00,2025-02-05 00:00:00,,,,,None,cm725f30z007wu6o4890gzbkg,cm725dg830006u6h44jyrjmcn,cm725fcoz00d8u6o478l1axse
cm725fcub00dbu6o4qw6gxjmj,Education Issue in Moradabad,"स्कूलों में शिक्षकों की बहुत कमी है और जो शिक्षक हैं, उनका बच्चों के प्रति कोई ध्यान नहीं है।",Education,Education,School Curriculum,7,Open,High,MEDIUM,false,Increased private tuition costs,Poor educational outcomes,Concern,,,UP Education Act 2014,2025-02-12 16:52:13.38,2025-02-05 00:00:00,2025-02-05 00:00:00,,,,,None,cm725f34x007zu6o4ttx7yg6i,cm725dg9j0007u6h4tzh2udh2,cm725fctw00dau6o4gdeyk7w5
cm725fcym00ddu6o4530pephc,Water Supply Issue in Meerut,पानी की सप्लाई कई बार नहीं आती। पानी का दबाव भी बहुत कम रहता है।,Water Supply,Utilities,Water Distribution,18,In Progress,High,MEDIUM,false,Additional water procurement costs,Disruption of daily life and hygiene,Frustration,,,UP Water Supply Act 2019,2025-02-12 16:52:13.534,2025-02-05 00:00:00,2025-02-05 00:00:00,,,,,Water wastage and contamination,cm725f76900aku6o4l8t44bnc,cm725dgaz0008u6h4o1r9mtq7,cm725fcy800dcu6o4xni5si0q
cm725fd2q00dfu6o47mhbcf4h,Electricity Issue in Bijnor,बिजली की कटौती से हम सभी परेशान हो गए हैं। कई बार दिनभर बिजली चली जाती है।,Electricity,Utilities,Power Distribution,19,Closed,High,MEDIUM,false,Increased electricity costs,Disruption of daily activities,Exhaustion,,,UP Electricity Act 2017,2025-02-12 16:52:13.682,2025-02-05 00:00:00,2025-02-05 00:00:00,,,,,Increased generator usage causing pollution,cm725et130009u6o45e2rnkk7,cm725dgc70009u6h4pqcjyeb5,cm725fd1r00deu6o4hr23ztgg
cm725fd5t00dhu6o4jxz8ll3k,Garbage Issue in Kanpur,कूड़ा सड़कों पर पड़ा रहता है और सफाई कर्मचारियों का कोई ध्यान नहीं है।,Garbage,Sanitation,Garbage Collection,30,Closed,High,MEDIUM,false,Increased healthcare costs,Health hazards and unhygienic conditions,Disgust,,,UP Sanitation Act 2018,2025-02-12 16:52:13.793,2025-02-05 00:00:00,2025-02-05 00:00:00,,,,,Pollution and pest infestation,cm725f3gc0088u6o448ixet8v,cm725dgdh000au6h4fagm9twc,cm725fd5j00dgu6o4x9599rts
cm725fdb600dju6o4ofqdkkze,Roads Issue in Ghaziabad,सड़कों पर गड्ढे और टूटी-फूटी सड़कें बहुत बढ़ गई हैं। यह दुर्घटनाओं का कारण बन रही हैं।,Roads,Infrastructure,Road Maintenance,18,In Progress,High,MEDIUM,false,Vehicle repair costs,Increased accidents and injuries,Irritation,,,UP Road Maintenance Act 2017,2025-02-12 16:52:13.986,2025-02-05 00:00:00,2025-02-05 00:00:00,,,,,Air pollution due to traffic congestion,cm725espe0000u6o40tsgshuf,cm725dg3k0003u6h4e8f3kb9h,cm725fd9m00diu6o42dmorqyd
cm725fdew00dku6o4xnmmk7cb,Public Transport Issue in Varanasi,बसों की कमी है। लंबा इंतजार करने के बाद भी बस नहीं आती।,Public Transport,Transportation,Bus Services,8,Open,Medium,MEDIUM,false,Loss of productivity,Inconvenience for daily commuters,Frustration,,,UP Public Transport Act 2018,2025-02-12 16:52:14.12,2025-02-05 00:00:00,2025-02-05 00:00:00,,,,,Increased pollution due to private vehicle usage,cm725f2tt007qu6o4bez55hkl,cm725dggi000cu6h4gbmwutvf,cm725eu3x001au6o4uonm6tih
cm725fdjv00dmu6o47ubk58ym,Health Services Issue in Bareilly,सरकारी अस्पतालों में डॉक्टरों की कमी है और मरीजों को ठीक से इलाज नहीं मिल पाता।,Health Services,Healthcare,Public Health,29,Closed,High,MEDIUM,false,Increased medical expenses,Poor health outcomes,Helplessness,,,UP Health Services Act 2015,2025-02-12 16:52:14.299,2025-02-05 00:00:00,2025-02-05 00:00:00,,,,,None,cm725f2x3007tu6o4x07tr089,cm725dg6o0005u6h4jkjbkawz,cm725fdib00dlu6o430jmcn5b
cm725fdoa00dou6o4czty6aq7,Police & Law Issue in Gorakhpur,पुलिस का रवैया बहुत ही खराब है। कोई भी शिकायत सुनी नहीं जाती।,Police & Law,Law Enforcement,Crime Control,2,Open,High,MEDIUM,false,Loss of business due to crime,Increased fear and insecurity among residents,Anger,,,UP Police Act 2018,2025-02-12 16:52:14.458,2025-02-05 00:00:00,2025-02-05 00:00:00,,,,,None,cm725f30z007wu6o4890gzbkg,cm725dg830006u6h44jyrjmcn,cm725fdmx00dnu6o4kxanbry0
cm725fdtd00dqu6o42qr3dp9n,Education Issue in Saharanpur,स्कूलों में पढ़ाई का स्तर बहुत खराब है। शिक्षक बच्चों को ठीक से पढ़ाने के बजाय अपनी छुट्टियां लेते रहते हैं।,Education,Education,School Curriculum,2,Closed,High,MEDIUM,false,Increased private tuition costs,Poor educational outcomes,Concern,,,UP Education Act 2014,2025-02-12 16:52:14.641,2025-02-05 00:00:00,2025-02-05 00:00:00,,,,,None,cm725f34x007zu6o4ttx7yg6i,cm725dg9j0007u6h4tzh2udh2,cm725fdsx00dpu6o45c4w3una
cm725fdx200dsu6o4gzszoi7w,Water Supply Issue in Muzaffarnagar,"पानी की सप्लाई बहुत अस्थिर रहती है। कभी बहुत कम पानी आता है, तो कभी बिल्कुल नहीं आता।",Water Supply,Utilities,Water Distribution,23,In Progress,High,MEDIUM,false,Additional water procurement costs,Disruption of daily life and hygiene,Frustration,,,UP Water Supply Act 2019,2025-02-12 16:52:14.774,2025-02-05 00:00:00,2025-02-05 00:00:00,,,,,Water wastage and contamination,cm725f76900aku6o4l8t44bnc,cm725dgaz0008u6h4o1r9mtq7,cm725fdw000dru6o4h6xe6s1w
cm725fe1t00duu6o40hn82wac,Electricity Issue in Aligarh,बिजली की समस्याएं और बढ़ रही हैं। गर्मी में बिजली के बिना रहना बहुत कठिन हो जाता है।,Electricity,Utilities,Power Distribution,18,Open,High,MEDIUM,false,Increased electricity costs,Disruption of daily activities,Exhaustion,,,UP Electricity Act 2017,2025-02-12 16:52:14.945,2025-02-05 00:00:00,2025-02-05 00:00:00,,,,,Increased generator usage causing pollution,cm725et130009u6o45e2rnkk7,cm725dgc70009u6h4pqcjyeb5,cm725fe0p00dtu6o447clsiwh
cm725fe6z00dwu6o4blg9zhzp,Garbage Issue in Lucknow,कूड़ा उठाने वाली गाड़ी कभी भी समय पर नहीं आती। कूड़ा सड़कों पर पड़ा रहता है।,Garbage,Sanitation,Garbage Collection,12,Closed,High,MEDIUM,false,Increased healthcare costs,Health hazards and unhygienic conditions,Disgust,,,UP Sanitation Act 2018,2025-02-12 16:52:15.132,2025-02-05 00:00:00,2025-02-05 00:00:00,,,,,Pollution and pest infestation,cm725f3gc0088u6o448ixet8v,cm725dgdh000au6h4fagm9twc,cm725fe5w00dvu6o4nbir9lvd
cm725fedy00dyu6o4wkl2dfnn,Roads Issue in Agra,सड़कें खस्ता हालत में हैं। गड्ढों के कारण गाड़ी चलाना मुश्किल हो गया है।,Roads,Infrastructure,Road Maintenance,25,Closed,High,MEDIUM,false,Vehicle repair costs,Increased accidents and injuries,Irritation,,,UP Road Maintenance Act 2017,2025-02-12 16:52:15.383,2025-02-05 00:00:00,2025-02-05 00:00:00,,,,,Air pollution due to traffic congestion,cm725espe0000u6o40tsgshuf,cm725dg3k0003u6h4e8f3kb9h,cm725fedq00dxu6o4l4u6f9tb
cm725fek000e0u6o4uv8r8c5d,Public Transport Issue in Jhansi,बसों की हालत बहुत खराब हो गई है। सीटें भी बहुत गंदी रहती हैं।,Public Transport,Transportation,Bus Services,12,Open,Medium,MEDIUM,false,Loss of productivity,Inconvenience for daily commuters,Frustration,,,UP Public Transport Act 2018,2025-02-12 16:52:15.6,2025-02-05 00:00:00,2025-02-05 00:00:00,,,,,Increased pollution due to private vehicle usage,cm725f2tt007qu6o4bez55hkl,cm725dggi000cu6h4gbmwutvf,cm725fehp00dzu6o4f5p0h8lz
cm725feon00e2u6o4xrk7x5gv,Health Services Issue in Moradabad,सरकारी अस्पतालों में दवाइयों की कमी और डॉक्टरों की अनुपस्थिति से मरीजों को बहुत तकलीफ होती है।,Health Services,Healthcare,Public Health,8,In Progress,High,MEDIUM,false,Increased medical expenses,Poor health outcomes,Helplessness,,,UP Health Services Act 2015,2025-02-12 16:52:15.767,2025-02-05 00:00:00,2025-02-05 00:00:00,,,,,None,cm725f2x3007tu6o4x07tr089,cm725dg6o0005u6h4jkjbkawz,cm725fenq00e1u6o4v87lgpgg
cm725fes900e4u6o4klfwnyt1,Police & Law Issue in Meerut,पुलिस अपराधियों के खिलाफ कार्रवाई नहीं करती। स्थिति और भी बिगड़ रही है।,Police & Law,Law Enforcement,Crime Control,3,Closed,High,MEDIUM,false,Loss of business due to crime,Increased fear and insecurity among residents,Anger,,,UP Police Act 2018,2025-02-12 16:52:15.897,2025-02-05 00:00:00,2025-02-05 00:00:00,,,,,None,cm725f30z007wu6o4890gzbkg,cm725dg830006u6h44jyrjmcn,cm725fery00e3u6o4p88inq8u
cm725fewc00e6u6o43md4e9mb,Education Issue in Gorakhpur,"स्कूलों में बच्चों को सही शिक्षा नहीं मिल रही। बहुत सी चीजें जो जीवन के लिए जरूरी हैं, वो भी नहीं सिखाई जातीं।",Education,Education,School Curriculum,12,Open,High,MEDIUM,false,Increased private tuition costs,Poor educational outcomes,Concern,,,UP Education Act 2014,2025-02-12 16:52:16.044,2025-02-05 00:00:00,2025-02-05 00:00:00,,,,,None,cm725f34x007zu6o4ttx7yg6i,cm725dg9j0007u6h4tzh2udh2,cm725fevz00e5u6o4q9ltvptk
cm725feyw00e8u6o4yu66q1k4,Water Supply Issue in Mathura,पानी की सप्लाई बहुत अस्थिर हो गई है। कई बार पूरे दिन पानी नहीं आता।,Water Supply,Utilities,Water Distribution,25,Open,High,MEDIUM,false,Additional water procurement costs,Disruption of daily life and hygiene,Frustration,,,UP Water Supply Act 2019,2025-02-12 16:52:16.137,2025-02-05 00:00:00,2025-02-05 00:00:00,,,,,Water wastage and contamination,cm725exbc0048u6o4sxwo4k2h,cm725dgaz0008u6h4o1r9mtq7,cm725feyk00e7u6o4kf7k5j71
cm725ff4a00eau6o4eb63y374,Electricity Issue in Kanpur,गर्मी के मौसम में बिजली की कटौती बहुत बढ़ गई है। कई बार तो घंटों बिजली चली जाती है।,Electricity,Utilities,Power Distribution,7,In Progress,High,MEDIUM,false,Increased electricity costs,Disruption of daily activities,Exhaustion,,,UP Electricity Act 2017,2025-02-12 16:52:16.33,2025-02-05 00:00:00,2025-02-05 00:00:00,,,,,Increased generator usage causing pollution,cm725fa0b00c1u6o4iigzn7pk,cm725dgc70009u6h4pqcjyeb5,cm725ff3z00e9u6o4d698j84z
cm725ff8r00edu6o4rh2monbf,Utilities Issue in Allahabad,"Allahabad mein electricity ka supply bahut hi bekar hai, baar-baar power cut ho jata hai!",,Utilities,Power Distribution,25,Closed,High,MEDIUM,false,Increased electricity costs,Disruption of daily activities,Frustrated,,,UP Electricity Act 2017,2025-02-12 16:52:16.491,2025-02-05 00:00:00,2025-02-05 00:00:00,,,,,Increased generator usage causing pollution,cm725ff6v00ebu6o4rs0chdpn,cm725dgc70009u6h4pqcjyeb5,cm725ff8g00ecu6o4ivq27gvc
cm725ffgo00egu6o4ctmi8npd,Infrastructure Issue in Meerut,"Meerut mein roads ki safety kaafi weak ho gayi hai, accidents kaafi badh gaye hain!",,Infrastructure,Road Maintenance,16,Open,High,MEDIUM,false,Vehicle repair costs,Increased accidents and injuries,Fearful,,,UP Road Maintenance Act 2017,2025-02-12 16:52:16.776,2025-02-05 00:00:00,2025-02-05 00:00:00,,,,,Air pollution due to traffic congestion,cm725ffe300eeu6o4oyaiou4z,cm725dg3k0003u6h4e8f3kb9h,cm725ffgd00efu6o4g2osc7y6
cm725ffmk00eju6o4886llo0r,Utilities Issue in Gorakhpur,"Gorakhpur mein paani ki supply bohot inconsistent hai, kabhi paani milta hai kabhi nahi!",,Utilities,Water Distribution,22,In Progress,High,MEDIUM,false,Additional water procurement costs,Disruption of daily life and hygiene,Frustrated,,,UP Water Supply Act 2019,2025-02-12 16:52:16.988,2025-02-05 00:00:00,2025-02-05 00:00:00,,,,,Water wastage and contamination,cm725ffkd00ehu6o4q2xjnctf,cm725dgaz0008u6h4o1r9mtq7,cm725ffl400eiu6o4g40p1mbr
cm725ffqb00emu6o4cqwhnifo,Sanitation Issue in Varanasi,"Varanasi mein har jagah honking ki awaaz hoti hai, yeh noise pollution kaafi badh gaya hai!",,Sanitation,Garbage Collection,4,Closed,High,MEDIUM,false,Increased healthcare costs,Health hazards and unhygienic conditions,Annoyed,,,UP Sanitation Act 2018,2025-02-12 16:52:17.123,2025-02-05 00:00:00,2025-02-05 00:00:00,,,,,Pollution and pest infestation,cm725ffp800eku6o4mglbkqzk,cm725dgdh000au6h4fagm9twc,cm725ffpu00elu6o4h80ankzh
cm725ffw400epu6o4onli1mru,Law Enforcement Issue in Lucknow,"Lucknow mein roads pe crime badh gaya hai, raat ke samay kaafi unsafe feel hota hai!",,Law Enforcement,Crime Control,22,Closed,High,MEDIUM,false,Loss of business due to crime,Increased fear and insecurity among residents,Fearful,,,UP Police Act 2018,2025-02-12 16:52:17.332,2025-02-05 00:00:00,2025-02-05 00:00:00,,,,,None,cm725ffu900enu6o49wzi9cvr,cm725dg830006u6h44jyrjmcn,cm725ffv100eou6o4nq30avut
cm725fg2500esu6o41tpdn21o,Sanitation Issue in Agra,"Agra mein garbage collection ka system kaafi bekar ho gaya hai, har jagah kachra phela hua hai!",,Sanitation,Garbage Collection,4,Closed,High,MEDIUM,false,Increased healthcare costs,Health hazards and unhygienic conditions,Disgusted,,,UP Sanitation Act 2018,2025-02-12 16:52:17.549,2025-02-05 00:00:00,2025-02-05 00:00:00,,,,,Pollution and pest infestation,cm725fg0000equ6o4th3hhuk2,cm725dgdh000au6h4fagm9twc,cm725fg0n00eru6o4oe3fuf0f
cm725fg8m00evu6o4do9t7yao,Healthcare Issue in Mathura,"Mathura mein hospitals mein equipment ki kami hai, patients ko time par treatment nahi mil raha!",,Healthcare,Public Health,25,Closed,High,MEDIUM,false,Increased medical expenses,Poor health outcomes,Worried,,,UP Health Services Act 2015,2025-02-12 16:52:17.782,2025-02-05 00:00:00,2025-02-05 00:00:00,,,,,None,cm725fg4700etu6o4976mwops,cm725dg6o0005u6h4jkjbkawz,cm725fg6u00euu6o4yu1klbfe
cm725fgcs00exu6o4rdh8uf9y,Utilities Issue in Allahabad,"Allahabad mein paani ka pressure bohot kam ho gaya hai, din bhar paani nahi aata!",,Utilities,Water Distribution,25,Open,High,MEDIUM,false,Additional water procurement costs,Disruption of daily life and hygiene,Frustrated,,,UP Water Supply Act 2019,2025-02-12 16:52:17.932,2025-02-05 00:00:00,2025-02-05 00:00:00,,,,,Water wastage and contamination,cm725f0p4006eu6o47se6iide,cm725dgaz0008u6h4o1r9mtq7,cm725fgc100ewu6o4lc4vjx1o
cm725fgi200f0u6o4jh56e1lh,Transportation Issue in Varanasi,"Varanasi mein public transport kaafi khatam ho gaya hai, buses late aati hain!",,Transportation,Bus Services,26,In Progress,Medium,MEDIUM,false,Loss of productivity,Inconvenience for daily commuters,Annoyed,,,UP Public Transport Act 2018,2025-02-12 16:52:18.122,2025-02-05 00:00:00,2025-02-05 00:00:00,,,,,Increased pollution due to private vehicle usage,cm725fgg200eyu6o4rx6e64mo,cm725dggi000cu6h4gbmwutvf,cm725fggk00ezu6o4xka2gh4c
cm725fglx00f2u6o455ilm1o6,Sanitation Issue in Agra,"Agra mein safai ka system bohot bekar ho gaya hai, public places gande ho gaye hain!",,Sanitation,Garbage Collection,24,In Progress,High,MEDIUM,false,Increased healthcare costs,Health hazards and unhygienic conditions,Disgusted,,,UP Sanitation Act 2018,2025-02-12 16:52:18.261,2025-02-05 00:00:00,2025-02-05 00:00:00,,,,,Pollution and pest infestation,cm725et4a000cu6o41zd7iqyb,cm725dgdh000au6h4fagm9twc,cm725fgld00f1u6o4s1ba7v12
cm725fgq900f4u6o4weef23kg,Infrastructure Issue in Meerut,"Meerut mein traffic jam kaafi badh gaya hai, koi traffic management ka system nahi hai!",,Infrastructure,Road Maintenance,2,Closed,High,MEDIUM,false,Vehicle repair costs,Increased accidents and injuries,Frustrated,,,UP Road Maintenance Act 2017,2025-02-12 16:52:18.417,2025-02-05 00:00:00,2025-02-05 00:00:00,,,,,Air pollution due to traffic congestion,cm725f76900aku6o4l8t44bnc,cm725dg3k0003u6h4e8f3kb9h,cm725fgpv00f3u6o4n7nxf81v
cm725fgwr00f7u6o46q5g114o,Healthcare Issue in Lucknow,"Lucknow mein government hospitals mein facilities kaafi poor hain, patients ko proper care nahi mil raha!",,Healthcare,Public Health,6,Closed,High,MEDIUM,false,Increased medical expenses,Poor health outcomes,Worried,,,UP Health Services Act 2015,2025-02-12 16:52:18.651,2025-02-05 00:00:00,2025-02-05 00:00:00,,,,,None,cm725fgta00f5u6o4grjqg5rs,cm725dg6o0005u6h4jkjbkawz,cm725fgvd00f6u6o49scc92dh
cm725fh1m00fau6o42vp4ocos,Law Enforcement Issue in Kanpur,"Kanpur mein public safety kaafi weak ho gayi hai, raat ke waqt kaafi dar lagta hai!",,Law Enforcement,Crime Control,28,Closed,High,MEDIUM,false,Loss of business due to crime,Increased fear and insecurity among residents,Fearful,,,UP Police Act 2018,2025-02-12 16:52:18.826,2025-02-05 00:00:00,2025-02-05 00:00:00,,,,,None,cm725fh0n00f8u6o498xg1r2l,cm725dg830006u6h44jyrjmcn,cm725fh1a00f9u6o4977q3360
cm725fh6600fdu6o4uz887842,Utilities Issue in Varanasi,"Varanasi mein paani ka pressure kaafi kam hai, ghar ke andar paani ka supply bilkul irregular hai!",,Utilities,Water Distribution,10,Closed,High,MEDIUM,false,Additional water procurement costs,Disruption of daily life and hygiene,Frustrated,,,UP Water Supply Act 2019,2025-02-12 16:52:18.99,2025-02-05 00:00:00,2025-02-05 00:00:00,,,,,Water wastage and contamination,cm725fh4i00fbu6o4tuuap66i,cm725dgaz0008u6h4o1r9mtq7,cm725fh5t00fcu6o4tz2kmtno
cm725fhat00fgu6o4yh0ckqvi,Infrastructure Issue in Agra,"Agra mein road conditions bohot bekar hain, khadde bharne ka koi solution nahi mil raha!",,Infrastructure,Road Maintenance,21,Open,High,MEDIUM,false,Vehicle repair costs,Increased accidents and injuries,Frustrated,,,UP Road Maintenance Act 2017,2025-02-12 16:52:19.158,2025-02-05 00:00:00,2025-02-05 00:00:00,,,,,Air pollution due to traffic congestion,cm725fh8r00feu6o4er6dsjai,cm725dg3k0003u6h4e8f3kb9h,cm725fhah00ffu6o4jc1n7hai
cm725fhfp00fju6o4hee7maq8,Utilities Issue in Noida,"Noida mein electricity bar-bar chale jaati hai, garamiyon mein toh bilkul musibat ho gayi hai!",,Utilities,Power Distribution,23,In Progress,High,MEDIUM,false,Increased electricity costs,Disruption of daily activities,Frustrated,,,UP Electricity Act 2017,2025-02-12 16:52:19.333,2025-02-05 00:00:00,2025-02-05 00:00:00,,,,,Increased generator usage causing pollution,cm725fhdv00fhu6o4ekf52n75,cm725dgc70009u6h4pqcjyeb5,cm725fhf900fiu6o4wgngep2a
cm725fhnr00fmu6o4qaa7ram0,Transportation Issue in Allahabad,"Allahabad mein public transport bilkul unreliable ho gaya hai, buses kaafi late chalti hain!",,Transportation,Bus Services,8,Open,Medium,MEDIUM,false,Loss of productivity,Inconvenience for daily commuters,Annoyed,,,UP Public Transport Act 2018,2025-02-12 16:52:19.623,2025-02-05 00:00:00,2025-02-05 00:00:00,,,,,Increased pollution due to private vehicle usage,cm725fhkv00fku6o4pb31lmwh,cm725dggi000cu6h4gbmwutvf,cm725fhnf00flu6o4h2hbvra7
cm725fhug00fpu6o4rgmf15zt,Sanitation Issue in Meerut,"Meerut mein garbage collection ka system kaafi khatam ho gaya hai, kachra har jagah phela hua hai!",,Sanitation,Garbage Collection,21,In Progress,High,MEDIUM,false,Increased healthcare costs,Health hazards and unhygienic conditions,Disgusted,,,UP Sanitation Act 2018,2025-02-12 16:52:19.864,2025-02-05 00:00:00,2025-02-05 00:00:00,,,,,Pollution and pest infestation,cm725fhrf00fnu6o4pkg2cd5u,cm725dgdh000au6h4fagm9twc,cm725fhtf00fou6o49j30xth6
cm725fhyq00fsu6o4xziwy4j6,Infrastructure Issue in Gorakhpur,"Gorakhpur mein road safety kaafi kam ho gayi hai, accidents kaafi badh gaye hain!",,Infrastructure,Road Maintenance,8,Open,High,MEDIUM,false,Vehicle repair costs,Increased accidents and injuries,Fearful,,,UP Road Maintenance Act 2017,2025-02-12 16:52:20.018,2025-02-05 00:00:00,2025-02-05 00:00:00,,,,,Air pollution due to traffic congestion,cm725fhxg00fqu6o4onsoxav3,cm725dg3k0003u6h4e8f3kb9h,cm725fhy100fru6o45li8p14j
cm725fi4u00fvu6o4h09iks99,Utilities Issue in Lucknow,Lucknow mein paani ka pressure itna kam hai ki kabhi kabhi poore din paani nahi aata!,,Utilities,Water Distribution,12,In Progress,High,MEDIUM,false,Additional water procurement costs,Disruption of daily life and hygiene,Frustrated,,,UP Water Supply Act 2019,2025-02-12 16:52:20.238,2025-02-05 00:00:00,2025-02-05 00:00:00,,,,,Water wastage and contamination,cm725fi2900ftu6o4z2b4gk0q,cm725dgaz0008u6h4o1r9mtq7,cm725fi4h00fuu6o4atg8l50t
cm725fi9x00fyu6o4ihj09pbw,Healthcare Issue in Mathura,"Mathura mein health services bohot poor ho gayi hain, government hospitals mein proper treatment nahi mil raha!",,Healthcare,Public Health,20,Closed,High,MEDIUM,false,Increased medical expenses,Poor health outcomes,Worried,,,UP Health Services Act 2015,2025-02-12 16:52:20.421,2025-02-05 00:00:00,2025-02-05 00:00:00,,,,,None,cm725fi7v00fwu6o4wssivww4,cm725dg6o0005u6h4jkjbkawz,cm725fi9j00fxu6o4ha2yzrpc
cm725fiee00g0u6o4rthv08b8,Sanitation Issue in Kanpur,"Kanpur mein honking kaafi badh gaya hai, noise pollution se sab pareshan hain!",,Sanitation,Garbage Collection,25,Open,High,MEDIUM,false,Increased healthcare costs,Health hazards and unhygienic conditions,Annoyed,,,UP Sanitation Act 2018,2025-02-12 16:52:20.582,2025-02-05 00:00:00,2025-02-05 00:00:00,,,,,Pollution and pest infestation,cm725eyuw005mu6o4jjky6ii7,cm725dgdh000au6h4fagm9twc,cm725fict00fzu6o4hzetxcpe
cm725fimc00g3u6o4p5bjn92w,Sanitation Issue in Agra,"Agra mein waste management ka system kaafi bekar ho gaya hai, kachra har jagah phela hai!",,Sanitation,Garbage Collection,26,In Progress,High,MEDIUM,false,Increased healthcare costs,Health hazards and unhygienic conditions,Disgusted,,,UP Sanitation Act 2018,2025-02-12 16:52:20.869,2025-02-05 00:00:00,2025-02-05 00:00:00,,,,,Pollution and pest infestation,cm725fikd00g1u6o4ct2k6wc5,cm725dgdh000au6h4fagm9twc,cm725fil000g2u6o4xhcm4628
cm725firf00g5u6o47lvd3s01,Infrastructure Issue in Varanasi,"Varanasi mein traffic jam kaafi badh gaya hai, roads pe jam lagta hai!",,Infrastructure,Road Maintenance,7,Open,High,MEDIUM,false,Vehicle repair costs,Increased accidents and injuries,Irritated,,,UP Road Maintenance Act 2017,2025-02-12 16:52:21.051,2025-02-05 00:00:00,2025-02-05 00:00:00,,,,,Air pollution due to traffic congestion,cm725eta6000iu6o4qzg92zul,cm725dg3k0003u6h4e8f3kb9h,cm725fiqy00g4u6o41ikkltmr
cm725fizj00g8u6o40yg19gbs,Utilities Issue in Bareilly,"Bareilly mein baar-baar electricity jaati hai, especially garmi ke time pe kaafi problem hoti hai!",,Utilities,Power Distribution,26,Closed,High,MEDIUM,false,Increased electricity costs,Disruption of daily activities,Frustrated,,,UP Electricity Act 2017,2025-02-12 16:52:21.343,2025-02-05 00:00:00,2025-02-05 00:00:00,,,,,Increased generator usage causing pollution,cm725fiur00g6u6o4z0g4ml7s,cm725dgc70009u6h4pqcjyeb5,cm725fiy600g7u6o4dt9a690e
cm725fj5g00gbu6o4hll7xzcf,Utilities Issue in Noida,"Noida mein paani ka pressure kaafi kam hai, ghar ke andar paani ki supply bilkul irregular hai!",,Utilities,Water Distribution,3,Open,High,MEDIUM,false,Additional water procurement costs,Disruption of daily life and hygiene,Frustrated,,,UP Water Supply Act 2019,2025-02-12 16:52:21.557,2025-02-05 00:00:00,2025-02-05 00:00:00,,,,,Water wastage and contamination,cm725fj1u00g9u6o4pbjkducq,cm725dgaz0008u6h4o1r9mtq7,cm725fj2t00gau6o46oftgq0f
cm725fj9n00geu6o40xrypyio,Law Enforcement Issue in Lucknow,"Lucknow mein security kaafi weak ho gayi hai, raat ke waqt nikalne mein dar lagta hai!",,Law Enforcement,Crime Control,16,Open,High,MEDIUM,false,Loss of business due to crime,Increased fear and insecurity among residents,Fearful,,,UP Police Act 2018,2025-02-12 16:52:21.707,2025-02-05 00:00:00,2025-02-05 00:00:00,,,,,None,cm725fj8i00gcu6o45f9tug8h,cm725dg830006u6h44jyrjmcn,cm725fj9100gdu6o4066uxc9e
cm725fjf800ghu6o46nwaml7m,Infrastructure Issue in Mathura,"Mathura mein road safety kaafi weak hai, accidents kaafi badh gaye hain!",,Infrastructure,Road Maintenance,7,Open,High,MEDIUM,false,Vehicle repair costs,Increased accidents and injuries,Fearful,,,UP Road Maintenance Act 2017,2025-02-12 16:52:21.908,2025-02-05 00:00:00,2025-02-05 00:00:00,,,,,Air pollution due to traffic congestion,cm725fjdi00gfu6o4u4jm9dqr,cm725dg3k0003u6h4e8f3kb9h,cm725fjev00ggu6o43zzg543t
cm725fjk300gku6o45mvu9osd,Law Enforcement Issue in Kanpur,"Kanpur mein raat ke samay police patrolling kaafi kam hai, kaafi unsafe feel hota hai!",,Law Enforcement,Crime Control,17,Open,High,MEDIUM,false,Loss of business due to crime,Increased fear and insecurity among residents,Fearful,,,UP Police Act 2018,2025-02-12 16:52:22.083,2025-02-05 00:00:00,2025-02-05 00:00:00,,,,,None,cm725fjhh00giu6o4b1kc37ek,cm725dg830006u6h44jyrjmcn,cm725fjj000gju6o4bq2tc8o4
cm725fjq500gnu6o4bl9nbo38,Healthcare Issue in Varanasi,"Varanasi mein health services ki condition kaafi poor ho gayi hai, doctors aur nurses ki kami ho gayi hai!",,Healthcare,Public Health,26,Closed,High,MEDIUM,false,Increased medical expenses,Poor health outcomes,Worried,,,UP Health Services Act 2015,2025-02-12 16:52:22.301,2025-02-05 00:00:00,2025-02-05 00:00:00,,,,,None,cm725fjp500glu6o41jvpfq6x,cm725dg6o0005u6h4jkjbkawz,cm725fjpu00gmu6o45wyu6c2o
cm725fjuy00gpu6o4e7937vdc,Sanitation Issue in Bareilly,"Bareilly mein garbage collection ka system bilkul khatam ho gaya hai, galiyon mein kachra phela hai!",,Sanitation,Garbage Collection,1,In Progress,High,MEDIUM,false,Increased healthcare costs,Health hazards and unhygienic conditions,Disgusted,,,UP Sanitation Act 2018,2025-02-12 16:52:22.474,2025-02-05 00:00:00,2025-02-05 00:00:00,,,,,Pollution and pest infestation,cm725f46g008su6o4uwrwobrs,cm725dgdh000au6h4fagm9twc,cm725fjtt00gou6o4a8kr0lni
cm725fk0h00gsu6o47714q6kv,Utilities Issue in Agra,"Agra mein electricity ka supply bar-bar band ho jata hai, garamiyon mein kaafi musibat hoti hai!",,Utilities,Power Distribution,13,In Progress,High,MEDIUM,false,Increased electricity costs,Disruption of daily activities,Frustrated,,,UP Electricity Act 2017,2025-02-12 16:52:22.674,2025-02-05 00:00:00,2025-02-05 00:00:00,,,,,Increased generator usage causing pollution,cm725fjxu00gqu6o4b6c9bmui,cm725dgc70009u6h4pqcjyeb5,cm725fjza00gru6o4mqquxh8x
cm725fk4400guu6o4b4cd4jvl,Sanitation Issue in Allahabad,"Allahabad mein public toilets bilkul gande ho gaye hain, safai ka koi system nahi hai!",,Sanitation,Garbage Collection,17,In Progress,High,MEDIUM,false,Increased healthcare costs,Health hazards and unhygienic conditions,Disgusted,,,UP Sanitation Act 2018,2025-02-12 16:52:22.804,2025-02-05 00:00:00,2025-02-05 00:00:00,,,,,Pollution and pest infestation,cm725evw5002wu6o43b5fm6ew,cm725dgdh000au6h4fagm9twc,cm725fk3o00gtu6o4bmyqjuot
cm725fk8u00gxu6o4dcnt78uw,Utilities Issue in Gorakhpur,"Gorakhpur mein paani ki supply kaafi inconsistent hai, kabhi milta hai kabhi nahi!",,Utilities,Water Distribution,1,Open,High,MEDIUM,false,Additional water procurement costs,Disruption of daily life and hygiene,Frustrated,,,UP Water Supply Act 2019,2025-02-12 16:52:22.974,2025-02-05 00:00:00,2025-02-05 00:00:00,,,,,Water wastage and contamination,cm725fk6400gvu6o45uwcj8ix,cm725dgaz0008u6h4o1r9mtq7,cm725fk7q00gwu6o4jm6bbazb
cm725fkco00h0u6o45053ga7y,Infrastructure Issue in Noida,"Noida mein road conditions kaafi bekar hain, khadde bharne ka koi solution nahi hai!",,Infrastructure,Road Maintenance,17,Closed,High,MEDIUM,false,Vehicle repair costs,Increased accidents and injuries,Frustrated,,,UP Road Maintenance Act 2017,2025-02-12 16:52:23.112,2025-02-05 00:00:00,2025-02-05 00:00:00,,,,,Air pollution due to traffic congestion,cm725fkb400gyu6o4c0q3bny6,cm725dg3k0003u6h4e8f3kb9h,cm725fkc900gzu6o432alf14m
cm725fkip00h2u6o4oo20p5ym,Sanitation Issue in Lucknow,"Lucknow mein noise pollution kaafi badh gaya hai, especially construction sites ke kaaran!",,Sanitation,Garbage Collection,1,Open,High,MEDIUM,false,Increased healthcare costs,Health hazards and unhygienic conditions,Annoyed,,,UP Sanitation Act 2018,2025-02-12 16:52:23.329,2025-02-05 00:00:00,2025-02-05 00:00:00,,,,,Pollution and pest infestation,cm725eyuw005mu6o4jjky6ii7,cm725dgdh000au6h4fagm9twc,cm725fkia00h1u6o4bedepzag
cm725fkob00h5u6o422t0f0e5,Law Enforcement Issue in Meerut,"Meerut mein public safety kaafi weak ho gayi hai, raat ke waqt dar lagta hai!",,Law Enforcement,Crime Control,14,Open,High,MEDIUM,false,Loss of business due to crime,Increased fear and insecurity among residents,Fearful,,,UP Police Act 2018,2025-02-12 16:52:23.531,2025-02-05 00:00:00,2025-02-05 00:00:00,,,,,None,cm725fkm600h3u6o4etvgs877,cm725dg830006u6h44jyrjmcn,cm725fkni00h4u6o4cxm92g3m
cm725fksm00h8u6o408h9wylp,Infrastructure Issue in Agra,"Agra mein traffic kaafi badh gaya hai, road par jam lagta hai!",,Infrastructure,Road Maintenance,13,In Progress,High,MEDIUM,false,Vehicle repair costs,Increased accidents and injuries,Irritated,,,UP Road Maintenance Act 2017,2025-02-12 16:52:23.686,2025-02-05 00:00:00,2025-02-05 00:00:00,,,,,Air pollution due to traffic congestion,cm725fkrh00h6u6o4hwx6eh9n,cm725dg3k0003u6h4e8f3kb9h,cm725fks300h7u6o4higboml2
cm725fkza00hbu6o4rmpfyyaz,Utilities Issue in Bareilly,"Bareilly mein electricity bar-bar chale jaati hai, kaafi inconvenience hota hai!",,Utilities,Power Distribution,15,Open,High,MEDIUM,false,Increased electricity costs,Disruption of daily activities,Frustrated,,,UP Electricity Act 2017,2025-02-12 16:52:23.926,2025-02-05 00:00:00,2025-02-05 00:00:00,,,,,Increased generator usage causing pollution,cm725fkwn00h9u6o434b6te0y,cm725dgc70009u6h4pqcjyeb5,cm725fky100hau6o4mr7l58xf
cm725fl9600hfu6o4e5swlp5c,Bareilly - Bareilly mein security ka,"Bareilly mein security ka level bohot low ho gaya hai, raat ko sadak pe jaana dangerous ho gaya hai!",,,,17,Closed,Low,MEDIUM,false,,,Fearful,,,,2025-02-12 16:52:24.282,2025-02-05 00:00:00,2025-02-05 00:00:00,,,,,,cm725fl7v00hdu6o42vej4ldj,cm725fl4x00hcu6o4h39z4fls,cm725fl8q00heu6o4o6oo1f1s
cm725fldp00hiu6o4ne1ugf7j,Allahabad - Allahabad mein electricity baar,"Allahabad mein electricity baar baar chali jaati hai, din mein kaam kaise karein?",,,,24,Closed,Low,MEDIUM,false,,,Frustrated,,,,2025-02-12 16:52:24.445,2025-02-05 00:00:00,2025-02-05 00:00:00,,,,,,cm725flbk00hgu6o4rwyvldw9,cm725fl4x00hcu6o4h39z4fls,cm725flde00hhu6o424atmao9
cm725flks00hlu6o4qhbavghj,Mathura - Mathura mein paani ka,"Mathura mein paani ka supply bilkul irregular hai, aur kuch din paani milta hi nahi!",,,,28,Open,Low,MEDIUM,false,,,Frustrated,,,,2025-02-12 16:52:24.7,2025-02-05 00:00:00,2025-02-05 00:00:00,,,,,,cm725flhx00hju6o41x66lshh,cm725fl4x00hcu6o4h39z4fls,cm725flil00hku6o4n4krlydx
cm725flpr00hou6o46kf31rpl,Meerut - Meerut mein hospitals mein,"Meerut mein hospitals mein beds ki shortage hai, patients kaise treat honge?",,,,9,Closed,Low,MEDIUM,false,,,Worried,,,,2025-02-12 16:52:24.879,2025-02-05 00:00:00,2025-02-05 00:00:00,,,,,,cm725flom00hmu6o4gaydk2u4,cm725fl4x00hcu6o4h39z4fls,cm725flpf00hnu6o43uj1dzn4
cm725flv800hru6o455shfziz,Gorakhpur - Gorakhpur mein garbage collection,"Gorakhpur mein garbage collection proper nahi hota, galliyon mein kachra ka pile laga rehta hai!",,,,14,Closed,Low,MEDIUM,false,,,Disgusted,,,,2025-02-12 16:52:25.077,2025-02-05 00:00:00,2025-02-05 00:00:00,,,,,,cm725fltf00hpu6o4ifr8yhl2,cm725fl4x00hcu6o4h39z4fls,cm725flu100hqu6o4j44inp4f
cm725fm2400huu6o470sh9q62,Lucknow - Lucknow mein har taraf,"Lucknow mein har taraf bawaal hota hai, cars ki horn ki awaaz se sab parishan hain!",,,,3,In Progress,Low,MEDIUM,false,,,Annoyed,,,,2025-02-12 16:52:25.324,2025-02-05 00:00:00,2025-02-05 00:00:00,,,,,,cm725flys00hsu6o4zk94uxmn,cm725fl4x00hcu6o4h39z4fls,cm725fm1q00htu6o47204ygyd
cm725fm7k00hxu6o43qcqw6e3,Kanpur - Kanpur mein roads bilkul,"Kanpur mein roads bilkul unsafe ho gayi hain, accidents badh gaye hain!",,,,30,Open,Low,MEDIUM,false,,,Fearful,,,,2025-02-12 16:52:25.52,2025-02-05 00:00:00,2025-02-05 00:00:00,,,,,,cm725fm5200hvu6o4jf82kfsu,cm725fl4x00hcu6o4h39z4fls,cm725fm6500hwu6o4bt1hv75u
cm725fmbd00hzu6o4oyd0u3nc,Allahabad - Allahabad mein public transport,"Allahabad mein public transport ki condition bohot poor ho gayi hai, buses nahi milti!",,,,9,Closed,Low,MEDIUM,false,,,Frustrated,,,,2025-02-12 16:52:25.657,2025-02-05 00:00:00,2025-02-05 00:00:00,,,,,,cm725et4a000cu6o41zd7iqyb,cm725fl4x00hcu6o4h39z4fls,cm725fmb000hyu6o48r99xzb5
cm725fmic00i2u6o4xgikejnh,Varanasi - Varanasi mein safai ka,"Varanasi mein safai ka system bilkul khatam ho gaya hai, kachra har taraf faila hua hai!",,,,20,Closed,Low,MEDIUM,false,,,Disappointed,,,,2025-02-12 16:52:25.908,2025-02-05 00:00:00,2025-02-05 00:00:00,,,,,,cm725fmgp00i0u6o4k34w7o30,cm725fl4x00hcu6o4h39z4fls,cm725fmi300i1u6o4ikityrvt
cm725fmmt00i5u6o44cog7tul,Gorakhpur - Gorakhpur mein electricity baar,"Gorakhpur mein electricity baar baar band hoti hai, kuch time ke liye kaam bilkul ruk jaata hai!",,,,14,Open,Low,MEDIUM,false,,,Frustrated,,,,2025-02-12 16:52:26.069,2025-02-05 00:00:00,2025-02-05 00:00:00,,,,,,cm725fmku00i3u6o4lzdyqako,cm725fl4x00hcu6o4h39z4fls,cm725fmmi00i4u6o4u4pui4lv
cm725fmqi00i8u6o4kwf4w2ha,Mathura - Mathura mein public toilets,"Mathura mein public toilets ki safai ka system bohot bekar hai, koi attention nahi di ja rahi!",,,,15,Closed,Low,MEDIUM,false,,,Disgusted,,,,2025-02-12 16:52:26.201,2025-02-05 00:00:00,2025-02-05 00:00:00,,,,,,cm725fmp800i6u6o4ak7la5fe,cm725fl4x00hcu6o4h39z4fls,cm725fmpw00i7u6o4ze646sif
cm725fmxc00ibu6o4lf0uvg2e,Bareilly - Bareilly mein traffic signals,"Bareilly mein traffic signals nahi chal rahe hain, vehicles randomly chal rahi hain!",,,,5,Open,Low,MEDIUM,false,,,Angry,,,,2025-02-12 16:52:26.448,2025-02-05 00:00:00,2025-02-05 00:00:00,,,,,,cm725fmui00i9u6o4a3izohda,cm725fl4x00hcu6o4h39z4fls,cm725fmw500iau6o4olvxcwaz
cm725fn2l00ieu6o4yqdcv04k,Lucknow - Lucknow mein paani ke,"Lucknow mein paani ke quality mein bhi kaafi problems aa gayi hain, paani ka rang bhi badal gaya hai!",,,,14,Open,Low,MEDIUM,false,,,Frustrated,,,,2025-02-12 16:52:26.637,2025-02-05 00:00:00,2025-02-05 00:00:00,,,,,,cm725fmzq00icu6o4g6wp6zny,cm725fl4x00hcu6o4h39z4fls,cm725fn1n00idu6o47bgazhlo
cm725fn8c00ihu6o40w6d8jt5,Noida - Noida mein security mein,"Noida mein security mein kafi kami hai, especially raat ke waqt kaafi dar lagta hai!",,,,21,Open,Low,MEDIUM,false,,,Fearful,,,,2025-02-12 16:52:26.844,2025-02-05 00:00:00,2025-02-05 00:00:00,,,,,,cm725fn6j00ifu6o4ptu574d1,cm725fl4x00hcu6o4h39z4fls,cm725fn8000igu6o403sb3t6c
cm725fnd000iku6o4nvk2it95,Agra - Agra mein road pe,Agra mein road pe zyada honking ki awaaz se sab log pareshan hain!,,,,20,Closed,Low,MEDIUM,false,,,Annoyed,,,,2025-02-12 16:52:27.012,2025-02-05 00:00:00,2025-02-05 00:00:00,,,,,,cm725fnbk00iiu6o4t0mfcbfz,cm725fl4x00hcu6o4h39z4fls,cm725fnce00iju6o4f96w3179
cm725fnio00inu6o4mcghmxsd,Aligarh - Aligarh mein roads ke,"Aligarh mein roads ke condition bohot bekar hain, khadde bharne ki koi effort nahi hai!",,,,5,In Progress,Low,MEDIUM,false,,,Frustrated,,,,2025-02-12 16:52:27.216,2025-02-05 00:00:00,2025-02-05 00:00:00,,,,,,cm725fngk00ilu6o4341wzyp0,cm725fl4x00hcu6o4h39z4fls,cm725fnh700imu6o4amq1t57l
cm725fnp000iqu6o410wliln6,Varanasi - Varanasi mein galiyon mein,"Varanasi mein galiyon mein kachra faila rehta hai, collection ka proper system nahi hai!",,,,9,Closed,Low,MEDIUM,false,,,Disgusted,,,,2025-02-12 16:52:27.445,2025-02-05 00:00:00,2025-02-05 00:00:00,,,,,,cm725fnmu00iou6o41d8rqzqs,cm725fl4x00hcu6o4h39z4fls,cm725fnnf00ipu6o45pdlkskn
cm725fnso00isu6o41w1fh8dn,Meerut - Meerut mein government hospitals,"Meerut mein government hospitals mein equipment ki kami hai, koi attention nahi milti!",,,,26,Open,Low,MEDIUM,false,,,Worried,,,,2025-02-12 16:52:27.576,2025-02-05 00:00:00,2025-02-05 00:00:00,,,,,,cm725flom00hmu6o4gaydk2u4,cm725fl4x00hcu6o4h39z4fls,cm725fnrh00iru6o49nb15y92
cm725fnwx00iuu6o43581yvwk,Mathura - Mathura mein barish ke,"Mathura mein barish ke dinon mein power failure kaafi zyada hota hai, kaafi inconvenience hota hai!",,,,6,In Progress,Low,MEDIUM,false,,,Frustrated,,,,2025-02-12 16:52:27.729,2025-02-05 00:00:00,2025-02-05 00:00:00,,,,,,cm725euhj001lu6o47cg3cj43,cm725fl4x00hcu6o4h39z4fls,cm725fnwk00itu6o4uznlxb7r
cm725fo2800ixu6o45i4xt6jg,Bareilly - Bareilly mein police patrolling,"Bareilly mein police patrolling kaafi kam hai, raat ko ghar ke bahar jaana dangerous ho gaya hai!",,,,23,In Progress,Low,MEDIUM,false,,,Fearful,,,,2025-02-12 16:52:27.92,2025-02-05 00:00:00,2025-02-05 00:00:00,,,,,,cm725fo0n00ivu6o4vgcwf88g,cm725fl4x00hcu6o4h39z4fls,cm725fo1v00iwu6o4gcydf6f3
cm725fo7p00j0u6o4sjxs7jqd,Agra - Agra mein paani ka,Agra mein paani ka pressure itna kam hai ki kabhi kabhi poore din tak paani nahi aata!,,,,5,In Progress,Low,MEDIUM,false,,,Frustrated,,,,2025-02-12 16:52:28.118,2025-02-05 00:00:00,2025-02-05 00:00:00,,,,,,cm725fo5d00iyu6o4lga2chnf,cm725fl4x00hcu6o4h39z4fls,cm725fo6p00izu6o401q1uwtz
cm725foc200j2u6o47fgf1l8u,Bareilly - Bareilly mein paani ki,"Bareilly mein paani ki supply kaafi irregular hai, kabhi milta hai kabhi nahi!",,,,14,In Progress,Low,MEDIUM,false,,,Frustrated,,,,2025-02-12 16:52:28.274,2025-02-05 00:00:00,2025-02-05 00:00:00,,,,,,cm725eya10055u6o49m2dosn8,cm725fl4x00hcu6o4h39z4fls,cm725fobq00j1u6o4j986l7rs
cm725fofk00j4u6o4vvpzmlmj,Varanasi - Varanasi mein baar-baar electricity,"Varanasi mein baar-baar electricity jaati hai, garamiyon mein bilkul mushkil ho jaata hai!",,,,14,Open,Low,MEDIUM,false,,,Angry,,,,2025-02-12 16:52:28.4,2025-02-05 00:00:00,2025-02-05 00:00:00,,,,,,cm725euu3001xu6o4t56rbsbj,cm725fl4x00hcu6o4h39z4fls,cm725fof600j3u6o4zz2evlwm
cm725fokz00j7u6o4sovoygat,Agra - Agra mein public toilets,"Agra mein public toilets mein safai ka koi system nahi hai, bohot gande hain!",,,,12,Closed,Low,MEDIUM,false,,,Disappointed,,,,2025-02-12 16:52:28.595,2025-02-05 00:00:00,2025-02-05 00:00:00,,,,,,cm725foih00j5u6o47kpg2ojk,cm725fl4x00hcu6o4h39z4fls,cm725fok000j6u6o4brm78t78
cm725foot00jau6o4np2lxl1q,Gorakhpur - Gorakhpur mein roads bohot,"Gorakhpur mein roads bohot khatam ho gayi hain, khadde bharne ka koi kaam nahi ho raha!",,,,5,In Progress,Low,MEDIUM,false,,,Frustrated,,,,2025-02-12 16:52:28.733,2025-02-05 00:00:00,2025-02-05 00:00:00,,,,,,cm725fonj00j8u6o4afiuqa2s,cm725fl4x00hcu6o4h39z4fls,cm725foog00j9u6o4agit7brc
cm725fp3y00jdu6o4cd5v36pl,Kanpur - Kanpur mein traffic jam,"Kanpur mein traffic jam ki wajah se kaafi samay waste hota hai, kuch solution nahi mil raha!",,,,21,Closed,Low,MEDIUM,false,,,Irritated,,,,2025-02-12 16:52:29.278,2025-02-05 00:00:00,2025-02-05 00:00:00,,,,,,cm725foyr00jbu6o4bmvb9fbd,cm725fl4x00hcu6o4h39z4fls,cm725fp0l00jcu6o4y2m3zxob
cm725fp6d00jfu6o41qye1eg6,Allahabad - Allahabad mein public transport,"Allahabad mein public transport kaafi khatam ho gaya hai, buses time par nahi aati!",,,,8,Closed,Low,MEDIUM,false,,,Annoyed,,,,2025-02-12 16:52:29.365,2025-02-05 00:00:00,2025-02-05 00:00:00,,,,,,cm725f34x007zu6o4ttx7yg6i,cm725fl4x00hcu6o4h39z4fls,cm725fp6100jeu6o4krqxstsv
cm725fpac00jhu6o40ywrgiwu,Lucknow - Lucknow mein har taraf,"Lucknow mein har taraf noise pollution ho raha hai, especially construction sites se!",,,,16,Closed,Low,MEDIUM,false,,,Annoyed,,,,2025-02-12 16:52:29.508,2025-02-05 00:00:00,2025-02-05 00:00:00,,,,,,cm725eu6h001cu6o4vigm0y34,cm725fl4x00hcu6o4h39z4fls,cm725fpa000jgu6o4ypc4otq0
cm725fpf400jku6o4jjgs2733,Noida - Noida mein paani ka,Noida mein paani ka pressure itna kam hai ki daily kaam nahi ho paata!,,,,29,Open,Low,MEDIUM,false,,,Frustrated,,,,2025-02-12 16:52:29.68,2025-02-05 00:00:00,2025-02-05 00:00:00,,,,,,cm725fpcy00jiu6o475jmee2o,cm725fl4x00hcu6o4h39z4fls,cm725fper00jju6o40rpoylus
cm725fpn200jnu6o4fvuvhrq8,Meerut - Meerut mein hospitals mein,"Meerut mein hospitals mein staff ki kami hai, patients ka treatment time par nahi ho paata!",,,,22,Closed,Low,MEDIUM,false,,,Worried,,,,2025-02-12 16:52:29.967,2025-02-05 00:00:00,2025-02-05 00:00:00,,,,,,cm725fpj200jlu6o48000x1nh,cm725fl4x00hcu6o4h39z4fls,cm725fpky00jmu6o4t6u7s9pe
cm725fprz00jqu6o4xt74kgxm,Mathura - Mathura mein kachra har,"Mathura mein kachra har jagah phela hua hai, garbage collection ka system bilkul khatam ho gaya hai!",,,,20,In Progress,Low,MEDIUM,false,,,Disgusted,,,,2025-02-12 16:52:30.143,2025-02-05 00:00:00,2025-02-05 00:00:00,,,,,,cm725fpqb00jou6o4q1yz9l28,cm725fl4x00hcu6o4h39z4fls,cm725fpro00jpu6o4l6s9sx9b
cm725fpx700jsu6o430dgogep,Aligarh - Aligarh mein roads pe,"Aligarh mein roads pe safety measures nahi hain, kaafi accidents ho rahe hain!",,,,4,In Progress,Low,MEDIUM,false,,,Fearful,,,,2025-02-12 16:52:30.332,2025-02-05 00:00:00,2025-02-05 00:00:00,,,,,,cm725etmm000uu6o4ozfcze5n,cm725fl4x00hcu6o4h39z4fls,cm725fpwf00jru6o4srpt1upz
cm725fq1l00juu6o4wo6jvyw2,Gorakhpur - Gorakhpur mein electricity ki,"Gorakhpur mein electricity ki supply bar-bar band ho jati hai, kaafi inconvenience hota hai!",,,,3,Closed,Low,MEDIUM,false,,,Frustrated,,,,2025-02-12 16:52:30.489,2025-02-05 00:00:00,2025-02-05 00:00:00,,,,,,cm725flom00hmu6o4gaydk2u4,cm725fl4x00hcu6o4h39z4fls,cm725fq0l00jtu6o4kj4e847z
cm725fq4800jwu6o4ukrc3hso,Agra - Agra mein traffic kaafi,"Agra mein traffic kaafi badh gaya hai, roads pe jam lagta hai!",,,,21,In Progress,Low,MEDIUM,false,,,Irritated,,,,2025-02-12 16:52:30.584,2025-02-05 00:00:00,2025-02-05 00:00:00,,,,,,cm725fmku00i3u6o4lzdyqako,cm725fl4x00hcu6o4h39z4fls,cm725fq3v00jvu6o464snz64b
cm725fq9500jzu6o4s8kfkn95,Varanasi - Varanasi mein paani ka,Varanasi mein paani ka pressure itna kam hai ki subah-subah paani nahi milta!,,,,18,Closed,Low,MEDIUM,false,,,Frustrated,,,,2025-02-12 16:52:30.762,2025-02-05 00:00:00,2025-02-05 00:00:00,,,,,,cm725fq8d00jxu6o4o6afpu04,cm725fl4x00hcu6o4h39z4fls,cm725fq8v00jyu6o49o5o3npf
cm725fqcl00k2u6o4ugs7zyuy,Kanpur - Kanpur mein public transport,"Kanpur mein public transport kaafi unreliable ho gaya hai, buses har waqt late chalti hain!",,,,16,In Progress,Low,MEDIUM,false,,,Annoyed,,,,2025-02-12 16:52:30.886,2025-02-05 00:00:00,2025-02-05 00:00:00,,,,,,cm725fqb700k0u6o4n6rhn55n,cm725fl4x00hcu6o4h39z4fls,cm725fqcb00k1u6o4e6ipt9d4
cm725fqgz00k5u6o45qiqhytj,Lucknow - Lucknow mein safai ka,"Lucknow mein safai ka system bahut bekar ho gaya hai, kachra har jagah faila hua hai!",,,,17,In Progress,Low,MEDIUM,false,,,Disappointed,,,,2025-02-12 16:52:31.043,2025-02-05 00:00:00,2025-02-05 00:00:00,,,,,,cm725fqfs00k3u6o4rvszmtmz,cm725fl4x00hcu6o4h39z4fls,cm725fqgm00k4u6o4xtnclxhp
cm725fqll00k8u6o4ztsjkf9q,Allahabad - Allahabad mein health services,"Allahabad mein health services kaafi poor hain, hospitals mein facilities kaafi kam hain!",,,,18,Open,Low,MEDIUM,false,,,Worried,,,,2025-02-12 16:52:31.21,2025-02-05 00:00:00,2025-02-05 00:00:00,,,,,,cm725fqki00k6u6o41a266rdr,cm725fl4x00hcu6o4h39z4fls,cm725fqla00k7u6o4tgpl58kw
cm725fqqz00kau6o4iqwutokt,Bareilly - Bareilly mein roads ki,"Bareilly mein roads ki condition itni bekar ho gayi hai, khadde bharne ka koi solution nahi hai!",,,,20,In Progress,Low,MEDIUM,false,,,Frustrated,,,,2025-02-12 16:52:31.403,2025-02-05 00:00:00,2025-02-05 00:00:00,,,,,,cm725fjxu00gqu6o4b6c9bmui,cm725fl4x00hcu6o4h39z4fls,cm725fqq900k9u6o4xt90hh4n
cm725fqwv00kdu6o4gsm3u7ir,Meerut - Meerut mein har jagah,"Meerut mein har jagah loudspeakers ki awaaz sunayi deti hai, yeh noise pollution kaafi badh gaya hai!",,,,19,Open,Low,MEDIUM,false,,,Annoyed,,,,2025-02-12 16:52:31.615,2025-02-05 00:00:00,2025-02-05 00:00:00,,,,,,cm725fqvn00kbu6o45v3v6bfa,cm725fl4x00hcu6o4h39z4fls,cm725fqwd00kcu6o4brz98s6o
cm725fr3000kgu6o4hdk0h032,Kanpur - Kanpur mein kachra sab,"Kanpur mein kachra sab jagah phela hua hai, garbage collection ka proper system nahi hai!",,,,13,In Progress,Low,MEDIUM,false,,,Disgusted,,,,2025-02-12 16:52:31.836,2025-02-05 00:00:00,2025-02-05 00:00:00,,,,,,cm725fr0t00keu6o4kfeibzmz,cm725fl4x00hcu6o4h39z4fls,cm725fr2700kfu6o4ku2x0u30
cm725fr7p00kiu6o4j1zl4w7o,Agra - Agra mein power supply,"Agra mein power supply kaafi inconsistent hai, garmi ke time mein bilkul problem ho rahi hai!",,,,22,Closed,Low,MEDIUM,false,,,Frustrated,,,,2025-02-12 16:52:32.005,2025-02-05 00:00:00,2025-02-05 00:00:00,,,,,,cm725f46g008su6o4uwrwobrs,cm725fl4x00hcu6o4h39z4fls,cm725fr7b00khu6o4bm6uh0ga
cm725frax00kku6o42v30ldww,Lucknow - Lucknow mein raat ko,"Lucknow mein raat ko sadak pe nikalna dangerous ho gaya hai, security kaafi weak ho gayi hai!",,,,8,Open,Low,MEDIUM,false,,,Fearful,,,,2025-02-12 16:52:32.121,2025-02-05 00:00:00,2025-02-05 00:00:00,,,,,,cm725evpg002qu6o4hc2jgjoi,cm725fl4x00hcu6o4h39z4fls,cm725fraj00kju6o4hwd42441
cm725frey00kmu6o4a9uoaamg,Mathura - Mathura mein health services,"Mathura mein health services ki condition kaafi poor ho gayi hai, treatment ke liye proper staff nahi milta!",,,,23,Closed,Low,MEDIUM,false,,,Worried,,,,2025-02-12 16:52:32.266,2025-02-05 00:00:00,2025-02-05 00:00:00,,,,,,cm725f76900aku6o4l8t44bnc,cm725fl4x00hcu6o4h39z4fls,cm725fren00klu6o4mz5p3mis
cm725frjc00kpu6o4ussphyc2,Varanasi - Varnasi mein garbage collection,"Varnasi mein garbage collection ka system bilkul khatam ho gaya hai, har jagah kachra phela hai!",,,,7,Closed,Low,MEDIUM,false,,,Disgusted,,,,2025-02-12 16:52:32.424,2025-02-05 00:00:00,2025-02-05 00:00:00,,,,,,cm725frh500knu6o4j5l1dn1b,cm725fl4x00hcu6o4h39z4fls,cm725fri800kou6o4xgclkp5g
cm725frnm00ksu6o4aezwkyg3,Noida - Noida mein traffic ki,"Noida mein traffic ki wajah se kaafi samay waste hota hai, kuch solution nahi mil raha!",,,,1,Closed,Low,MEDIUM,false,,,Irritated,,,,2025-02-12 16:52:32.579,2025-02-05 00:00:00,2025-02-05 00:00:00,,,,,,cm725frmr00kqu6o4sicqsn7s,cm725fl4x00hcu6o4h39z4fls,cm725frnb00kru6o45v4f396u
cm725fruq00kvu6o4l9il4j2n,Bareilly - Bareilly mein public toilets,"Bareilly mein public toilets bilkul gande ho gaye hain, koi safai ka system nahi hai!",,,,25,Open,Low,MEDIUM,false,,,Disgusted,,,,2025-02-12 16:52:32.834,2025-02-05 00:00:00,2025-02-05 00:00:00,,,,,,cm725frsk00ktu6o4q3xexc8c,cm725fl4x00hcu6o4h39z4fls,cm725frt600kuu6o4r5m4zcz0
cm725fryx00kxu6o4lv6fdv8i,Electricity Issue in Ghaziabad,"गर्मी के मौसम में बिजली की कटौती बढ़ गई है। दिनभर बिजली चली जाती है, जिससे काम करना मुश्किल हो जाता है।",Electricity,Utilities,Power Distribution,27,Open,High,MEDIUM,false,Increased electricity costs,Disruption of daily activities,Exhaustion,,,UP Electricity Act 2017,2025-02-12 16:52:32.986,2025-02-05 00:00:00,2025-02-05 00:00:00,,,,,Increased generator usage causing pollution,cm725fiur00g6u6o4z0g4ml7s,cm725dgc70009u6h4pqcjyeb5,cm725frym00kwu6o4hy19qgnx
cm725fs4k00l0u6o4hwp3o179,Garbage Issue in Meerut,कूड़े का ढेर सड़कों पर पड़ा रहता है। सफाई कर्मचारी कभी भी समय पर नहीं आते हैं।,Garbage,Sanitation,Garbage Collection,10,Open,High,MEDIUM,false,Increased healthcare costs,Health hazards and unhygienic conditions,Disgust,,,UP Sanitation Act 2018,2025-02-12 16:52:33.189,2025-02-05 00:00:00,2025-02-05 00:00:00,,,,,Pollution and pest infestation,cm725fs2e00kyu6o4p7bhhndn,cm725dgdh000au6h4fagm9twc,cm725fs3s00kzu6o4drqlvi4b
cm725fs8m00l2u6o44ve1xa8u,Roads Issue in Noida,सड़कों में गड्ढे और टूट-फूट बहुत बढ़ गई है। इससे दुर्घटनाओं का खतरा बढ़ गया है।,Roads,Infrastructure,Road Maintenance,25,In Progress,High,MEDIUM,false,Vehicle repair costs,Increased accidents and injuries,Irritation,,,UP Road Maintenance Act 2017,2025-02-12 16:52:33.334,2025-02-05 00:00:00,2025-02-05 00:00:00,,,,,Air pollution due to traffic congestion,cm725ezao005ru6o4uc41b0o6,cm725dg3k0003u6h4e8f3kb9h,cm725fs7c00l1u6o4xok75ah3
cm725fsc900l4u6o4b0o4xvo7,Public Transport Issue in Mathura,"बसें बहुत कम आती हैं, और उन पर भारी भीड़ होती है। यात्रा करना बहुत मुश्किल हो गया है।",Public Transport,Transportation,Bus Services,28,In Progress,Medium,MEDIUM,false,Loss of productivity,Inconvenience for daily commuters,Annoyance,,,UP Public Transport Act 2018,2025-02-12 16:52:33.465,2025-02-05 00:00:00,2025-02-05 00:00:00,,,,,Increased pollution due to private vehicle usage,cm725eynd005gu6o4resh0jrb,cm725dggi000cu6h4gbmwutvf,cm725fsbw00l3u6o48ta07fir
cm725fsg700l6u6o4grtgxu5k,Health Services Issue in Aligarh,सरकारी अस्पतालों में इलाज की सुविधाएं बिल्कुल भी ठीक नहीं हैं। मरीजों को बिना इलाज के ही वापस भेज दिया जाता है।,Health Services,Healthcare,Public Health,23,In Progress,High,MEDIUM,false,Increased medical expenses,Poor health outcomes,Frustration,,,UP Health Services Act 2015,2025-02-12 16:52:33.607,2025-02-05 00:00:00,2025-02-05 00:00:00,,,,,None,cm725f0co0066u6o4d979697v,cm725dg6o0005u6h4jkjbkawz,cm725fsf400l5u6o4chd7kdpy
cm725fsl400l8u6o427hkjkat,Police & Law Issue in Muzaffarnagar,पुलिस कार्यवाही में बहुत ही सुस्ती दिखाती है। अपराधियों के खिलाफ कोई कड़ी कार्रवाई नहीं होती।,Police & Law,Law Enforcement,Crime Control,1,Closed,High,MEDIUM,false,Loss of business due to crime,Increased fear and insecurity among residents,Anger,,,UP Police Act 2018,2025-02-12 16:52:33.785,2025-02-05 00:00:00,2025-02-05 00:00:00,,,,,None,cm725evst002tu6o4nf43xk4o,cm725dg830006u6h44jyrjmcn,cm725fskr00l7u6o4c93g1s8t
cm725fspg00lbu6o4ddqzu81j,Education Issue in Jhansi,स्कूलों में पढ़ाई का स्तर बहुत ही कम है। शिक्षक भी अपनी जिम्मेदारी से बचते हैं।,Education,Education,School Curriculum,28,Open,High,MEDIUM,false,Increased private tuition costs,Poor educational outcomes,Concern,,,UP Education Act 2014,2025-02-12 16:52:33.94,2025-02-05 00:00:00,2025-02-05 00:00:00,,,,,None,cm725fsng00l9u6o47n2xgem9,cm725dg9j0007u6h4tzh2udh2,cm725fso500lau6o4ws2aktqa
cm725fssj00ldu6o4e4pzcja9,Water Supply Issue in Mathura,पानी की सप्लाई में गंदगी आती है। हम पानी पीने से पहले उसे छानने को मजबूर हैं।,Water Supply,Utilities,Water Distribution,27,Closed,High,MEDIUM,false,Additional water procurement costs,Disruption of daily life and hygiene,Frustration,,,UP Water Supply Act 2019,2025-02-12 16:52:34.051,2025-02-05 00:00:00,2025-02-05 00:00:00,,,,,Water wastage and contamination,cm725f76900aku6o4l8t44bnc,cm725dgaz0008u6h4o1r9mtq7,cm725fss800lcu6o4qntnp7zc
cm725fsw100lfu6o45hyw2unl,Electricity Issue in Lucknow,"लगातार बिजली की कटौती हो रही है, खासकर गर्मियों में। इससे घर में बहुत परेशानी होती है।",Electricity,Utilities,Power Distribution,23,In Progress,High,MEDIUM,false,Increased electricity costs,Disruption of daily activities,Exhaustion,,,UP Electricity Act 2017,2025-02-12 16:52:34.177,2025-02-05 00:00:00,2025-02-05 00:00:00,,,,,Increased generator usage causing pollution,cm725fs2e00kyu6o4p7bhhndn,cm725dgc70009u6h4pqcjyeb5,cm725fsvo00leu6o41ree9uj0
cm725ft0c00lhu6o4uofwnhiy,Garbage Issue in Varanasi,कूड़ा सड़क पर पड़ा रहता है और सफाई कर्मचारी उसे उठाने के लिए कोई प्रयास नहीं करते।,Garbage,Sanitation,Garbage Collection,15,In Progress,High,MEDIUM,false,Increased healthcare costs,Health hazards and unhygienic conditions,Disgust,,,UP Sanitation Act 2018,2025-02-12 16:52:34.332,2025-02-05 00:00:00,2025-02-05 00:00:00,,,,,Pollution and pest infestation,cm725et130009u6o45e2rnkk7,cm725dgdh000au6h4fagm9twc,cm725ft0100lgu6o4hl9txgnb
cm725ft5700lju6o4wlt9a7km,Roads Issue in Meerut,"सड़कों पर गड्ढे हो गए हैं, जिससे यातायात बहुत प्रभावित हो रहा है। अधिकारियों को इस पर ध्यान देना चाहिए।",Roads,Infrastructure,Road Maintenance,23,Closed,High,MEDIUM,false,Vehicle repair costs,Increased accidents and injuries,Anger,,,UP Road Maintenance Act 2017,2025-02-12 16:52:34.507,2025-02-05 00:00:00,2025-02-05 00:00:00,,,,,Air pollution due to traffic congestion,cm725etmm000uu6o4ozfcze5n,cm725dg3k0003u6h4e8f3kb9h,cm725ft4w00liu6o4epawh16i
cm725ft9u00llu6o4hw9n02np,Public Transport Issue in Kanpur,"सार्वजनिक परिवहन की सेवाएं बहुत ही कम हैं, और जो बसें चलती हैं, उनका समय पर आना असंभव हो जाता है।",Public Transport,Transportation,Bus Services,25,Closed,Medium,MEDIUM,false,Loss of productivity,Inconvenience for daily commuters,Frustration,,,UP Public Transport Act 2018,2025-02-12 16:52:34.674,2025-02-05 00:00:00,2025-02-05 00:00:00,,,,,Increased pollution due to private vehicle usage,cm725et4a000cu6o41zd7iqyb,cm725dggi000cu6h4gbmwutvf,cm725ft8n00lku6o4cpicw2xa
cm725fte300lnu6o4ysbyktc7,Health Services Issue in Agra,अस्पतालों में बहुत भीड़ रहती है। इलाज में समय लगता है और डॉक्टर भी जल्दी से नहीं आते।,Health Services,Healthcare,Public Health,4,Open,High,MEDIUM,false,Increased medical expenses,Poor health outcomes,Helplessness,,,UP Health Services Act 2015,2025-02-12 16:52:34.827,2025-02-05 00:00:00,2025-02-05 00:00:00,,,,,None,cm725evj6002lu6o49iwg8kf9,cm725dg6o0005u6h4jkjbkawz,cm725ftcr00lmu6o4eyywfg65
cm725ftjj00lqu6o4v3yi25vc,Police & Law Issue in Bareilly,पुलिस शिकायतों को गंभीरता से नहीं लेती। कई बार तो शिकायत दर्ज कराने के बाद भी कोई कार्रवाई नहीं होती।,Police & Law,Law Enforcement,Crime Control,16,In Progress,High,MEDIUM,false,Loss of business due to crime,Increased fear and insecurity among residents,Frustration,,,UP Police Act 2018,2025-02-12 16:52:35.023,2025-02-05 00:00:00,2025-02-05 00:00:00,,,,,None,cm725ftho00lou6o4hkyc19kc,cm725dg830006u6h44jyrjmcn,cm725ftia00lpu6o44z5pohgr
cm725ftnu00lsu6o4wpporu77,Education Issue in Saharanpur,स्कूलों में बच्चों को बुनियादी शिक्षा भी नहीं दी जा रही है। शिक्षक की कमी भी है।,Education,Education,School Curriculum,6,In Progress,High,MEDIUM,false,Increased private tuition costs,Poor educational outcomes,Concern,,,UP Education Act 2014,2025-02-12 16:52:35.178,2025-02-05 00:00:00,2025-02-05 00:00:00,,,,,None,cm725f67200a2u6o4k78buxu5,cm725dg9j0007u6h4tzh2udh2,cm725ftnj00lru6o4d9unkipu
cm725ftsm00luu6o4snu69hq6,Water Supply Issue in Bijnor,पानी की सप्लाई घंटों तक नहीं आती है। फिर पानी में गंदगी भी मिल जाती है।,Water Supply,Utilities,Water Distribution,6,In Progress,High,MEDIUM,false,Additional water procurement costs,Disruption of daily life and hygiene,Disappointment,,,UP Water Supply Act 2019,2025-02-12 16:52:35.35,2025-02-05 00:00:00,2025-02-05 00:00:00,,,,,Water wastage and contamination,cm725f38o0082u6o47edcxgkg,cm725dgaz0008u6h4o1r9mtq7,cm725ftro00ltu6o4fu8dd69p
cm725ftwp00lwu6o4wpssdwjw,Electricity Issue in Jhansi,बिजली की सप्लाई बहुत खराब है। घर में इलेक्ट्रॉनिक उपकरण भी बिना बिजली के काम नहीं कर पाते।,Electricity,Utilities,Power Distribution,17,Closed,High,MEDIUM,false,Increased electricity costs,Disruption of daily activities,Exhaustion,,,UP Electricity Act 2017,2025-02-12 16:52:35.496,2025-02-05 00:00:00,2025-02-05 00:00:00,,,,,Increased generator usage causing pollution,cm725fiur00g6u6o4z0g4ml7s,cm725dgc70009u6h4pqcjyeb5,cm725ftwb00lvu6o4evt4332n
cm725fu1z00lzu6o4lfhyqxeb,Garbage Issue in Kanpur,कूड़ा हमेशा सड़कों पर पड़ा रहता है। सफाई कर्मचारियों को इस पर तुरंत ध्यान देना चाहिए।,Garbage,Sanitation,Garbage Collection,30,In Progress,High,MEDIUM,false,Increased healthcare costs,Health hazards and unhygienic conditions,Disgust,,,UP Sanitation Act 2018,2025-02-12 16:52:35.688,2025-02-05 00:00:00,2025-02-05 00:00:00,,,,,Pollution and pest infestation,cm725ftz300lxu6o45fq5jq6s,cm725dgdh000au6h4fagm9twc,cm725fu1p00lyu6o4f3bakqw2
cm725fu7u00m1u6o437yuycpc,Roads Issue in Agra,सड़कों की स्थिति बहुत खराब हो गई है। गड्ढे भरने का काम कभी नहीं होता है।,Roads,Infrastructure,Road Maintenance,30,Closed,High,MEDIUM,false,Vehicle repair costs,Increased accidents and injuries,Irritation,,,UP Road Maintenance Act 2017,2025-02-12 16:52:35.899,2025-02-05 00:00:00,2025-02-05 00:00:00,,,,,Air pollution due to traffic congestion,cm725f4wr009au6o4wv71g3sj,cm725dg3k0003u6h4e8f3kb9h,cm725fu7h00m0u6o40zozvwyg
cm725fubn00m3u6o40i0lhh5i,Public Transport Issue in Faizabad,बसों का आना-जाना बहुत ही अस्थिर है। कई बार घंटों इंतजार करने के बाद भी बसें नहीं आती।,Public Transport,Transportation,Bus Services,8,Open,Medium,MEDIUM,false,Loss of productivity,Inconvenience for daily commuters,Annoyance,,,UP Public Transport Act 2018,2025-02-12 16:52:36.035,2025-02-05 00:00:00,2025-02-05 00:00:00,,,,,Increased pollution due to private vehicle usage,cm725f0co0066u6o4d979697v,cm725dggi000cu6h4gbmwutvf,cm725fubb00m2u6o4eo57gyil
cm725fufh00m5u6o42197mb5i,Health Services Issue in Muzaffarnagar,सरकारी अस्पतालों में डॉक्टरों की कमी और खराब सुविधाएं हैं। इलाज में बहुत देरी होती है।,Health Services,Healthcare,Public Health,15,Closed,High,MEDIUM,false,Increased medical expenses,Poor health outcomes,Helplessness,,,UP Health Services Act 2015,2025-02-12 16:52:36.173,2025-02-05 00:00:00,2025-02-05 00:00:00,,,,,None,cm725evst002tu6o4nf43xk4o,cm725dg6o0005u6h4jkjbkawz,cm725fuec00m4u6o46u4i5r0b
cm725fule00m8u6o4nkebl6nn,Police & Law Issue in Moradabad,पुलिस के पास कोई भी समस्या हल करने का समय नहीं है। अपराध बढ़ रहे हैं और पुलिस की कोई कार्यवाही नहीं हो रही।,Police & Law,Law Enforcement,Crime Control,23,In Progress,High,MEDIUM,false,Loss of business due to crime,Increased fear and insecurity among residents,Anger,,,UP Police Act 2018,2025-02-12 16:52:36.386,2025-02-05 00:00:00,2025-02-05 00:00:00,,,,,None,cm725fuj900m6u6o4t05efsvu,cm725dg830006u6h44jyrjmcn,cm725ful300m7u6o4cya8dkv4
cm725fuo600mau6o4c9cwaj07,Education Issue in Noida,"स्कूलों में शिक्षक की कमी है और जो शिक्षक हैं, उनका ध्यान बच्चों की पढ़ाई पर नहीं होता।",Education,Education,School Curriculum,10,In Progress,High,MEDIUM,false,Increased private tuition costs,Poor educational outcomes,Concern,,,UP Education Act 2014,2025-02-12 16:52:36.486,2025-02-05 00:00:00,2025-02-05 00:00:00,,,,,None,cm725f76900aku6o4l8t44bnc,cm725dg9j0007u6h4tzh2udh2,cm725funu00m9u6o4hl290waq
cm725fusm00mcu6o4l3vp0dos,Water Supply Issue in Aligarh,पानी की सप्लाई कभी समय पर नहीं आती। बार-बार टैंकर भेजने के बाद भी स्थिति में कोई सुधार नहीं हुआ।,Water Supply,Utilities,Water Distribution,9,Closed,High,MEDIUM,false,Additional water procurement costs,Disruption of daily life and hygiene,Frustration,,,UP Water Supply Act 2019,2025-02-12 16:52:36.646,2025-02-05 00:00:00,2025-02-05 00:00:00,,,,,Water wastage and contamination,cm725et130009u6o45e2rnkk7,cm725dgaz0008u6h4o1r9mtq7,cm725fur000mbu6o426enif04
cm725fux600meu6o4xunytjtp,Electricity Issue in Faizabad,बिजली की समस्या अब तक हल नहीं हो पाई है। दिन में कई बार बिजली चली जाती है और फिर घंटों तक नहीं आती।,Electricity,Utilities,Power Distribution,19,In Progress,High,MEDIUM,false,Increased electricity costs,Disruption of daily activities,Exhaustion,,,UP Electricity Act 2017,2025-02-12 16:52:36.81,2025-02-05 00:00:00,2025-02-05 00:00:00,,,,,Increased generator usage causing pollution,cm725fs2e00kyu6o4p7bhhndn,cm725dgc70009u6h4pqcjyeb5,cm725fuvt00mdu6o4ouis15e5
cm725fv2m00mgu6o4v8qgsq2o,Garbage Issue in Moradabad,कूड़े के ढेर सड़कों पर पड़े रहते हैं। सफाई व्यवस्था को बेहतर करने की आवश्यकता है।,Garbage,Sanitation,Garbage Collection,18,Open,High,MEDIUM,false,Increased healthcare costs,Health hazards and unhygienic conditions,Disgust,,,UP Sanitation Act 2018,2025-02-12 16:52:37.006,2025-02-05 00:00:00,2025-02-05 00:00:00,,,,,Pollution and pest infestation,cm725eynd005gu6o4resh0jrb,cm725dgdh000au6h4fagm9twc,cm725fv1100mfu6o41icpl2dl
cm725fv6m00miu6o4jzrig0hw,Roads Issue in Lucknow,"सड़कों पर गड्ढे भरे नहीं जाते। बारिश के बाद तो यह और बढ़ जाते हैं, जिससे वाहन चालक परेशान हो जाते हैं।",Roads,Infrastructure,Road Maintenance,3,Closed,High,MEDIUM,false,Vehicle repair costs,Increased accidents and injuries,Irritation,,,UP Road Maintenance Act 2017,2025-02-12 16:52:37.15,2025-02-05 00:00:00,2025-02-05 00:00:00,,,,,Air pollution due to traffic congestion,cm725fiur00g6u6o4z0g4ml7s,cm725dg3k0003u6h4e8f3kb9h,cm725fv6c00mhu6o4yzgwbn9x
cm725fvah00mku6o4nfakiqpe,Public Transport Issue in Bareilly,बसें हमेशा देर से आती हैं और बहुत भीड़ रहती है। यात्री असहज महसूस करते हैं।,Public Transport,Transportation,Bus Services,9,In Progress,Medium,MEDIUM,false,Loss of productivity,Inconvenience for daily commuters,Annoyance,,,UP Public Transport Act 2018,2025-02-12 16:52:37.29,2025-02-05 00:00:00,2025-02-05 00:00:00,,,,,Increased pollution due to private vehicle usage,cm725et4a000cu6o41zd7iqyb,cm725dggi000cu6h4gbmwutvf,cm725fva700mju6o4dwtjjjfs
cm725fvg100mmu6o4g9cp2mvu,Health Services Issue in Jhansi,सरकारी अस्पतालों में दवाइयों की कमी और डॉक्टरों की अनुपस्थिति से मरीजों को कड़ी परेशानी होती है।,Health Services,Healthcare,Public Health,14,In Progress,High,MEDIUM,false,Increased medical expenses,Poor health outcomes,Helplessness,,,UP Health Services Act 2015,2025-02-12 16:52:37.489,2025-02-05 00:00:00,2025-02-05 00:00:00,,,,,None,cm725euhj001lu6o47cg3cj43,cm725dg6o0005u6h4jkjbkawz,cm725fveb00mlu6o496aimxmd
cm725fvjn00mou6o4ptn1exka,Police & Law Issue in Ghaziabad,पुलिस कभी भी सही समय पर कार्यवाही नहीं करती। अपराधियों के खिलाफ कोई सख्त कदम नहीं उठाए जाते।,Police & Law,Law Enforcement,Crime Control,23,In Progress,High,MEDIUM,false,Loss of business due to crime,Increased fear and insecurity among residents,Anger,,,UP Police Act 2018,2025-02-12 16:52:37.62,2025-02-05 00:00:00,2025-02-05 00:00:00,,,,,None,cm725evst002tu6o4nf43xk4o,cm725dg830006u6h44jyrjmcn,cm725fvjc00mnu6o4mdxozl1g
cm725fvo800mqu6o42sksho3j,Education Issue in Agra,स्कूलों में बच्चों के लिए किसी भी प्रकार के अतिरिक्त पाठ्यक्रम की कोई व्यवस्था नहीं है।,Education,Education,School Curriculum,14,In Progress,High,MEDIUM,false,Increased private tuition costs,Poor educational outcomes,Concern,,,UP Education Act 2014,2025-02-12 16:52:37.785,2025-02-05 00:00:00,2025-02-05 00:00:00,,,,,None,cm725fsng00l9u6o47n2xgem9,cm725dg9j0007u6h4tzh2udh2,cm725fvn900mpu6o4sjacd97p
cm725fvs100msu6o4olfhf0uz,Water Supply Issue in Gorakhpur,पानी की सप्लाई में बहुत ही गंदगी आती है। कभी कभी तो पूरी कॉलोनी को पानी नहीं मिलता।,Water Supply,Utilities,Water Distribution,24,In Progress,High,MEDIUM,false,Additional water procurement costs,Disruption of daily life and hygiene,Frustration,,,UP Water Supply Act 2019,2025-02-12 16:52:37.921,2025-02-05 00:00:00,2025-02-05 00:00:00,,,,,Water wastage and contamination,cm725f38o0082u6o47edcxgkg,cm725dgaz0008u6h4o1r9mtq7,cm725fvro00mru6o4de8xopnd
cm725fvyf00mvu6o4q1m5mbd9,Electricity Issue in Saharanpur,गर्मी के मौसम में बिजली की बहुत ज्यादा कटौती हो रही है। यह समस्या दिन-प्रतिदिन बढ़ती जा रही है।,Electricity,Utilities,Power Distribution,14,Open,High,MEDIUM,false,Increased electricity costs,Disruption of daily activities,Exhaustion,,,UP Electricity Act 2017,2025-02-12 16:52:38.151,2025-02-05 00:00:00,2025-02-05 00:00:00,,,,,Increased generator usage causing pollution,cm725fvvg00mtu6o4cpabq1b5,cm725dgc70009u6h4pqcjyeb5,cm725fvx000muu6o4lcw6uy1i
cm725fw2l00mxu6o4se75qnmf,Garbage Issue in Mathura,सफाई कर्मचारियों द्वारा कूड़े का समय पर उठाव नहीं किया जाता। यह पूरे इलाके में गंदगी फैलाता है।,Garbage,Sanitation,Garbage Collection,5,Open,High,MEDIUM,false,Increased healthcare costs,Health hazards and unhygienic conditions,Disgust,,,UP Sanitation Act 2018,2025-02-12 16:52:38.301,2025-02-05 00:00:00,2025-02-05 00:00:00,,,,,Pollution and pest infestation,cm725et130009u6o45e2rnkk7,cm725dgdh000au6h4fagm9twc,cm725fw1a00mwu6o4v7vqrn6n
cm725fw5100mzu6o47vj5uxlf,Roads Issue in Lucknow,सड़कें खस्ता हालत में हैं। गड्ढों के कारण वाहन चालकों को रोजाना खतरों का सामना करना पड़ता है।,Roads,Infrastructure,Road Maintenance,27,Closed,High,MEDIUM,false,Vehicle repair costs,Increased accidents and injuries,Anger,,,UP Road Maintenance Act 2017,2025-02-12 16:52:38.389,2025-02-05 00:00:00,2025-02-05 00:00:00,,,,,Air pollution due to traffic congestion,cm725et4a000cu6o41zd7iqyb,cm725dg3k0003u6h4e8f3kb9h,cm725fw4p00myu6o463uoqwry
cm725fwa200n1u6o4wwz63bp0,Public Transport Issue in Varanasi,बसें समय पर नहीं आती और हमेशा बहुत भीड़ होती है।,Public Transport,Transportation,Bus Services,11,Open,Medium,MEDIUM,false,Loss of productivity,Inconvenience for daily commuters,Frustration,,,UP Public Transport Act 2018,2025-02-12 16:52:38.57,2025-02-05 00:00:00,2025-02-05 00:00:00,,,,,Increased pollution due to private vehicle usage,cm725euhj001lu6o47cg3cj43,cm725dggi000cu6h4gbmwutvf,cm725fw9p00n0u6o4ylo6p5st
cm725fwcp00n3u6o4mffx1ngk,Health Services Issue in Meerut,सरकारी अस्पतालों में इलाज की सुविधाएं बहुत ही खराब हैं।,Health Services,Healthcare,Public Health,18,Open,High,MEDIUM,false,Increased medical expenses,Poor health outcomes,Helplessness,,,UP Health Services Act 2015,2025-02-12 16:52:38.665,2025-02-05 00:00:00,2025-02-05 00:00:00,,,,,None,cm725evst002tu6o4nf43xk4o,cm725dg6o0005u6h4jkjbkawz,cm725fwcd00n2u6o470sopg55
cm725fwhr00n5u6o4krzjizw2,Police & Law Issue in Mathura,पुलिस कभी भी ठोस कार्रवाई नहीं करती। अपराधियों के खिलाफ कोई भी सख्त कदम नहीं उठाया जाता।,Police & Law,Law Enforcement,Crime Control,27,In Progress,High,MEDIUM,false,Loss of business due to crime,Increased fear and insecurity among residents,Anger,,,UP Police Act 2018,2025-02-12 16:52:38.847,2025-02-05 00:00:00,2025-02-05 00:00:00,,,,,None,cm725fuj900m6u6o4t05efsvu,cm725dg830006u6h44jyrjmcn,cm725fwgo00n4u6o4947xa5gl
cm725fwno00n8u6o4wpjyirex,Education Issue in Jhansi,"स्कूलों में बच्चों को केवल पढ़ाई नहीं, जीवन की अन्य महत्वपूर्ण बातें भी सिखानी चाहिए।",Education,Education,School Curriculum,27,Open,High,MEDIUM,false,Increased private tuition costs,Poor educational outcomes,Concern,,,UP Education Act 2014,2025-02-12 16:52:39.06,2025-02-05 00:00:00,2025-02-05 00:00:00,,,,,None,cm725fwlr00n6u6o4fkqgna0l,cm725dg9j0007u6h4tzh2udh2,cm725fwmc00n7u6o4nafx9ue7
cm725fwu600nau6o4sgod6663,Water Supply Issue in Patna,The water supply in our area is very irregular. Sometimes we don't get water for days.,Water Supply,Utilities,Water Distribution,3,In Progress,High,MEDIUM,false,Additional water procurement costs,Disruption of daily life and hygiene,Frustration,,,UP Water Supply Act 2019,2025-02-12 16:52:39.294,2025-02-05 00:00:00,2025-02-05 00:00:00,,,,,Water wastage and contamination,cm725f76900aku6o4l8t44bnc,cm725dgaz0008u6h4o1r9mtq7,cm725fwtr00n9u6o43ku1c1mj
cm725fwy300ncu6o4gmo5s4tr,Electricity Issue in Ranchi,Frequent power cuts are causing a lot of inconvenience. We can't even use basic appliances.,Electricity,Utilities,Power Distribution,7,Closed,High,MEDIUM,false,Increased electricity costs,Disruption of daily activities,Anger,,,UP Electricity Act 2017,2025-02-12 16:52:39.435,2025-02-05 00:00:00,2025-02-05 00:00:00,,,,,Increased generator usage causing pollution,cm725eu330019u6o42ys5qkfo,cm725dgc70009u6h4pqcjyeb5,cm725fwxs00nbu6o4av6ygzm1
cm725fx3c00neu6o4ftfv4bmc,Garbage Issue in Bhopal,Garbage collection is not regular in our area. The streets are filled with waste.,Garbage,Sanitation,Garbage Collection,15,Closed,High,MEDIUM,false,Increased healthcare costs,Health hazards and unhygienic conditions,Disgust,,,UP Sanitation Act 2018,2025-02-12 16:52:39.624,2025-02-05 00:00:00,2025-02-05 00:00:00,,,,,Pollution and pest infestation,cm725eyqe005ju6o4ade09dly,cm725dgdh000au6h4fagm9twc,cm725fx1100ndu6o495v9bk9v
cm725fx6z00ngu6o48ld7v7oc,Roads Issue in Indore,The roads in our area are full of potholes. It's very difficult to drive safely.,Roads,Infrastructure,Road Maintenance,9,In Progress,High,MEDIUM,false,Vehicle repair costs,Increased accidents and injuries,Frustration,,,UP Road Maintenance Act 2017,2025-02-12 16:52:39.755,2025-02-05 00:00:00,2025-02-05 00:00:00,,,,,Air pollution due to traffic congestion,cm725f4wr009au6o4wv71g3sj,cm725dg3k0003u6h4e8f3kb9h,cm725fx6e00nfu6o4qp9kyp7g
cm725fxb200niu6o4eog8wox7,Public Transport Issue in Jaipur,The buses are always overcrowded and never on time. It's very hard to commute.,Public Transport,Transportation,Bus Services,20,Open,Medium,MEDIUM,false,Loss of productivity,Inconvenience for daily commuters,Irritation,,,UP Public Transport Act 2018,2025-02-12 16:52:39.902,2025-02-05 00:00:00,2025-02-05 00:00:00,,,,,Increased pollution due to private vehicle usage,cm725f2tt007qu6o4bez55hkl,cm725dggi000cu6h4gbmwutvf,cm725fxap00nhu6o4hda7h9hd
cm725fxf200nku6o44kkt35bc,Health Services Issue in Kochi,The local health center lacks basic facilities and the staff is overworked.,Health Services,Healthcare,Public Health,16,In Progress,High,MEDIUM,false,Increased medical expenses,Poor health outcomes,Concern,,,UP Health Services Act 2015,2025-02-12 16:52:40.046,2025-02-05 00:00:00,2025-02-05 00:00:00,,,,,None,cm725f2lu007ku6o4c4kk3kvx,cm725dg6o0005u6h4jkjbkawz,cm725fxdu00nju6o4er477llu
cm725fxmw00nmu6o4ze0ncbqp,Police & Law Issue in Thiruvananthapuram,The police are not responsive to complaints. There is a rise in thefts in our area.,Police & Law,Law Enforcement,Crime Control,15,Closed,High,MEDIUM,false,Loss of business due to crime,Increased fear and insecurity among residents,Disappointment,,,UP Police Act 2018,2025-02-12 16:52:40.328,2025-02-05 00:00:00,2025-02-05 00:00:00,,,,,None,cm725f2po007nu6o4fmamwpx8,cm725dg830006u6h44jyrjmcn,cm725fxhu00nlu6o4d1g3ktsq
cm725fxwk00nou6o4wifclmgg,Education Issue in Amritsar,The government school lacks basic infrastructure and proper teaching staff.,Education,Education,School Curriculum,18,Closed,High,MEDIUM,false,Increased private tuition costs,Poor educational outcomes,Frustration,,,UP Education Act 2014,2025-02-12 16:52:40.676,2025-02-05 00:00:00,2025-02-05 00:00:00,,,,,None,cm725f2x3007tu6o4x07tr089,cm725dg9j0007u6h4tzh2udh2,cm725fxul00nnu6o4jh3hqg3u
cm725fy0i00nqu6o4dzll1lxm,Water Supply Issue in Raipur,We face water scarcity every summer. The municipality's water supply is erratic.,Water Supply,Utilities,Water Distribution,19,Open,High,MEDIUM,false,Additional water procurement costs,Disruption of daily life and hygiene,Concern,,,UP Water Supply Act 2019,2025-02-12 16:52:40.818,2025-02-05 00:00:00,2025-02-05 00:00:00,,,,,Water wastage and contamination,cm725f30z007wu6o4890gzbkg,cm725dgaz0008u6h4o1r9mtq7,cm725fxzm00npu6o4ylftzftz
cm725fy4l00nsu6o4m9omxrkx,Electricity Issue in Udaipur,Frequent power cuts are causing a lot of inconvenience. We can't even use basic appliances.,Electricity,Utilities,Power Distribution,6,Closed,High,MEDIUM,false,Increased electricity costs,Disruption of daily activities,Anger,,,UP Electricity Act 2017,2025-02-12 16:52:40.965,2025-02-05 00:00:00,2025-02-05 00:00:00,,,,,Increased generator usage causing pollution,cm725f34x007zu6o4ttx7yg6i,cm725dgc70009u6h4pqcjyeb5,cm725fy3300nru6o4uesh5vdh
cm725fy8r00ntu6o4gugzxyg4,Garbage Issue in Lucknow,Garbage collection is not regular in our area. The streets are filled with waste.,Garbage,Sanitation,Garbage Collection,22,In Progress,High,MEDIUM,false,Increased healthcare costs,Health hazards and unhygienic conditions,Frustration,,,UP Sanitation Act 2018,2025-02-12 16:52:41.115,2025-02-05 00:00:00,2025-02-05 00:00:00,,,,,Pollution and pest infestation,cm725f38o0082u6o47edcxgkg,cm725dgdh000au6h4fagm9twc,cm725evmu002ou6o4vxnvdhcr
cm725fybm00nvu6o4d4ynnzx5,Roads Issue in Kanpur,The roads in our area are full of potholes. It's very difficult to drive safely.,Roads,Infrastructure,Road Maintenance,13,Open,High,MEDIUM,false,Vehicle repair costs,Increased accidents and injuries,Disgust,,,UP Road Maintenance Act 2017,2025-02-12 16:52:41.218,2025-02-05 00:00:00,2025-02-05 00:00:00,,,,,Air pollution due to traffic congestion,cm725f3co0085u6o4bgbmheqj,cm725dg3k0003u6h4e8f3kb9h,cm725fybc00nuu6o4gaab3ntr
cm725fyg100nxu6o4n0i4dwa4,Public Transport Issue in Pune,The buses are always overcrowded and never on time. It's very hard to commute.,Public Transport,Transportation,Bus Services,27,Open,Medium,MEDIUM,false,Loss of productivity,Inconvenience for daily commuters,Frustration,,,UP Public Transport Act 2018,2025-02-12 16:52:41.377,2025-02-05 00:00:00,2025-02-05 00:00:00,,,,,Increased pollution due to private vehicle usage,cm725f3gc0088u6o448ixet8v,cm725dggi000cu6h4gbmwutvf,cm725fyel00nwu6o4rxt1wpv2
cm725fyjg00nzu6o4jsj14qg2,Health Services Issue in Agra,The local health center lacks basic facilities and the staff is overworked.,Health Services,Healthcare,Public Health,5,Open,High,MEDIUM,false,Increased medical expenses,Poor health outcomes,Concern,,,UP Health Services Act 2015,2025-02-12 16:52:41.501,2025-02-05 00:00:00,2025-02-05 00:00:00,,,,,None,cm725espe0000u6o40tsgshuf,cm725dg6o0005u6h4jkjbkawz,cm725fyj400nyu6o4i99e6dsx
cm725fyp000o1u6o45mur9wa9,Water Supply Issue in Kanpur,The water supply is very irregular. Sometimes we don't get water for days.,Water Supply,Utilities,Water Distribution,1,Closed,High,MEDIUM,false,Additional water procurement costs,Disruption of daily life and hygiene,Anger,,,UP Water Supply Act 2019,2025-02-12 16:52:41.7,2025-02-05 00:00:00,2025-02-05 00:00:00,,,,,Water wastage and contamination,cm725f3n1008du6o4f2tm09sb,cm725dgaz0008u6h4o1r9mtq7,cm725fyom00o0u6o428sm0uaf
cm725fyrp00o3u6o4sdwm59y0,Electricity Issue in Varanasi,Frequent power cuts are causing a lot of inconvenience. We can't even use basic appliances.,Electricity,Utilities,Power Distribution,8,Open,High,MEDIUM,false,Increased electricity costs,Disruption of daily activities,Frustration,,,UP Electricity Act 2017,2025-02-12 16:52:41.797,2025-02-05 00:00:00,2025-02-05 00:00:00,,,,,Increased generator usage causing pollution,cm725f3qo008gu6o4k2jcomda,cm725dgc70009u6h4pqcjyeb5,cm725fyrb00o2u6o4thhcsa89
cm725fyxz00o5u6o4mhxe8ap9,Garbage Issue in Agra,Garbage collection is not regular in our area. The streets are filled with waste.,Garbage,Sanitation,Garbage Collection,11,Open,High,MEDIUM,false,Increased healthcare costs,Health hazards and unhygienic conditions,Disgust,,,UP Sanitation Act 2018,2025-02-12 16:52:42.023,2025-02-05 00:00:00,2025-02-05 00:00:00,,,,,Pollution and pest infestation,cm725f3ux008ju6o4shmi1x5q,cm725dgdh000au6h4fagm9twc,cm725fyxl00o4u6o4si25fi9v
cm725fz1y00o7u6o4daqrlwb7,Roads Issue in Gorakhpur,The roads in our area are full of potholes. It's very difficult to drive safely.,Roads,Infrastructure,Road Maintenance,14,In Progress,High,MEDIUM,false,Vehicle repair costs,Increased accidents and injuries,Irritation,,,UP Road Maintenance Act 2017,2025-02-12 16:52:42.166,2025-02-05 00:00:00,2025-02-05 00:00:00,,,,,Air pollution due to traffic congestion,cm725f3yx008mu6o4mbfmhr0y,cm725dg3k0003u6h4e8f3kb9h,cm725fz1i00o6u6o4xc7sdmw9
cm725fz6p00o9u6o4czd62kne,Public Transport Issue in Allahabad,The buses are always overcrowded and never on time. It's very hard to commute.,Public Transport,Transportation,Bus Services,27,Open,Medium,MEDIUM,false,Loss of productivity,Inconvenience for daily commuters,Annoyance,,,UP Public Transport Act 2018,2025-02-12 16:52:42.338,2025-02-05 00:00:00,2025-02-05 00:00:00,,,,,Increased pollution due to private vehicle usage,cm725f41x008pu6o45ta7mw6i,cm725dggi000cu6h4gbmwutvf,cm725fz6d00o8u6o48djfzam7
cm725fz9k00obu6o4hd39jodj,Health Services Issue in Meerut,The local health center lacks basic facilities and the staff is overworked.,Health Services,Healthcare,Public Health,15,Closed,High,MEDIUM,false,Increased medical expenses,Poor health outcomes,Helplessness,,,UP Health Services Act 2015,2025-02-12 16:52:42.44,2025-02-05 00:00:00,2025-02-05 00:00:00,,,,,None,cm725f46g008su6o4uwrwobrs,cm725dg6o0005u6h4jkjbkawz,cm725fz9800oau6o4tnlnuvll
cm725fzck00odu6o4zxz7bkag,Police & Law Issue in Mathura,The police are not responsive to complaints. There is a rise in thefts in our area.,Police & Law,Law Enforcement,Crime Control,13,In Progress,High,MEDIUM,false,Loss of business due to crime,Increased fear and insecurity among residents,Frustration,,,UP Police Act 2018,2025-02-12 16:52:42.549,2025-02-05 00:00:00,2025-02-05 00:00:00,,,,,None,cm725f4ag008vu6o48rmbcd50,cm725dg830006u6h44jyrjmcn,cm725fzc900ocu6o419kz83eg
cm725fzg800ofu6o4cb2klpng,Education Issue in Bareilly,The government school lacks basic infrastructure and proper teaching staff.,Education,Education,School Curriculum,8,Closed,High,MEDIUM,false,Increased private tuition costs,Poor educational outcomes,Concern,,,UP Education Act 2014,2025-02-12 16:52:42.68,2025-02-05 00:00:00,2025-02-05 00:00:00,,,,,None,cm725et130009u6o45e2rnkk7,cm725dg9j0007u6h4tzh2udh2,cm725fzfx00oeu6o42lko4d2a
cm725fzjz00ohu6o47mp1ypr4,Water Supply Issue in Lucknow,The water supply is very irregular. Sometimes we don't get water for days.,Water Supply,Utilities,Water Distribution,26,Closed,High,MEDIUM,false,Additional water procurement costs,Disruption of daily life and hygiene,Disappointment,,,UP Water Supply Act 2019,2025-02-12 16:52:42.816,2025-02-05 00:00:00,2025-02-05 00:00:00,,,,,Water wastage and contamination,cm725f4gr0090u6o434u3i3np,cm725dgaz0008u6h4o1r9mtq7,cm725fziy00ogu6o4xbde1mbr
cm725fznj00oju6o4gu7fh4ac,Electricity Issue in Faizabad,Frequent power cuts are causing a lot of inconvenience. We can't even use basic appliances.,Electricity,Utilities,Power Distribution,11,Closed,High,MEDIUM,false,Increased electricity costs,Disruption of daily activities,Anger,,,UP Electricity Act 2017,2025-02-12 16:52:42.943,2025-02-05 00:00:00,2025-02-05 00:00:00,,,,,Increased generator usage causing pollution,cm725f4ki0093u6o46usuq3ci,cm725dgc70009u6h4pqcjyeb5,cm725fzn700oiu6o46kjbqazq
cm725fzrt00olu6o4mcsh3l8k,Garbage Issue in Aligarh,Garbage collection is not regular in our area. The streets are filled with waste.,Garbage,Sanitation,Garbage Collection,14,Open,High,MEDIUM,false,Increased healthcare costs,Health hazards and unhygienic conditions,Frustration,,,UP Sanitation Act 2018,2025-02-12 16:52:43.097,2025-02-05 00:00:00,2025-02-05 00:00:00,,,,,Pollution and pest infestation,cm725euhj001lu6o47cg3cj43,cm725dgdh000au6h4fagm9twc,cm725fzrh00oku6o477vbrow1
cm725fzvv00onu6o4bukmydya,Roads Issue in Saharanpur,The roads in our area are full of potholes. It's very difficult to drive safely.,Roads,Infrastructure,Road Maintenance,12,In Progress,High,MEDIUM,false,Vehicle repair costs,Increased accidents and injuries,Displeasure,,,UP Road Maintenance Act 2017,2025-02-12 16:52:43.243,2025-02-05 00:00:00,2025-02-05 00:00:00,,,,,Air pollution due to traffic congestion,cm725evst002tu6o4nf43xk4o,cm725dg3k0003u6h4e8f3kb9h,cm725fzvj00omu6o4z7n7n750
cm725g01c00oqu6o4qe4lp7xj,Health Services Issue in Jhansi,सरकारी अस्पतालों में मरीजों को इलाज देने की कोई व्यवस्था नहीं है। डॉक्टर भी बुरी हालत में हैं।,Health Services,Healthcare,Public Health,19,Open,High,MEDIUM,false,Increased medical expenses,Poor health outcomes,Helplessness,,,UP Health Services Act 2015,2025-02-12 16:52:43.44,2025-02-05 00:00:00,2025-02-05 00:00:00,,,,,None,cm725g00800oou6o4xpyu3qcd,cm725dg6o0005u6h4jkjbkawz,cm725g01100opu6o4qsekcqnh
cm725g05300osu6o4qukf6h94,Police & Law Issue in Agra,पुलिस अपराधियों के खिलाफ कोई कार्रवाई नहीं करती। अपराध बढ़ते जा रहे हैं।,Police & Law,Law Enforcement,Crime Control,20,Open,High,MEDIUM,false,Loss of business due to crime,Increased fear and insecurity among residents,Anger,,,UP Police Act 2018,2025-02-12 16:52:43.575,2025-02-05 00:00:00,2025-02-05 00:00:00,,,,,None,cm725eyqe005ju6o4ade09dly,cm725dg830006u6h44jyrjmcn,cm725g04s00oru6o4xt17o60a
cm725g09z00ouu6o4dnu7nbko,Education Issue in Moradabad,"स्कूलों में शिक्षकों की बहुत कमी है और जो शिक्षक हैं, उनका बच्चों के प्रति कोई ध्यान नहीं है।",Education,Education,School Curriculum,24,In Progress,High,MEDIUM,false,Increased private tuition costs,Poor educational outcomes,Concern,,,UP Education Act 2014,2025-02-12 16:52:43.751,2025-02-05 00:00:00,2025-02-05 00:00:00,,,,,None,cm725f76900aku6o4l8t44bnc,cm725dg9j0007u6h4tzh2udh2,cm725g08v00otu6o4db31xrw3
cm725g0f900oxu6o4xhha0xg2,Water Supply Issue in Meerut,पानी की सप्लाई कई बार नहीं आती। पानी का दबाव भी बहुत कम रहता है।,Water Supply,Utilities,Water Distribution,1,In Progress,High,MEDIUM,false,Additional water procurement costs,Disruption of daily life and hygiene,Frustration,,,UP Water Supply Act 2019,2025-02-12 16:52:43.941,2025-02-05 00:00:00,2025-02-05 00:00:00,,,,,Water wastage and contamination,cm725g0dh00ovu6o4m21pgwzx,cm725dgaz0008u6h4o1r9mtq7,cm725g0ec00owu6o4v6ie62bs
cm725g0s200p0u6o40phccc4m,Electricity Issue in Bijnor,बिजली की कटौती से हम सभी परेशान हो गए हैं। कई बार दिनभर बिजली चली जाती है।,Electricity,Utilities,Power Distribution,4,In Progress,High,MEDIUM,false,Increased electricity costs,Disruption of daily activities,Exhaustion,,,UP Electricity Act 2017,2025-02-12 16:52:44.402,2025-02-05 00:00:00,2025-02-05 00:00:00,,,,,Increased generator usage causing pollution,cm725g0lu00oyu6o4is4wx4t9,cm725dgc70009u6h4pqcjyeb5,cm725g0mk00ozu6o484jdofvg
cm725g0yf00p2u6o4wughk8yd,Garbage Issue in Kanpur,कूड़ा सड़कों पर पड़ा रहता है और सफाई कर्मचारियों का कोई ध्यान नहीं है।,Garbage,Sanitation,Garbage Collection,7,Open,High,MEDIUM,false,Increased healthcare costs,Health hazards and unhygienic conditions,Disgust,,,UP Sanitation Act 2018,2025-02-12 16:52:44.631,2025-02-05 00:00:00,2025-02-05 00:00:00,,,,,Pollution and pest infestation,cm725euhj001lu6o47cg3cj43,cm725dgdh000au6h4fagm9twc,cm725g0xq00p1u6o417kzf6wt
cm725g12w00p5u6o4hvf3n0om,Roads Issue in Ghaziabad,सड़कों पर गड्ढे और टूटी-फूटी सड़कें बहुत बढ़ गई हैं। यह दुर्घटनाओं का कारण बन रही हैं।,Roads,Infrastructure,Road Maintenance,13,Closed,High,MEDIUM,false,Vehicle repair costs,Increased accidents and injuries,Irritation,,,UP Road Maintenance Act 2017,2025-02-12 16:52:44.793,2025-02-05 00:00:00,2025-02-05 00:00:00,,,,,Air pollution due to traffic congestion,cm725g11700p3u6o4fjyyfwrg,cm725dg3k0003u6h4e8f3kb9h,cm725g11r00p4u6o4ezlp9of6
cm725g18e00p8u6o4v8q7690j,Public Transport Issue in Varanasi,बसों की कमी है। लंबा इंतजार करने के बाद भी बस नहीं आती।,Public Transport,Transportation,Bus Services,20,In Progress,Medium,MEDIUM,false,Loss of productivity,Inconvenience for daily commuters,Frustration,,,UP Public Transport Act 2018,2025-02-12 16:52:44.99,2025-02-05 00:00:00,2025-02-05 00:00:00,,,,,Increased pollution due to private vehicle usage,cm725g16600p6u6o44jkzah84,cm725dggi000cu6h4gbmwutvf,cm725g17800p7u6o4or4iqe5r
cm725g1bg00pau6o43bqe6mv7,Health Services Issue in Bareilly,सरकारी अस्पतालों में डॉक्टरों की कमी है और मरीजों को ठीक से इलाज नहीं मिल पाता।,Health Services,Healthcare,Public Health,4,Open,High,MEDIUM,false,Increased medical expenses,Poor health outcomes,Helplessness,,,UP Health Services Act 2015,2025-02-12 16:52:45.1,2025-02-05 00:00:00,2025-02-05 00:00:00,,,,,None,cm725eya10055u6o49m2dosn8,cm725dg6o0005u6h4jkjbkawz,cm725g1b500p9u6o4po4ha2ea
cm725g1es00pcu6o4c8tqvogd,Police & Law Issue in Gorakhpur,पुलिस का रवैया बहुत ही खराब है। कोई भी शिकायत सुनी नहीं जाती।,Police & Law,Law Enforcement,Crime Control,22,In Progress,High,MEDIUM,false,Loss of business due to crime,Increased fear and insecurity among residents,Anger,,,UP Police Act 2018,2025-02-12 16:52:45.22,2025-02-05 00:00:00,2025-02-05 00:00:00,,,,,None,cm725et130009u6o45e2rnkk7,cm725dg830006u6h44jyrjmcn,cm725g1e600pbu6o46oswzanc
cm725g1ic00peu6o4hoclvxqm,Education Issue in Saharanpur,स्कूलों में पढ़ाई का स्तर बहुत खराब है। शिक्षक बच्चों को ठीक से पढ़ाने के बजाय अपनी छुट्टियां लेते रहते हैं।,Education,Education,School Curriculum,12,Open,High,MEDIUM,false,Increased private tuition costs,Poor educational outcomes,Concern,,,UP Education Act 2014,2025-02-12 16:52:45.349,2025-02-05 00:00:00,2025-02-05 00:00:00,,,,,None,cm725f38o0082u6o47edcxgkg,cm725dg9j0007u6h4tzh2udh2,cm725g1i000pdu6o4vuighfyt
cm725g1ls00pgu6o4om2aycll,Water Supply Issue in Muzaffarnagar,"पानी की सप्लाई बहुत अस्थिर रहती है। कभी बहुत कम पानी आता है, तो कभी बिल्कुल नहीं आता।",Water Supply,Utilities,Water Distribution,19,Closed,High,MEDIUM,false,Additional water procurement costs,Disruption of daily life and hygiene,Frustration,,,UP Water Supply Act 2019,2025-02-12 16:52:45.473,2025-02-05 00:00:00,2025-02-05 00:00:00,,,,,Water wastage and contamination,cm725eu6h001cu6o4vigm0y34,cm725dgaz0008u6h4o1r9mtq7,cm725g1lh00pfu6o4620pk6bt
cm725g1pj00pju6o4fmf97up1,Electricity Issue in Aligarh,बिजली की समस्याएं और बढ़ रही हैं। गर्मी में बिजली के बिना रहना बहुत कठिन हो जाता है।,Electricity,Utilities,Power Distribution,9,Open,High,MEDIUM,false,Increased electricity costs,Disruption of daily activities,Exhaustion,,,UP Electricity Act 2017,2025-02-12 16:52:45.607,2025-02-05 00:00:00,2025-02-05 00:00:00,,,,,Increased generator usage causing pollution,cm725g1og00phu6o4zh6rk7qg,cm725dgc70009u6h4pqcjyeb5,cm725g1oy00piu6o41xm3rpmd
cm725g1vi00plu6o4qmrfhlct,Garbage Issue in Lucknow,कूड़ा उठाने वाली गाड़ी कभी भी समय पर नहीं आती। कूड़ा सड़कों पर पड़ा रहता है।,Garbage,Sanitation,Garbage Collection,20,Open,High,MEDIUM,false,Increased healthcare costs,Health hazards and unhygienic conditions,Disgust,,,UP Sanitation Act 2018,2025-02-12 16:52:45.822,2025-02-05 00:00:00,2025-02-05 00:00:00,,,,,Pollution and pest infestation,cm725evj6002lu6o49iwg8kf9,cm725dgdh000au6h4fagm9twc,cm725g1v700pku6o4m9q0ydof
cm725g1zo00pnu6o4iubtb1v0,Roads Issue in Agra,सड़कें खस्ता हालत में हैं। गड्ढों के कारण गाड़ी चलाना मुश्किल हो गया है।,Roads,Infrastructure,Road Maintenance,29,Open,High,MEDIUM,false,Vehicle repair costs,Increased accidents and injuries,Irritation,,,UP Road Maintenance Act 2017,2025-02-12 16:52:45.973,2025-02-05 00:00:00,2025-02-05 00:00:00,,,,,Air pollution due to traffic congestion,cm725evg6002iu6o4g8m3pf7v,cm725dg3k0003u6h4e8f3kb9h,cm725g1ze00pmu6o47ft9oz7c
cm725g23g00ppu6o4ym3ikf81,Public Transport Issue in Jhansi,बसों की हालत बहुत खराब हो गई है। सीटें भी बहुत गंदी रहती हैं।,Public Transport,Transportation,Bus Services,12,Open,Medium,MEDIUM,false,Loss of productivity,Inconvenience for daily commuters,Frustration,,,UP Public Transport Act 2018,2025-02-12 16:52:46.108,2025-02-05 00:00:00,2025-02-05 00:00:00,,,,,Increased pollution due to private vehicle usage,cm725espe0000u6o40tsgshuf,cm725dggi000cu6h4gbmwutvf,cm725g22z00pou6o41qon6jfn
cm725g28v00pru6o42s14e62d,Health Services Issue in Moradabad,सरकारी अस्पतालों में दवाइयों की कमी और डॉक्टरों की अनुपस्थिति से मरीजों को बहुत तकलीफ होती है।,Health Services,Healthcare,Public Health,22,In Progress,High,MEDIUM,false,Increased medical expenses,Poor health outcomes,Helplessness,,,UP Health Services Act 2015,2025-02-12 16:52:46.303,2025-02-05 00:00:00,2025-02-05 00:00:00,,,,,None,cm725g0lu00oyu6o4is4wx4t9,cm725dg6o0005u6h4jkjbkawz,cm725g28d00pqu6o4bakvtoqy
cm725g2g700ptu6o47jwfhz3c,Police & Law Issue in Meerut,पुलिस अपराधियों के खिलाफ कार्रवाई नहीं करती। स्थिति और भी बिगड़ रही है।,Police & Law,Law Enforcement,Crime Control,21,Closed,High,MEDIUM,false,Loss of business due to crime,Increased fear and insecurity among residents,Anger,,,UP Police Act 2018,2025-02-12 16:52:46.567,2025-02-05 00:00:00,2025-02-05 00:00:00,,,,,None,cm725et130009u6o45e2rnkk7,cm725dg830006u6h44jyrjmcn,cm725g2fq00psu6o4s4vdyzhn
cm725g2n000pvu6o4jfwdde1j,Education Issue in Gorakhpur,"स्कूलों में बच्चों को सही शिक्षा नहीं मिल रही। बहुत सी चीजें जो जीवन के लिए जरूरी हैं, वो भी नहीं सिखाई जातीं।",Education,Education,School Curriculum,8,Closed,High,MEDIUM,false,Increased private tuition costs,Poor educational outcomes,Concern,,,UP Education Act 2014,2025-02-12 16:52:46.812,2025-02-05 00:00:00,2025-02-05 00:00:00,,,,,None,cm725f76900aku6o4l8t44bnc,cm725dg9j0007u6h4tzh2udh2,cm725g2mq00puu6o49m2rcf01
cm725g2rl00pyu6o4zkxm830s,Water Supply Issue in Mathura,पानी की सप्लाई बहुत अस्थिर हो गई है। कई बार पूरे दिन पानी नहीं आता।,Water Supply,Utilities,Water Distribution,27,Open,High,MEDIUM,false,Additional water procurement costs,Disruption of daily life and hygiene,Frustration,,,UP Water Supply Act 2019,2025-02-12 16:52:46.977,2025-02-05 00:00:00,2025-02-05 00:00:00,,,,,Water wastage and contamination,cm725g2qr00pwu6o4s19pmfay,cm725dgaz0008u6h4o1r9mtq7,cm725g2ra00pxu6o41tyjqqma
cm725g2wb00q0u6o44j3tmhos,Electricity Issue in Kanpur,गर्मी के मौसम में बिजली की कटौती बहुत बढ़ गई है। कई बार तो घंटों बिजली चली जाती है।,Electricity,Utilities,Power Distribution,3,Open,High,MEDIUM,false,Increased electricity costs,Disruption of daily activities,Exhaustion,,,UP Electricity Act 2017,2025-02-12 16:52:47.147,2025-02-05 00:00:00,2025-02-05 00:00:00,,,,,Increased generator usage causing pollution,cm725g2vg00pzu6o4pkl85lei,cm725dgc70009u6h4pqcjyeb5,cm725fr2700kfu6o4ku2x0u30
cm725g30j00q2u6o4r6fv0mjx,Health Services Issue in Kanpur,"Kanpur mein hospitals mein treatment ki quality bilkul bekar ho gayi hai, bahut der tak wait karna padta hai.",Health Services,Healthcare,Public Health,10,In Progress,High,MEDIUM,false,Increased medical expenses,Poor health outcomes,Concerned,,,UP Health Services Act 2015,2025-02-12 16:52:47.299,2025-02-05 00:00:00,2025-02-05 00:00:00,,,,,None,cm725euu3001xu6o4t56rbsbj,cm725dg6o0005u6h4jkjbkawz,cm725g30600q1u6o4ntzc2m7v
cm725g34900q5u6o46tmxiydc,Roads Issue in Agra,"Agra ke main roads pe potholes hai jo kaafi dangerous hai, aur koi bhi repair ka kaam nahi ho raha hai.",Roads,Infrastructure,Road Maintenance,15,In Progress,High,MEDIUM,false,Vehicle repair costs,Increased accidents and injuries,Angry,,,UP Road Maintenance Act 2017,2025-02-12 16:52:47.434,2025-02-05 00:00:00,2025-02-05 00:00:00,,,,,Air pollution due to traffic congestion,cm725g32z00q3u6o49lkygnnz,cm725dg3k0003u6h4e8f3kb9h,cm725g33h00q4u6o4pehaqn65
cm725g39700q7u6o41f8isxwc,Water Supply Issue in Moradabad,Moradabad mein paani ki supply kaafi irregular ho gayi hai. Humare ghar mein ek mahine se paani ka issue chal raha hai.,Water Supply,Utilities,Water Distribution,4,In Progress,High,MEDIUM,false,Additional water procurement costs,Disruption of daily life and hygiene,Frustrated,,,UP Water Supply Act 2019,2025-02-12 16:52:47.612,2025-02-05 00:00:00,2025-02-05 00:00:00,,,,,Water wastage and contamination,cm725etmm000uu6o4ozfcze5n,cm725dgaz0008u6h4o1r9mtq7,cm725g38c00q6u6o45kz1uzwh
cm725g3cv00q9u6o4jecibqk6,Police & Law Issue in Aligarh,"Aligarh mein police ka response kaafi slow hai. Recently kuch logon ne mujhe darpoks kiya, par police ne koi action nahi liya.",Police & Law,Law Enforcement,Crime Control,23,In Progress,High,MEDIUM,false,Loss of business due to crime,Increased fear and insecurity among residents,Upset,,,UP Police Act 2018,2025-02-12 16:52:47.743,2025-02-05 00:00:00,2025-02-05 00:00:00,,,,,None,cm725fkm600h3u6o4etvgs877,cm725dg830006u6h44jyrjmcn,cm725g3cj00q8u6o47244n8w4
cm725g3gi00qbu6o48vzr6w3v,Garbage Issue in Varanasi,Varanasi mein safai ki situation bohot khatarnak ho gayi hai. Har corner par kachra pada rehta hai.,Garbage,Sanitation,Garbage Collection,19,In Progress,High,MEDIUM,false,Increased healthcare costs,Health hazards and unhygienic conditions,Disgusted,,,UP Sanitation Act 2018,2025-02-12 16:52:47.875,2025-02-05 00:00:00,2025-02-05 00:00:00,,,,,Pollution and pest infestation,cm725evst002tu6o4nf43xk4o,cm725dgdh000au6h4fagm9twc,cm725g3g600qau6o40lvpf3qp
cm725g3jv00qdu6o4dgiewlr5,Electricity Issue in Lucknow,"Lucknow mein bijli ki supply bohot bekar ho gayi hai, baar-baar jaati hai aur kabhi kabhi toh raat bhar nahi aati.",Electricity,Utilities,Power Distribution,4,Closed,High,MEDIUM,false,Increased electricity costs,Disruption of daily activities,Annoyed,,,UP Electricity Act 2017,2025-02-12 16:52:47.995,2025-02-05 00:00:00,2025-02-05 00:00:00,,,,,Increased generator usage causing pollution,cm725f34x007zu6o4ttx7yg6i,cm725dgc70009u6h4pqcjyeb5,cm725g3jl00qcu6o433rjjuea
cm725g3mt00qfu6o45h7m5rao,Public Transport Issue in Ghaziabad,"Ghaziabad mein bus services kaafi bekar ho gayi hain, public transport mein kaafi delays ho rahe hain.",Public Transport,Transportation,Bus Services,24,Closed,Medium,MEDIUM,false,Loss of productivity,Inconvenience for daily commuters,Irritated,,,UP Public Transport Act 2018,2025-02-12 16:52:48.101,2025-02-05 00:00:00,2025-02-05 00:00:00,,,,,Increased pollution due to private vehicle usage,cm725ev3p0026u6o4e1wvi4g8,cm725dggi000cu6h4gbmwutvf,cm725g3mg00qeu6o4o4awvh8j
cm725g3re00qiu6o4iir5rxgb,Roads Issue in Gorakhpur,"Gorakhpur ke roads mein potholes hain, aur khudai ke baad kabhi kabhi repair ka kaam nahi hota.",Roads,Infrastructure,Road Maintenance,23,In Progress,High,MEDIUM,false,Vehicle repair costs,Increased accidents and injuries,Angry,,,UP Road Maintenance Act 2017,2025-02-12 16:52:48.266,2025-02-05 00:00:00,2025-02-05 00:00:00,,,,,Air pollution due to traffic congestion,cm725g3pg00qgu6o4dvuhcq7d,cm725dg3k0003u6h4e8f3kb9h,cm725g3qx00qhu6o41khz3zpo
cm725g3w700qlu6o4rtqpq3ny,Water Supply Issue in Meerut,Meerut mein paani ka pressure kaafi kam ho gaya hai. Ghar ke upper floors tak paani nahi pahuchta.,Water Supply,Utilities,Water Distribution,11,Closed,High,MEDIUM,false,Additional water procurement costs,Disruption of daily life and hygiene,Frustrated,,,UP Water Supply Act 2019,2025-02-12 16:52:48.439,2025-02-05 00:00:00,2025-02-05 00:00:00,,,,,Water wastage and contamination,cm725g3uh00qju6o459fxakbz,cm725dgaz0008u6h4o1r9mtq7,cm725g3vh00qku6o4scwn7xyn
cm725g40l00qou6o4u93y2k54,Electricity Issue in Jhansi,"Jhansi mein bijli ki baar-baar band hoti hai, aur koi bhi solution nahi mil raha hai.",Electricity,Utilities,Power Distribution,6,Open,High,MEDIUM,false,Increased electricity costs,Disruption of daily activities,Frustrated,,,UP Electricity Act 2017,2025-02-12 16:52:48.597,2025-02-05 00:00:00,2025-02-05 00:00:00,,,,,Increased generator usage causing pollution,cm725g3z700qmu6o4h6ge3oiu,cm725dgc70009u6h4pqcjyeb5,cm725g40600qnu6o4tvsklpf7
cm725g44400qqu6o4ipcg3n1a,Water Supply Issue in Patna,The water supply in our area is very irregular. Sometimes we don't get water for days.,Water Supply,Utilities,Water Distribution,8,Closed,High,MEDIUM,false,Additional water procurement costs,Disruption of daily life and hygiene,Frustration,,,UP Water Supply Act 2019,2025-02-12 16:52:48.725,2025-02-05 00:00:00,2025-02-05 00:00:00,,,,,Water wastage and contamination,cm725f76900aku6o4l8t44bnc,cm725dgaz0008u6h4o1r9mtq7,cm725g43u00qpu6o4a21eh4qb
cm725g47m00qsu6o42fnqymfj,Electricity Issue in Ranchi,Frequent power cuts are causing a lot of inconvenience. We can't even use basic appliances.,Electricity,Utilities,Power Distribution,6,In Progress,High,MEDIUM,false,Increased electricity costs,Disruption of daily activities,Anger,,,UP Electricity Act 2017,2025-02-12 16:52:48.851,2025-02-05 00:00:00,2025-02-05 00:00:00,,,,,Increased generator usage causing pollution,cm725eu330019u6o42ys5qkfo,cm725dgc70009u6h4pqcjyeb5,cm725g47c00qru6o4ltxyesga
cm725g4c900quu6o4diyrhyet,Garbage Issue in Bhopal,Garbage collection is not regular in our area. The streets are filled with waste.,Garbage,Sanitation,Garbage Collection,14,Closed,High,MEDIUM,false,Increased healthcare costs,Health hazards and unhygienic conditions,Disgust,,,UP Sanitation Act 2018,2025-02-12 16:52:49.017,2025-02-05 00:00:00,2025-02-05 00:00:00,,,,,Pollution and pest infestation,cm725eyqe005ju6o4ade09dly,cm725dgdh000au6h4fagm9twc,cm725g4bb00qtu6o4291yo11w
cm725g4h100qwu6o4dwbgymhd,Roads Issue in Indore,The roads in our area are full of potholes. It's very difficult to drive safely.,Roads,Infrastructure,Road Maintenance,11,Closed,High,MEDIUM,false,Vehicle repair costs,Increased accidents and injuries,Frustration,,,UP Road Maintenance Act 2017,2025-02-12 16:52:49.189,2025-02-05 00:00:00,2025-02-05 00:00:00,,,,,Air pollution due to traffic congestion,cm725f4wr009au6o4wv71g3sj,cm725dg3k0003u6h4e8f3kb9h,cm725g4g000qvu6o4d8wnizd2
cm725g4kb00qyu6o49fgo80d7,Public Transport Issue in Jaipur,The buses are always overcrowded and never on time. It's very hard to commute.,Public Transport,Transportation,Bus Services,21,In Progress,Medium,MEDIUM,false,Loss of productivity,Inconvenience for daily commuters,Irritation,,,UP Public Transport Act 2018,2025-02-12 16:52:49.307,2025-02-05 00:00:00,2025-02-05 00:00:00,,,,,Increased pollution due to private vehicle usage,cm725f2tt007qu6o4bez55hkl,cm725dggi000cu6h4gbmwutvf,cm725g4js00qxu6o449brcb7f
cm725g4n700r0u6o4kmjo93co,Health Services Issue in Kochi,The local health center lacks basic facilities and the staff is overworked.,Health Services,Healthcare,Public Health,14,In Progress,High,MEDIUM,false,Increased medical expenses,Poor health outcomes,Concern,,,UP Health Services Act 2015,2025-02-12 16:52:49.411,2025-02-05 00:00:00,2025-02-05 00:00:00,,,,,None,cm725f2lu007ku6o4c4kk3kvx,cm725dg6o0005u6h4jkjbkawz,cm725g4mw00qzu6o40nq3tdmo
cm725g4t300r2u6o44o6ihefy,Police & Law Issue in Thiruvananthapuram,The police are not responsive to complaints. There is a rise in thefts in our area.,Police & Law,Law Enforcement,Crime Control,20,Open,High,MEDIUM,false,Loss of business due to crime,Increased fear and insecurity among residents,Disappointment,,,UP Police Act 2018,2025-02-12 16:52:49.623,2025-02-05 00:00:00,2025-02-05 00:00:00,,,,,None,cm725f2po007nu6o4fmamwpx8,cm725dg830006u6h44jyrjmcn,cm725g4sj00r1u6o46z5putbr
cm725g4x400r4u6o49hjqqi3t,Education Issue in Amritsar,The government school lacks basic infrastructure and proper teaching staff.,Education,Education,School Curriculum,28,Open,High,MEDIUM,false,Increased private tuition costs,Poor educational outcomes,Frustration,,,UP Education Act 2014,2025-02-12 16:52:49.769,2025-02-05 00:00:00,2025-02-05 00:00:00,,,,,None,cm725f2x3007tu6o4x07tr089,cm725dg9j0007u6h4tzh2udh2,cm725g4w700r3u6o4g84fkkrs
cm725g51000r6u6o40sqy410a,Water Supply Issue in Raipur,We face water scarcity every summer. The municipality's water supply is erratic.,Water Supply,Utilities,Water Distribution,8,In Progress,High,MEDIUM,false,Additional water procurement costs,Disruption of daily life and hygiene,Concern,,,UP Water Supply Act 2019,2025-02-12 16:52:49.908,2025-02-05 00:00:00,2025-02-05 00:00:00,,,,,Water wastage and contamination,cm725f30z007wu6o4890gzbkg,cm725dgaz0008u6h4o1r9mtq7,cm725g50n00r5u6o4eb0z9o2u
cm725g56700r8u6o4gp4q40ca,Electricity Issue in Udaipur,Frequent power cuts are causing a lot of inconvenience. We can't even use basic appliances.,Electricity,Utilities,Power Distribution,26,Open,High,MEDIUM,false,Increased electricity costs,Disruption of daily activities,Anger,,,UP Electricity Act 2017,2025-02-12 16:52:50.096,2025-02-05 00:00:00,2025-02-05 00:00:00,,,,,Increased generator usage causing pollution,cm725f34x007zu6o4ttx7yg6i,cm725dgc70009u6h4pqcjyeb5,cm725g55z00r7u6o4a9lurluu
cm725g5b300rau6o4iwcuham4,Garbage Issue in Lucknow,Garbage collection is not regular in our area. The streets are filled with waste.,Garbage,Sanitation,Garbage Collection,18,Closed,High,MEDIUM,false,Increased healthcare costs,Health hazards and unhygienic conditions,Frustration,,,UP Sanitation Act 2018,2025-02-12 16:52:50.271,2025-02-05 00:00:00,2025-02-05 00:00:00,,,,,Pollution and pest infestation,cm725f38o0082u6o47edcxgkg,cm725dgdh000au6h4fagm9twc,cm725g5au00r9u6o4akay9wno
cm725g5ge00rcu6o4gdr3abeu,Roads Issue in Kanpur,The roads in our area are full of potholes. It's very difficult to drive safely.,Roads,Infrastructure,Road Maintenance,28,In Progress,High,MEDIUM,false,Vehicle repair costs,Increased accidents and injuries,Disgust,,,UP Road Maintenance Act 2017,2025-02-12 16:52:50.462,2025-02-05 00:00:00,2025-02-05 00:00:00,,,,,Air pollution due to traffic congestion,cm725f3co0085u6o4bgbmheqj,cm725dg3k0003u6h4e8f3kb9h,cm725g5fu00rbu6o46lv8rt4k
cm725g5j200reu6o4clf7lr02,Public Transport Issue in Pune,The buses are always overcrowded and never on time. It's very hard to commute.,Public Transport,Transportation,Bus Services,29,In Progress,Medium,MEDIUM,false,Loss of productivity,Inconvenience for daily commuters,Frustration,,,UP Public Transport Act 2018,2025-02-12 16:52:50.558,2025-02-05 00:00:00,2025-02-05 00:00:00,,,,,Increased pollution due to private vehicle usage,cm725f3gc0088u6o448ixet8v,cm725dggi000cu6h4gbmwutvf,cm725g5in00rdu6o44sawff10
cm725g5mv00rgu6o46k50mykx,Health Services Issue in Agra,The local health center lacks basic facilities and the staff is overworked.,Health Services,Healthcare,Public Health,23,Closed,High,MEDIUM,false,Increased medical expenses,Poor health outcomes,Concern,,,UP Health Services Act 2015,2025-02-12 16:52:50.695,2025-02-05 00:00:00,2025-02-05 00:00:00,,,,,None,cm725espe0000u6o40tsgshuf,cm725dg6o0005u6h4jkjbkawz,cm725g5mi00rfu6o4hdnvibax
cm725g5q400riu6o4qje2hhth,Water Supply Issue in Kanpur,The water supply is very irregular. Sometimes we don't get water for days.,Water Supply,Utilities,Water Distribution,15,In Progress,High,MEDIUM,false,Additional water procurement costs,Disruption of daily life and hygiene,Anger,,,UP Water Supply Act 2019,2025-02-12 16:52:50.812,2025-02-05 00:00:00,2025-02-05 00:00:00,,,,,Water wastage and contamination,cm725f3n1008du6o4f2tm09sb,cm725dgaz0008u6h4o1r9mtq7,cm725g5pb00rhu6o4ty1l9bmx
cm725g5ss00rku6o44x133mru,Electricity Issue in Varanasi,Frequent power cuts are causing a lot of inconvenience. We can't even use basic appliances.,Electricity,Utilities,Power Distribution,1,Open,High,MEDIUM,false,Increased electricity costs,Disruption of daily activities,Frustration,,,UP Electricity Act 2017,2025-02-12 16:52:50.908,2025-02-05 00:00:00,2025-02-05 00:00:00,,,,,Increased generator usage causing pollution,cm725f3qo008gu6o4k2jcomda,cm725dgc70009u6h4pqcjyeb5,cm725g5sh00rju6o41pe81d4k
cm725g5vs00rmu6o4gnwajb1z,Garbage Issue in Agra,Garbage collection is not regular in our area. The streets are filled with waste.,Garbage,Sanitation,Garbage Collection,7,In Progress,High,MEDIUM,false,Increased healthcare costs,Health hazards and unhygienic conditions,Disgust,,,UP Sanitation Act 2018,2025-02-12 16:52:51.016,2025-02-05 00:00:00,2025-02-05 00:00:00,,,,,Pollution and pest infestation,cm725f3ux008ju6o4shmi1x5q,cm725dgdh000au6h4fagm9twc,cm725g5vd00rlu6o46fsnwt1y
cm725g60400rou6o4oz9re97x,Roads Issue in Gorakhpur,The roads in our area are full of potholes. It's very difficult to drive safely.,Roads,Infrastructure,Road Maintenance,30,In Progress,High,MEDIUM,false,Vehicle repair costs,Increased accidents and injuries,Irritation,,,UP Road Maintenance Act 2017,2025-02-12 16:52:51.172,2025-02-05 00:00:00,2025-02-05 00:00:00,,,,,Air pollution due to traffic congestion,cm725f3yx008mu6o4mbfmhr0y,cm725dg3k0003u6h4e8f3kb9h,cm725g5zg00rnu6o4b2dt9nlv
cm725g62r00rqu6o40zu49n37,Public Transport Issue in Allahabad,The buses are always overcrowded and never on time. It's very hard to commute.,Public Transport,Transportation,Bus Services,21,In Progress,Medium,MEDIUM,false,Loss of productivity,Inconvenience for daily commuters,Annoyance,,,UP Public Transport Act 2018,2025-02-12 16:52:51.267,2025-02-05 00:00:00,2025-02-05 00:00:00,,,,,Increased pollution due to private vehicle usage,cm725f41x008pu6o45ta7mw6i,cm725dggi000cu6h4gbmwutvf,cm725g62i00rpu6o4y1f6kody
cm725g65p00rsu6o48tx9w3mu,Health Services Issue in Meerut,The local health center lacks basic facilities and the staff is overworked.,Health Services,Healthcare,Public Health,30,Open,High,MEDIUM,false,Increased medical expenses,Poor health outcomes,Helplessness,,,UP Health Services Act 2015,2025-02-12 16:52:51.374,2025-02-05 00:00:00,2025-02-05 00:00:00,,,,,None,cm725f46g008su6o4uwrwobrs,cm725dg6o0005u6h4jkjbkawz,cm725g65g00rru6o43zwwbc24
cm725g69200ruu6o4bjudmpvr,Police & Law Issue in Mathura,The police are not responsive to complaints. There is a rise in thefts in our area.,Police & Law,Law Enforcement,Crime Control,2,Closed,High,MEDIUM,false,Loss of business due to crime,Increased fear and insecurity among residents,Frustration,,,UP Police Act 2018,2025-02-12 16:52:51.494,2025-02-05 00:00:00,2025-02-05 00:00:00,,,,,None,cm725f4ag008vu6o48rmbcd50,cm725dg830006u6h44jyrjmcn,cm725g68d00rtu6o4hzevdeoy
cm725g6cx00rwu6o4af8mezoi,Education Issue in Bareilly,The government school lacks basic infrastructure and proper teaching staff.,Education,Education,School Curriculum,22,In Progress,High,MEDIUM,false,Increased private tuition costs,Poor educational outcomes,Concern,,,UP Education Act 2014,2025-02-12 16:52:51.633,2025-02-05 00:00:00,2025-02-05 00:00:00,,,,,None,cm725et130009u6o45e2rnkk7,cm725dg9j0007u6h4tzh2udh2,cm725g6cm00rvu6o43nhnudnj
cm725g6gi00ryu6o46uop7af1,Water Supply Issue in Lucknow,The water supply is very irregular. Sometimes we don't get water for days.,Water Supply,Utilities,Water Distribution,2,In Progress,High,MEDIUM,false,Additional water procurement costs,Disruption of daily life and hygiene,Disappointment,,,UP Water Supply Act 2019,2025-02-12 16:52:51.763,2025-02-05 00:00:00,2025-02-05 00:00:00,,,,,Water wastage and contamination,cm725f4gr0090u6o434u3i3np,cm725dgaz0008u6h4o1r9mtq7,cm725g6g600rxu6o4v42oqggo
cm725g6jg00s0u6o4ll8jvm8i,Electricity Issue in Faizabad,Frequent power cuts are causing a lot of inconvenience. We can't even use basic appliances.,Electricity,Utilities,Power Distribution,30,In Progress,High,MEDIUM,false,Increased electricity costs,Disruption of daily activities,Anger,,,UP Electricity Act 2017,2025-02-12 16:52:51.868,2025-02-05 00:00:00,2025-02-05 00:00:00,,,,,Increased generator usage causing pollution,cm725f4ki0093u6o46usuq3ci,cm725dgc70009u6h4pqcjyeb5,cm725g6j300rzu6o4l5c4y4ja
cm725g6mi00s2u6o48lrt9ora,Garbage Issue in Aligarh,Garbage collection is not regular in our area. The streets are filled with waste.,Garbage,Sanitation,Garbage Collection,30,In Progress,High,MEDIUM,false,Increased healthcare costs,Health hazards and unhygienic conditions,Frustration,,,UP Sanitation Act 2018,2025-02-12 16:52:51.978,2025-02-05 00:00:00,2025-02-05 00:00:00,,,,,Pollution and pest infestation,cm725euhj001lu6o47cg3cj43,cm725dgdh000au6h4fagm9twc,cm725g6ly00s1u6o4w36gv747
cm725g6pm00s4u6o4qrk0b79p,Roads Issue in Saharanpur,The roads in our area are full of potholes. It's very difficult to drive safely.,Roads,Infrastructure,Road Maintenance,2,Closed,High,MEDIUM,false,Vehicle repair costs,Increased accidents and injuries,Displeasure,,,UP Road Maintenance Act 2017,2025-02-12 16:52:52.09,2025-02-05 00:00:00,2025-02-05 00:00:00,,,,,Air pollution due to traffic congestion,cm725evst002tu6o4nf43xk4o,cm725dg3k0003u6h4e8f3kb9h,cm725g6p300s3u6o4m3wwh16p
cm725g6sm00s6u6o4359ij8eq,Public Transport Issue in Moradabad,The local health center lacks basic facilities and the staff is overworked.,Public Transport,Healthcare,Public Health,9,In Progress,High,MEDIUM,false,Increased medical expenses,Poor health outcomes,Exhaustion,,,UP Health Services Act 2015,2025-02-12 16:52:52.198,2025-02-05 00:00:00,2025-02-05 00:00:00,,,,,None,cm725f4wr009au6o4wv71g3sj,cm725dg6o0005u6h4jkjbkawz,cm725g6sa00s5u6o4sv6fzn1m
cm725g6wn00s9u6o4sdhgek6q,Public Amenities Issue in झांसी,"सार्वजनिक शौचालय की हालत बहुत खराब है, कोई भी सफाई का ध्यान नहीं रखता।",Public Amenities,Sanitation,Public Toilets,25,Closed,High,MEDIUM,false,Increased healthcare costs,Health hazards and unhygienic conditions,Frustrated,,,UP Sanitation Act 2018,2025-02-12 16:52:52.343,2025-02-05 00:00:00,2025-02-05 00:00:00,,,,,Pollution and pest infestation,cm725g6vy00s7u6o4n4c076y7,cm725dgdh000au6h4fagm9twc,cm725g6we00s8u6o43p061p43
cm725g71700scu6o46sz94tbe,Water Supply Issue in मिर्जापुर,"गर्मियों में पानी की समस्या ज्यादा हो जाती है, कभी भी सही समय पर पानी नहीं मिलता।",Water Supply,Utilities,Water Distribution,1,Open,High,MEDIUM,false,Additional water procurement costs,Disruption of daily life and hygiene,Annoyed,,,UP Water Supply Act 2019,2025-02-12 16:52:52.507,2025-02-05 00:00:00,2025-02-05 00:00:00,,,,,Water wastage and contamination,cm725g6zv00sau6o4pj4xe0ie,cm725dgaz0008u6h4o1r9mtq7,cm725g70m00sbu6o4ney451pj
cm725g75700sfu6o4pg6ehbk4,Public Transport Issue in लखनऊ,"पब्लिक ट्रांसपोर्ट की सुविधा बिल्कुल भी नहीं है, बसें बहुत कम आती हैं और भीड़ बहुत ज्यादा होती है।",Public Transport,Transportation,Bus Services,26,In Progress,Medium,MEDIUM,false,Loss of productivity,Inconvenience for daily commuters,Irritated,,,UP Public Transport Act 2018,2025-02-12 16:52:52.651,2025-02-05 00:00:00,2025-02-05 00:00:00,,,,,Increased pollution due to private vehicle usage,cm725g73z00sdu6o465ndw0zq,cm725dggi000cu6h4gbmwutvf,cm725g74x00seu6o4ackwkyrt
cm725g79j00siu6o4mkxuc5to,Health Services Issue in सोनभद्र,"स्वास्थ्य केंद्रों में जरूरी दवाइयां और चिकित्सा उपकरण नहीं हैं, लोग दूर-दूर तक इलाज के लिए जाते हैं।",Health Services,Healthcare,Public Health,21,In Progress,High,MEDIUM,false,Increased medical expenses,Poor health outcomes,Desperate,,,UP Health Services Act 2015,2025-02-12 16:52:52.807,2025-02-05 00:00:00,2025-02-05 00:00:00,,,,,None,cm725g78900sgu6o4yxh2hp5f,cm725dg6o0005u6h4jkjbkawz,cm725g78y00shu6o4rwkc4487
cm725g7dp00slu6o4dnd0quhd,Law Enforcement Issue in बदायूं,"रात में रोड पर सुरक्षा का कोई इंतजाम नहीं है, यहां चोरी और डकैती की घटनाएं बढ़ गई हैं।",Law Enforcement,Law Enforcement,Crime Control,27,Open,High,MEDIUM,false,Loss of business due to crime,Increased fear and insecurity among residents,Angry,,,UP Police Act 2018,2025-02-12 16:52:52.957,2025-02-05 00:00:00,2025-02-05 00:00:00,,,,,None,cm725g7cc00sju6o4rbb2aw7c,cm725dg830006u6h44jyrjmcn,cm725g7d700sku6o4dh6744a4
cm725g7hy00sou6o4zjz8i431,Infrastructure Issue in अलीगढ़,"सड़कें बहुत टूटी-फूटी हैं, रोज दुर्घटनाएं होती हैं, कोई सुधार नहीं हो रहा।",Infrastructure,Infrastructure,Road Maintenance,6,Closed,High,MEDIUM,false,Vehicle repair costs,Increased accidents and injuries,Irritated,,,UP Road Maintenance Act 2017,2025-02-12 16:52:53.11,2025-02-05 00:00:00,2025-02-05 00:00:00,,,,,Air pollution due to traffic congestion,cm725g7gx00smu6o4kba3fxag,cm725dg3k0003u6h4e8f3kb9h,cm725g7hm00snu6o4rjlzuza7
cm725g7l400sru6o4mpsdcivk,Public Amenities Issue in गोंडा,"हमारे इलाके में कोई भी कचरा हटाने वाली गाड़ी नहीं आती, कचरा सड़कों पर पड़ा रहता है।",Public Amenities,Sanitation,Garbage Collection,11,In Progress,High,MEDIUM,false,Increased healthcare costs,Health hazards and unhygienic conditions,Disheartened,,,UP Sanitation Act 2018,2025-02-12 16:52:53.225,2025-02-05 00:00:00,2025-02-05 00:00:00,,,,,Pollution and pest infestation,cm725g7kc00spu6o4qfgc2e2p,cm725dgdh000au6h4fagm9twc,cm725g7ku00squ6o43weaauy3
cm725g7ol00suu6o40dvzdahv,Water Supply Issue in Agra,"Pani ki tanki band ho gayi hai, do din se paani nahi aata. Ghar ke andar kaafi mushkil ho rahi hai.",Water Supply,Utilities,Water Distribution,13,In Progress,High,MEDIUM,false,Additional water procurement costs,Disruption of daily life and hygiene,Frustrated,,,UP Water Supply Act 2019,2025-02-12 16:52:53.35,2025-02-05 00:00:00,2025-02-05 00:00:00,,,,,Water wastage and contamination,cm725g7nt00ssu6o4vbzqjfp8,cm725dgaz0008u6h4o1r9mtq7,cm725g7ob00stu6o4spppksju
cm725g7ri00swu6o4d23or20o,Roads Issue in Lucknow,Lucknow ke naye bypass ki sadak kaafi khasta halat mein hai. Gaadi chalana mushkil ho gaya hai.,Roads,Infrastructure,Road Maintenance,25,Open,High,MEDIUM,false,Vehicle repair costs,Increased accidents and injuries,Angry,,,UP Road Maintenance Act 2017,2025-02-12 16:52:53.454,2025-02-05 00:00:00,2025-02-05 00:00:00,,,,,Air pollution due to traffic congestion,cm725evpg002qu6o4hc2jgjoi,cm725dg3k0003u6h4e8f3kb9h,cm725g7r900svu6o4lppi2non
cm725g7uu00szu6o4n12s5ggh,Garbage Issue in Kanpur,"Har gali mein kachra pada rehta hai, safai karne wale log nahi aate. Kam se kam 3 din se koi safai nahi hui.",Garbage,Sanitation,Garbage Collection,4,In Progress,High,MEDIUM,false,Increased healthcare costs,Health hazards and unhygienic conditions,Disappointed,,,UP Sanitation Act 2018,2025-02-12 16:52:53.574,2025-02-05 00:00:00,2025-02-05 00:00:00,,,,,Pollution and pest infestation,cm725g7tk00sxu6o4994gqje3,cm725dgdh000au6h4fagm9twc,cm725g7u300syu6o4utp39iuc
cm725g7xi00t2u6o4m8lgmdmy,Electricity Issue in Varanasi,"Bijli baar baar ja rahi hai, poore din andhera ho jata hai. Ye kis tarah ki seva hai?",Electricity,Utilities,Power Distribution,4,Closed,High,MEDIUM,false,Increased electricity costs,Disruption of daily activities,Irritated,,,UP Electricity Act 2017,2025-02-12 16:52:53.67,2025-02-05 00:00:00,2025-02-05 00:00:00,,,,,Increased generator usage causing pollution,cm725g7wr00t0u6o4fll2nmtb,cm725dgc70009u6h4pqcjyeb5,cm725g7x600t1u6o43veaw74a
cm725g80500t4u6o4u2k5weia,Public Transport Issue in Allahabad,Allahabad mein public transport kaafi khatam ho gaya hai. Buses 1 ghanta late chalti hain aur bohot bheed hoti hai.,Public Transport,Transportation,Bus Services,28,Closed,Medium,MEDIUM,false,Loss of productivity,Inconvenience for daily commuters,Annoyed,,,UP Public Transport Act 2018,2025-02-12 16:52:53.765,2025-02-05 00:00:00,2025-02-05 00:00:00,,,,,Increased pollution due to private vehicle usage,cm725euhj001lu6o47cg3cj43,cm725dggi000cu6h4gbmwutvf,cm725g7zu00t3u6o4vd3e0srt
cm725g84900t7u6o4m5a1u6lu,Police & Law Issue in Gorakhpur,"Police ka response kaafi dheere hai. Aaj raat kisi ne mere ghar ke paas chori ki thi, lekin police ko call karne ke baad koi action nahi liya.",Police & Law,Law Enforcement,Crime Control,28,In Progress,High,MEDIUM,false,Loss of business due to crime,Increased fear and insecurity among residents,Worried,,,UP Police Act 2018,2025-02-12 16:52:53.913,2025-02-05 00:00:00,2025-02-05 00:00:00,,,,,None,cm725g82l00t5u6o4e2n3xcku,cm725dg830006u6h44jyrjmcn,cm725g83z00t6u6o426z8bqvj
cm725g86t00tau6o4cs4tsl6e,Education Issue in Meerut,"School mein teachers kaafi kam hain, aur syllabus time pe complete nahi hota. Bacche ache se padhai nahi kar pa rahe hain.",Education,Education,School Curriculum,9,Closed,High,MEDIUM,false,Increased private tuition costs,Poor educational outcomes,Concerned,,,UP Education Act 2014,2025-02-12 16:52:54.005,2025-02-05 00:00:00,2025-02-05 00:00:00,,,,,None,cm725g86300t8u6o43duwftbs,cm725dg9j0007u6h4tzh2udh2,cm725g86i00t9u6o4xuyk99l0
cm725g89h00tbu6o4znn029uz,Health Services Issue in Mathura,Hospital mein doctor kaafi late aate hain. I gave a complaint earlier but no action was taken.,Health Services,Healthcare,Public Health,2,Closed,High,MEDIUM,false,Increased medical expenses,Poor health outcomes,Frustrated,,,UP Health Services Act 2015,2025-02-12 16:52:54.102,2025-02-05 00:00:00,2025-02-05 00:00:00,,,,,None,cm725evw5002wu6o43b5fm6ew,cm725dg6o0005u6h4jkjbkawz,cm725f98f00bnu6o437399lrv
cm725g8cx00teu6o4y7865l66,Police & Law Issue in Ghaziabad,"Traffic police har time paise ke liye chalan kaat dete hain, jaise ki koi kaam nahi hai unke paas.",Police & Law,Law Enforcement,Crime Control,4,In Progress,High,MEDIUM,false,Loss of business due to crime,Increased fear and insecurity among residents,Upset,,,UP Police Act 2018,2025-02-12 16:52:54.225,2025-02-05 00:00:00,2025-02-05 00:00:00,,,,,None,cm725g8bb00tcu6o4fsj8egcy,cm725dg830006u6h44jyrjmcn,cm725g8cl00tdu6o4x4saab48
cm725g8hg00thu6o4fh7qyh5v,Water Supply Issue in Noida,"Noida ke is area mein paani ka pressure bahut kam hai, kitchen mein toh bilkul paani nahi aata.",Water Supply,Utilities,Water Distribution,7,Closed,High,MEDIUM,false,Additional water procurement costs,Disruption of daily life and hygiene,Disgusted,,,UP Water Supply Act 2019,2025-02-12 16:52:54.388,2025-02-05 00:00:00,2025-02-05 00:00:00,,,,,Water wastage and contamination,cm725g8f500tfu6o4hpkp9dzw,cm725dgaz0008u6h4o1r9mtq7,cm725g8h400tgu6o4bfzpz5sk
cm725g8ko00tju6o4qhuftzv8,Roads Issue in Meerut,Meerut ki main sadak par har time jam ho jata hai. Kahi na kahi road pe dugna jaise potholes padhe hote hain.,Roads,Infrastructure,Road Maintenance,4,In Progress,High,MEDIUM,false,Vehicle repair costs,Increased accidents and injuries,Angry,,,UP Road Maintenance Act 2017,2025-02-12 16:52:54.504,2025-02-05 00:00:00,2025-02-05 00:00:00,,,,,Air pollution due to traffic congestion,cm725etmm000uu6o4ozfcze5n,cm725dg3k0003u6h4e8f3kb9h,cm725g8kf00tiu6o4mspr2sx8
cm725g8oa00tmu6o49xoxjeiz,Garbage Issue in Muzaffarnagar,Muzaffarnagar ke har gali mein kachra bhar gaya hai. Garbage bins ki situation bohot khatarnak hai.,Garbage,Sanitation,Garbage Collection,23,In Progress,High,MEDIUM,false,Increased healthcare costs,Health hazards and unhygienic conditions,Frustrated,,,UP Sanitation Act 2018,2025-02-12 16:52:54.634,2025-02-05 00:00:00,2025-02-05 00:00:00,,,,,Pollution and pest infestation,cm725g8n500tku6o46sxbbn7b,cm725dgdh000au6h4fagm9twc,cm725g8nu00tlu6o4paa6zfce
cm725g8rv00tpu6o4k8mm6rv1,Electricity Issue in Aligarh,Aligarh mein electricity kaafi baar jaati hai. Din ke waqt bhi poora poora din andhera rehta hai.,Electricity,Utilities,Power Distribution,16,In Progress,High,MEDIUM,false,Increased electricity costs,Disruption of daily activities,Annoyed,,,UP Electricity Act 2017,2025-02-12 16:52:54.764,2025-02-05 00:00:00,2025-02-05 00:00:00,,,,,Increased generator usage causing pollution,cm725g8qz00tnu6o4med8sh64,cm725dgc70009u6h4pqcjyeb5,cm725g8ri00tou6o4web6cm23
cm725g8uj00tru6o4h300eofi,Public Transport Issue in Bareilly,"Bareilly mein bus service itni bekar ho gayi hai, na time pe aati hai, na koi information milti hai.",Public Transport,Transportation,Bus Services,22,In Progress,Medium,MEDIUM,false,Loss of productivity,Inconvenience for daily commuters,Frustrated,,,UP Public Transport Act 2018,2025-02-12 16:52:54.859,2025-02-05 00:00:00,2025-02-05 00:00:00,,,,,Increased pollution due to private vehicle usage,cm725eyhw005bu6o4nr5y9j2x,cm725dggi000cu6h4gbmwutvf,cm725g8ua00tqu6o4z8ir2i7e
cm725g8xp00tuu6o4lgawywwb,Roads Issue in Noida,Noida mein barish ke baad sadak par paani bhar jaata hai. Itna gehra ho jata hai ki log gir jaate hain.,Roads,Infrastructure,Road Maintenance,18,In Progress,High,MEDIUM,false,Vehicle repair costs,Increased accidents and injuries,Irritated,,,UP Road Maintenance Act 2017,2025-02-12 16:52:54.973,2025-02-05 00:00:00,2025-02-05 00:00:00,,,,,Air pollution due to traffic congestion,cm725g8wv00tsu6o4jz7i84r4,cm725dg3k0003u6h4e8f3kb9h,cm725g8xf00ttu6o4txwi9aag
cm725g90r00txu6o4h4f34kdc,Health Services Issue in Jhansi,Jhansi ke civil hospital mein doctor kaafi busy rehte hain. Kabhi bhi koi achi treatment nahi milti.,Health Services,Healthcare,Public Health,17,In Progress,High,MEDIUM,false,Increased medical expenses,Poor health outcomes,Upset,,,UP Health Services Act 2015,2025-02-12 16:52:55.083,2025-02-05 00:00:00,2025-02-05 00:00:00,,,,,None,cm725g90000tvu6o4ekx8bycm,cm725dg6o0005u6h4jkjbkawz,cm725g90i00twu6o45lfj7h2x
cm725g94400tzu6o4q232vpam,Police & Law Issue in Lucknow,Lucknow mein har weekend raat ko drunk driving ka issue badh gaya hai. Police se koi solution nahi mil raha.,Police & Law,Law Enforcement,Crime Control,16,Closed,High,MEDIUM,false,Loss of business due to crime,Increased fear and insecurity among residents,Concerned,,,UP Police Act 2018,2025-02-12 16:52:55.204,2025-02-05 00:00:00,2025-02-05 00:00:00,,,,,None,cm725fltf00hpu6o4ifr8yhl2,cm725dg830006u6h44jyrjmcn,cm725g93u00tyu6o42pzxtiy3
cm725g96w00u1u6o4g2myqt2t,Education Issue in Agra,"Agra mein college ka infrastructure bahut purana ho gaya hai, students ko library aur practicals ke liye koi resources nahi milte.",Education,Education,School Curriculum,4,In Progress,High,MEDIUM,false,Increased private tuition costs,Poor educational outcomes,Concerned,,,UP Education Act 2014,2025-02-12 16:52:55.304,2025-02-05 00:00:00,2025-02-05 00:00:00,,,,,None,cm725f55i009gu6o4s77mowir,cm725dg9j0007u6h4tzh2udh2,cm725g96h00u0u6o4xdmf0d1k
cm725g9ak00u4u6o40lkq6f2f,Water Supply Issue in Moradabad,"Moradabad ke is area mein paani ke bills bohot zyada aa rahe hain, par paani ka supply ek din chalta hai, ek din band.",Water Supply,Utilities,Water Distribution,12,Open,High,MEDIUM,false,Additional water procurement costs,Disruption of daily life and hygiene,Irritated,,,UP Water Supply Act 2019,2025-02-12 16:52:55.436,2025-02-05 00:00:00,2025-02-05 00:00:00,,,,,Water wastage and contamination,cm725g99r00u2u6o4orqbl58b,cm725dgaz0008u6h4o1r9mtq7,cm725g9ab00u3u6o49jll28zl
cm725g9dz00u7u6o415i2d946,Garbage Issue in Kanpur,Kanpur ke market area mein kachra bhara rehta hai aur safai wale log late aate hain. Ye toh roz ki baat hai.,Garbage,Sanitation,Garbage Collection,1,Closed,High,MEDIUM,false,Increased healthcare costs,Health hazards and unhygienic conditions,Frustrated,,,UP Sanitation Act 2018,2025-02-12 16:52:55.559,2025-02-05 00:00:00,2025-02-05 00:00:00,,,,,Pollution and pest infestation,cm725g9cv00u5u6o40h7z9nvx,cm725dgdh000au6h4fagm9twc,cm725g9dm00u6u6o4fg72yq7b
cm725g9h700uau6o4pcz1yjlv,Water Supply Issue in Jodhpur,"Our locality has been facing a severe water shortage for weeks. The water supply is extremely erratic, and despite several complaints, nothing has been done to resolve the issue.",Water Supply,Utilities,Water Distribution,18,In Progress,High,MEDIUM,false,Additional water procurement costs,Disruption of daily life and hygiene,Anger,,,Rajasthan Water Supply Act 2019,2025-02-12 16:52:55.676,2025-02-05 00:00:00,2025-02-05 00:00:00,,,,,Water wastage and contamination,cm725g9gc00u8u6o49oyx166r,cm725dgaz0008u6h4o1r9mtq7,cm725g9gx00u9u6o4fmntpxd9
cm725g9lo00udu6o4y932m426,Electricity Issue in Pune,"Frequent power cuts during the summer months are affecting our daily activities. The lack of regular maintenance is making the situation worse, especially for students and office workers.",Electricity,Utilities,Power Distribution,22,Open,High,MEDIUM,false,Increased electricity costs,Disruption of daily activities,Frustration,,,Maharashtra Electricity Act 2017,2025-02-12 16:52:55.837,2025-02-05 00:00:00,2025-02-05 00:00:00,,,,,Increased generator usage causing pollution,cm725g9kc00ubu6o4f03mv7ev,cm725dgc70009u6h4pqcjyeb5,cm725g9l300ucu6o496ziiyrw
cm725g9qk00ufu6o4pmuh4778,Garbage Issue in Bangalore,The garbage in our locality is piling up and there is no regular collection. The situation has become unbearable with a foul smell and increased pest infestation in the area.,Garbage,Sanitation,Garbage Collection,3,Closed,High,MEDIUM,false,Increased healthcare costs,Health hazards and unhygienic conditions,Disgust,,,Karnataka Sanitation Act 2018,2025-02-12 16:52:56.012,2025-02-05 00:00:00,2025-02-05 00:00:00,,,,,Pollution and pest infestation,cm725f0gs0069u6o40seb3ni7,cm725dgdh000au6h4fagm9twc,cm725g9ow00ueu6o43bawkslf
cm725g9vd00uhu6o4rz34jtbg,Roads Issue in Mumbai,"The roads near my office are heavily congested with potholes and under construction. The ongoing roadwork has caused huge traffic jams, and no clear timeline has been provided for completion.",Roads,Infrastructure,Road Maintenance,5,In Progress,High,MEDIUM,false,Vehicle repair costs,Increased accidents and injuries,Frustration,,,Maharashtra Road Maintenance Act 2017,2025-02-12 16:52:56.185,2025-02-05 00:00:00,2025-02-05 00:00:00,,,,,Air pollution due to traffic congestion,cm725evst002tu6o4nf43xk4o,cm725dg3k0003u6h4e8f3kb9h,cm725g9v200ugu6o47s2sxnc6
cm725ga0700uju6o4p8uz5izh,Public Transport Issue in New Delhi,"The Delhi metro trains are overcrowded during peak hours. It’s nearly impossible to find a seat, and the lack of crowd control measures makes the experience more stressful.",Public Transport,Transportation,Metro Services,24,Closed,Medium,MEDIUM,false,Loss of productivity,Inconvenience for daily commuters,Annoyance,,,Delhi Public Transport Act 2018,2025-02-12 16:52:56.359,2025-02-05 00:00:00,2025-02-05 00:00:00,,,,,Increased pollution due to private vehicle usage,cm725fiur00g6u6o4z0g4ml7s,cm725dggi000cu6h4gbmwutvf,cm725g9zs00uiu6o4j9fda6vu
cm725ga4f00ulu6o460glq1kt,Health Services Issue in Ranchi,"The local government hospital is extremely understaffed, and patients are forced to wait for hours for basic services. The lack of medical equipment and the overworked doctors are contributing to poor healthcare.",Health Services,Healthcare,Public Health,21,Closed,High,MEDIUM,false,Increased medical expenses,Poor health outcomes,Concern,,,Jharkhand Health Services Act 2015,2025-02-12 16:52:56.512,2025-02-05 00:00:00,2025-02-05 00:00:00,,,,,None,cm725euxa0020u6o46xzm7ojk,cm725dg6o0005u6h4jkjbkawz,cm725ga3p00uku6o4umy5kmip
cm725ga7y00unu6o4mgrysvc3,Police & Law Issue in Patna,"A theft took place in my house, but the police haven't responded to my complaint. There is no progress in the investigation, and I feel like my concerns are being ignored.",Police & Law,Law Enforcement,Crime Control,5,In Progress,High,MEDIUM,false,Loss of business due to crime,Increased fear and insecurity among residents,Anger,,,Bihar Police Act 2018,2025-02-12 16:52:56.638,2025-02-05 00:00:00,2025-02-05 00:00:00,,,,,None,cm725f76900aku6o4l8t44bnc,cm725dg830006u6h44jyrjmcn,cm725ga6v00umu6o4tp7n4h9t
cm725gabg00upu6o439dyelgt,Education Issue in Jaipur,"The government schools in our area are overcrowded, with insufficient infrastructure. My children don’t get the attention they deserve, and the quality of education is poor.",Education,Education,School Curriculum,21,Open,High,MEDIUM,false,Increased private tuition costs,Poor educational outcomes,Disappointment,,,Rajasthan Education Act 2014,2025-02-12 16:52:56.764,2025-02-05 00:00:00,2025-02-05 00:00:00,,,,,None,cm725ezao005ru6o4uc41b0o6,cm725dg9j0007u6h4tzh2udh2,cm725gaar00uou6o48i9ig208
cm725gaeu00usu6o4ww5mnnnw,Water Supply Issue in Lucknow,"There is a continuous water shortage in our locality, and the authorities have failed to address the issue. We are forced to rely on tankers, which is both costly and unreliable.",Water Supply,Utilities,Water Distribution,29,Closed,High,MEDIUM,false,Additional water procurement costs,Disruption of daily life and hygiene,Frustration,,,UP Water Supply Act 2019,2025-02-12 16:52:56.886,2025-02-05 00:00:00,2025-02-05 00:00:00,,,,,Water wastage and contamination,cm725gadx00uqu6o4afewh89f,cm725dgaz0008u6h4o1r9mtq7,cm725gaee00uru6o45r7bz6vq
cm725gaiz00uvu6o494g56bxv,Electricity Issue in Surat,"There are frequent power outages during the summer. The electricity department doesn’t notify us in advance, and this disrupts our work and daily routine.",Electricity,Utilities,Power Distribution,19,Closed,High,MEDIUM,false,Increased electricity costs,Disruption of daily activities,Concern,,,Gujarat Electricity Act 2017,2025-02-12 16:52:57.035,2025-02-05 00:00:00,2025-02-05 00:00:00,,,,,Increased generator usage causing pollution,cm725gai700utu6o4x2uzrkhv,cm725dgc70009u6h4pqcjyeb5,cm725gaiq00uuu6o4mab91osj
cm725ganz00uxu6o4dg0inn4x,Garbage Issue in Ahmedabad,"Garbage collection is irregular in our area, and trash is strewn all around the streets. It's creating a hygiene issue, attracting stray animals and pests.",Garbage,Sanitation,Garbage Collection,13,In Progress,High,MEDIUM,false,Increased healthcare costs,Health hazards and unhygienic conditions,Frustration,,,Gujarat Sanitation Act 2018,2025-02-12 16:52:57.215,2025-02-05 00:00:00,2025-02-05 00:00:00,,,,,Pollution and pest infestation,cm725et130009u6o45e2rnkk7,cm725dgdh000au6h4fagm9twc,cm725gank00uwu6o4foup8shz
cm725gasa00uzu6o4vjnbsvkh,Roads Issue in Chandigarh,"The roads in our city are deteriorating rapidly. The potholes and unpatched cracks are damaging vehicles, and despite repeated complaints, no repairs are taking place.",Roads,Infrastructure,Road Maintenance,4,Closed,High,MEDIUM,false,Vehicle repair costs,Increased accidents and injuries,Disappointment,,,Punjab Road Maintenance Act 2017,2025-02-12 16:52:57.368,2025-02-05 00:00:00,2025-02-05 00:00:00,,,,,Air pollution due to traffic congestion,cm725esuf0003u6o4xgsfqsck,cm725dg3k0003u6h4e8f3kb9h,cm725garx00uyu6o42ch1v9v9
cm725gawo00v1u6o496a78tvl,Public Transport Issue in Kolkata,"The local buses are often late and overcrowded. There’s no fixed schedule, and the lack of proper coordination causes chaos for daily commuters.",Public Transport,Transportation,Bus Services,3,In Progress,Medium,MEDIUM,false,Loss of productivity,Inconvenience for daily commuters,Annoyance,,,West Bengal Public Transport Act 2018,2025-02-12 16:52:57.528,2025-02-05 00:00:00,2025-02-05 00:00:00,,,,,Increased pollution due to private vehicle usage,cm725eyhw005bu6o4nr5y9j2x,cm725dggi000cu6h4gbmwutvf,cm725gaw200v0u6o480fvk9dr
cm725gb1000v3u6o43qqzcya5,Health Services Issue in Indore,"The local health facilities are not equipped to handle the number of patients. The doctors and nurses are overwhelmed, and the hospital lacks essential equipment.",Health Services,Healthcare,Public Health,10,Open,High,MEDIUM,false,Increased medical expenses,Poor health outcomes,Concern,,,Madhya Pradesh Health Services Act 2015,2025-02-12 16:52:57.684,2025-02-05 00:00:00,2025-02-05 00:00:00,,,,,None,cm725eyuw005mu6o4jjky6ii7,cm725dg6o0005u6h4jkjbkawz,cm725gb0c00v2u6o4ks1b9eym
cm725gb5700v5u6o4anvdmfo7,Police & Law Issue in Bhopal,"A friend of mine was harassed by a group of people, but when I went to report the issue to the police, they were dismissive and didn’t take any immediate action. There’s a lack of urgency in addressing such matters.",Police & Law,Law Enforcement,Crime Control,4,In Progress,High,MEDIUM,false,Loss of business due to crime,Increased fear and insecurity among residents,Frustration,,,Madhya Pradesh Police Act 2018,2025-02-12 16:52:57.835,2025-02-05 00:00:00,2025-02-05 00:00:00,,,,,None,cm725ezao005ru6o4uc41b0o6,cm725dg830006u6h44jyrjmcn,cm725gb4u00v4u6o4hrdikv06
cm725gb8l00v7u6o4xg5orgsk,Education Issue in Varanasi,"The schools in our area lack basic facilities like clean drinking water and proper toilets. The teaching staff is insufficient, and there is a huge gap in the quality of education provided.",Education,Education,School Curriculum,13,Open,High,MEDIUM,false,Increased private tuition costs,Poor educational outcomes,Disappointment,,,UP Education Act 2014,2025-02-12 16:52:57.957,2025-02-05 00:00:00,2025-02-05 00:00:00,,,,,None,cm725g99r00u2u6o4orqbl58b,cm725dg9j0007u6h4tzh2udh2,cm725gb8200v6u6o437ebp1ik
cm725gbcx00vau6o4u9s8g3pn,Water Supply Issue in Lucknow,पानी की सप्लाई बहुत अस्थिर हो गई है। कई बार पूरे दिन पानी नहीं आता।,Water Supply,Utilities,Water Distribution,18,In Progress,High,MEDIUM,false,Additional water procurement costs,Disruption of daily life and hygiene,Frustration,,,UP Water Supply Act 2019,2025-02-12 16:52:58.113,2025-02-05 00:00:00,2025-02-05 00:00:00,,,,,Water wastage and contamination,cm725gbba00v8u6o4dy553qbt,cm725dgaz0008u6h4o1r9mtq7,cm725gbc900v9u6o4xe7mxioo
cm725gbhn00vdu6o45eby3z8q,Public Amenities Issue in Jhansi,"सार्वजनिक शौचालय की हालत बहुत खराब है, कोई भी सफाई का ध्यान नहीं रखता।",Public Amenities,Sanitation,Public Toilets,20,Open,High,MEDIUM,false,Increased healthcare costs,Health hazards and unhygienic conditions,Frustrated,,,UP Sanitation Act 2018,2025-02-12 16:52:58.284,2025-02-05 00:00:00,2025-02-05 00:00:00,,,,,Pollution and pest infestation,cm725gbgn00vbu6o4ctynedgt,cm725dgdh000au6h4fagm9twc,cm725gbhd00vcu6o431s0819q
cm725gbm200vgu6o48yptiu03,Water Supply Issue in Mirzapur,"गर्मियों में पानी की समस्या ज्यादा हो जाती है, कभी भी सही समय पर पानी नहीं मिलता।",Water Supply,Utilities,Water Distribution,25,Closed,High,MEDIUM,false,Additional water procurement costs,Disruption of daily life and hygiene,Annoyed,,,UP Water Supply Act 2019,2025-02-12 16:52:58.442,2025-02-05 00:00:00,2025-02-05 00:00:00,,,,,Water wastage and contamination,cm725gbjy00veu6o4kv67wlc2,cm725dgaz0008u6h4o1r9mtq7,cm725gblf00vfu6o4y5jm8hdk
cm725gbp100viu6o4z7hvo80p,Public Transport Issue in Lucknow,"पब्लिक ट्रांसपोर्ट की सुविधा बिल्कुल भी नहीं है, बसें बहुत कम आती हैं और भीड़ बहुत ज्यादा होती है।",Public Transport,Transportation,Bus Services,2,Closed,Medium,MEDIUM,false,Loss of productivity,Inconvenience for daily commuters,Irritated,,,UP Public Transport Act 2018,2025-02-12 16:52:58.549,2025-02-05 00:00:00,2025-02-05 00:00:00,,,,,Increased pollution due to private vehicle usage,cm725euhj001lu6o47cg3cj43,cm725dggi000cu6h4gbmwutvf,cm725gbok00vhu6o47n66bgoi
cm725gbt500vlu6o4houy9dv6,Health Services Issue in Sonbhadra,"स्वास्थ्य केंद्रों में जरूरी दवाइयां और चिकित्सा उपकरण नहीं हैं, लोग दूर-दूर तक इलाज के लिए जाते हैं।",Health Services,Healthcare,Public Health,28,In Progress,High,MEDIUM,false,Increased medical expenses,Poor health outcomes,Desperate,,,UP Health Services Act 2015,2025-02-12 16:52:58.697,2025-02-05 00:00:00,2025-02-05 00:00:00,,,,,None,cm725gbrl00vju6o48m2uyiek,cm725dg6o0005u6h4jkjbkawz,cm725gbsu00vku6o4r86ptf3t
cm725gbxe00vou6o46embvm0n,Law Enforcement Issue in Badaun,"रात में रोड पर सुरक्षा का कोई इंतजाम नहीं है, यहां चोरी और डकैती की घटनाएं बढ़ गई हैं।",Law Enforcement,Law Enforcement,Crime Control,11,Closed,High,MEDIUM,false,Loss of business due to crime,Increased fear and insecurity among residents,Angry,,,UP Police Act 2018,2025-02-12 16:52:58.851,2025-02-05 00:00:00,2025-02-05 00:00:00,,,,,None,cm725gbwi00vmu6o4za5bq83m,cm725dg830006u6h44jyrjmcn,cm725gbx100vnu6o46aj8i7y1
cm725gc1700vru6o4hyj32lke,Infrastructure Issue in Aligarh,"सड़कें बहुत टूटी-फूटी हैं, रोज दुर्घटनाएं होती हैं, कोई सुधार नहीं हो रहा।",Infrastructure,Infrastructure,Road Maintenance,12,In Progress,High,MEDIUM,false,Vehicle repair costs,Increased accidents and injuries,Irritated,,,UP Road Maintenance Act 2017,2025-02-12 16:52:58.987,2025-02-05 00:00:00,2025-02-05 00:00:00,,,,,Air pollution due to traffic congestion,cm725gbzo00vpu6o4fn7aybgv,cm725dg3k0003u6h4e8f3kb9h,cm725gc0h00vqu6o4m7dpud4f
cm725gc4f00vuu6o4z9z4u41a,Public Amenities Issue in Gonda,"हमारे इलाके में कोई भी कचरा हटाने वाली गाड़ी नहीं आती, कचरा सड़कों पर पड़ा रहता है।",Public Amenities,Sanitation,Garbage Collection,22,In Progress,High,MEDIUM,false,Increased healthcare costs,Health hazards and unhygienic conditions,Disheartened,,,UP Sanitation Act 2018,2025-02-12 16:52:59.103,2025-02-05 00:00:00,2025-02-05 00:00:00,,,,,Pollution and pest infestation,cm725gc3f00vsu6o468p8gv01,cm725dgdh000au6h4fagm9twc,cm725gc4400vtu6o41oykpkwx
cm725gc9b00vxu6o4c8vrl3cn,Water Supply Issue in Ghaziabad,"पानी की सप्लाई बेहद खराब हो गई है, हर दिन पानी की किल्लत रहती है। टैंकर आने में भी कई घंटे लगते हैं।",Water Supply,बुनियादी ढांचा,जल वितरण,29,In Progress,उच्च,MEDIUM,false,मध्यम - टैंकर पर अतिरिक्त खर्च,उच्च - सैकड़ों परिवारों का दैनिक जीवन प्रभावित,Anger,,,"['UP जल निगम नियम', 'जल आपूर्ति प्रबंधन अधिनियम']",2025-02-12 16:52:59.28,2025-02-05 00:00:00,2025-02-05 00:00:00,,,,,निम्न - स्थानीय वनस्पति पर सीमित प्रभाव,cm725ezao005ru6o4uc41b0o6,cm725gc6s00vvu6o4m8511wwo,cm725gc8t00vwu6o4pd49kdzn
cm725gcdv00w0u6o4rkx676x0,Electricity Issue in Noida,"बिजली के बिल बहुत ज्यादा आ रहे हैं, लेकिन सप्लाई लगातार बाधित रहती है। क्या सरकार केवल बिल बढ़ाने का काम करती है?",Electricity,उपयोगिताएं,विद्युत वितरण,4,Closed,उच्च,MEDIUM,false,उच्च - व्यापार हानि और जनरेटर खर्च,उच्च - व्यापार और दैनिक गतिविधियां बाधित,Frustration,,,"['UP विद्युत नियामक आयोग दिशानिर्देश', 'विद्युत वितरण नीति']",2025-02-12 16:52:59.443,2025-02-05 00:00:00,2025-02-05 00:00:00,,,,,मध्यम - जनरेटर से प्रदूषण,cm725f71v00ahu6o46gi58jcf,cm725gcbm00vyu6o4yu0n0zas,cm725gcdi00vzu6o4iwcvur1p
cm725gcjb00w3u6o4qkdryp61,Garbage Issue in Moradabad,कूड़े के ढेर हर गली में फैले हुए हैं। सफाई व्यवस्था पूरी तरह से नदारद है।,Garbage,स्वच्छता,कचरा प्रबंधन,21,In Progress,उच्च,MEDIUM,false,मध्यम - स्वास्थ्य देखभाल पर अतिरिक्त खर्च,उच्च - सार्वजनिक स्वास्थ्य प्रभावित,Disgust,,,"['स्वच्छ भारत अभियान', 'नगरपालिका अपशिष्ट प्रबंधन नियम']",2025-02-12 16:52:59.64,2025-02-05 00:00:00,2025-02-05 00:00:00,,,,,उच्च - वातावरण प्रदूषण और संक्रमण,cm725f76900aku6o4l8t44bnc,cm725gcgx00w1u6o446wznswt,cm725gcj200w2u6o46uou6c6f
cm725gcn600w6u6o490grq0u7,Roads Issue in Meerut,"सड़कों पर गड्ढे भरे नहीं जाते, और वाहन चालकों को भारी नुकसान हो रहा है।",Roads,बुनियादी ढांचा,सड़क रखरखाव,2,Open,उच्च,MEDIUM,false,मध्यम - वाहन मरम्मत खर्च,उच्च - दुर्घटनाएं और यातायात बाधित,Displeasure,,,"['सड़क सुरक्षा नियम', 'सड़क निर्माण मानक']",2025-02-12 16:52:59.778,2025-02-05 00:00:00,2025-02-05 00:00:00,,,,,निम्न - सीमित पर्यावरण प्रभाव,cm725et130009u6o45e2rnkk7,cm725gclc00w4u6o4et9hcbjz,cm725gcmx00w5u6o4rsjbdcag
cm725gcs900w9u6o4a7jpmq8o,Public Transport Issue in Varanasi,"बसों की स्थिति बहुत खराब है। सीटें टूटी हुई हैं, और खड़े होकर यात्रा करना बहुत कठिन हो गया है।",Public Transport,परिवहन,सार्वजनिक परिवहन,3,Open,मध्यम,MEDIUM,false,मध्यम - वैकल्पिक परिवहन खर्च,उच्च - दैनिक यात्रा प्रभावित,Exhaustion,,,"['सार्वजनिक परिवहन नियम', 'यातायात नियंत्रण नीति']",2025-02-12 16:52:59.962,2025-02-05 00:00:00,2025-02-05 00:00:00,,,,,निम्न - सीमित प्रभाव,cm725f67200a2u6o4k78buxu5,cm725gcpm00w7u6o4lor42o0u,cm725gcrw00w8u6o40qw6059i
cm725gcv500wbu6o4vwppb031,Health Services Issue in Kanpur,सरकारी अस्पतालों में मरीजों के लिए बिस्तर तक नहीं है। डॉ. का इलाज बहुत ही सतही होता है।,Health Services,स्वास्थ्य,अस्पताल प्रबंधन,26,Closed,उच्च,MEDIUM,false,उच्च - निजी स्वास्थ्य सेवाओं पर खर्च,उच्च - जन स्वास्थ्य प्रभावित,Disappointment,,,"['जन स्वास्थ्य नीति', 'अस्पताल प्रबंधन नियम']",2025-02-12 16:53:00.066,2025-02-05 00:00:00,2025-02-05 00:00:00,,,,,निम्न - सीमित प्रभाव,cm725espe0000u6o40tsgshuf,cm725dgpg000ru6h4pja8ts0a,cm725gcut00wau6o4bzwz0ghj
cm725gcy900wdu6o47c4lihoa,Police & Law Issue in Lucknow,पुलिस की कार्यवाही में बहुत देरी होती है। अपराधियों के खिलाफ कोई ठोस कदम नहीं उठाया जाता।,Police & Law,कानून व्यवस्था,पुलिस प्रशासन,4,Closed,उच्च,MEDIUM,false,मध्यम - अपराध से आर्थिक नुकसान,उच्च - सुरक्षा और कानून व्यवस्था प्रभावित,Anger,,,"['पुलिस अधिनियम', 'आपराधिक कानून']",2025-02-12 16:53:00.178,2025-02-05 00:00:00,2025-02-05 00:00:00,,,,,निम्न - कोई प्रत्यक्ष प्रभाव नहीं,cm725f2tt007qu6o4bez55hkl,cm725dgqu000su6h4g27ffdzk,cm725gcxp00wcu6o482hnybmd
cm725gd1900wfu6o4djjxwoap,Education Issue in Allahabad,स्कूलों में शिक्षकों की कमी है और छात्र बिना पढ़ाई के ही पास कर जाते हैं।,Education,शिक्षा,विद्यालय प्रबंधन,19,In Progress,उच्च,MEDIUM,false,मध्यम - निजी शिक्षा पर अतिरिक्त खर्च,उच्च - शैक्षिक गुणवत्ता प्रभावित,Concern,,,"['शिक्षा अधिकार अधिनियम', 'शिक्षक भर्ती नीति']",2025-02-12 16:53:00.285,2025-02-05 00:00:00,2025-02-05 00:00:00,,,,,निम्न - कोई प्रत्यक्ष प्रभाव नहीं,cm725f2x3007tu6o4x07tr089,cm725dgse000tu6h4upm5zpn9,cm725gd0u00weu6o40i611t1p
cm725gd4k00whu6o4m3hrysz8,Water Supply Issue in Saharanpur,पानी की सप्लाई में अक्सर गंदगी मिलती है। हमें पानी पीने में डर लगता है।,Water Supply,बुनियादी ढांचा,जल वितरण,5,Closed,उच्च,MEDIUM,false,मध्यम - टैंकर पर अतिरिक्त खर्च,उच्च - सैकड़ों परिवारों का दैनिक जीवन प्रभावित,Frustration,,,"['UP जल निगम नियम', 'जल आपूर्ति प्रबंधन अधिनियम']",2025-02-12 16:53:00.404,2025-02-05 00:00:00,2025-02-05 00:00:00,,,,,निम्न - स्थानीय वनस्पति पर सीमित प्रभाव,cm725f30z007wu6o4890gzbkg,cm725gc6s00vvu6o4m8511wwo,cm725gd4400wgu6o4t7l1t181
cm725gd7e00wju6o4x0yuifin,Electricity Issue in Aligarh,"बिना सूचना के बिजली चली जाती है, और कई बार तो दिन भर के लिए नहीं आती।",Electricity,उपयोगिताएं,विद्युत वितरण,22,In Progress,उच्च,MEDIUM,false,उच्च - व्यापार हानि और जनरेटर खर्च,उच्च - व्यापार और दैनिक गतिविधियां बाधित,Exhaustion,,,"['UP विद्युत नियामक आयोग दिशानिर्देश', 'विद्युत वितरण नीति']",2025-02-12 16:53:00.507,2025-02-05 00:00:00,2025-02-05 00:00:00,,,,,मध्यम - जनरेटर से प्रदूषण,cm725f34x007zu6o4ttx7yg6i,cm725gcbm00vyu6o4yu0n0zas,cm725gd7600wiu6o4w1v7qk6w
cm725gda000wlu6o4slpnqxmi,Garbage Issue in Bareilly,कूड़ा ढेर की तरह सड़कों पर पड़ा रहता है। नगरपालिका इस पर ध्यान नहीं दे रही है।,Garbage,स्वच्छता,कचरा प्रबंधन,1,In Progress,उच्च,MEDIUM,false,मध्यम - स्वास्थ्य देखभाल पर अतिरिक्त खर्च,उच्च - सार्वजनिक स्वास्थ्य प्रभावित,Disgust,,,"['स्वच्छ भारत अभियान', 'नगरपालिका अपशिष्ट प्रबंधन नियम']",2025-02-12 16:53:00.6,2025-02-05 00:00:00,2025-02-05 00:00:00,,,,,उच्च - वातावरण प्रदूषण और संक्रमण,cm725f38o0082u6o47edcxgkg,cm725gcgx00w1u6o446wznswt,cm725gd9l00wku6o4034pur25
cm725gdd600wnu6o4thp9nu4b,Roads Issue in Jhansi,सड़क की हालत बहुत खराब है। गड्ढों में गाड़ियां फंस जाती हैं। अधिकारियों को कोई फर्क नहीं पड़ता।,Roads,बुनियादी ढांचा,सड़क रखरखाव,19,Closed,उच्च,MEDIUM,false,मध्यम - वाहन मरम्मत खर्च,उच्च - दुर्घटनाएं और यातायात बाधित,Irritation,,,"['सड़क सुरक्षा नियम', 'सड़क निर्माण मानक']",2025-02-12 16:53:00.715,2025-02-05 00:00:00,2025-02-05 00:00:00,,,,,निम्न - सीमित पर्यावरण प्रभाव,cm725f3co0085u6o4bgbmheqj,cm725gclc00w4u6o4et9hcbjz,cm725gdcq00wmu6o4xqg92ggn
cm725gdfc00wou6o4a9uxqblm,Public Transport Issue in Mathura,"बसों में सफर करना बहुत कठिन हो गया है। बहुत भीड़ होती है, और बस समय पर नहीं आती।",Public Transport,परिवहन,सार्वजनिक परिवहन,3,Closed,मध्यम,MEDIUM,false,मध्यम - वैकल्पिक परिवहन खर्च,उच्च - दैनिक यात्रा प्रभावित,Annoyance,,,"['सार्वजनिक परिवहन नियम', 'यातायात नियंत्रण नीति']",2025-02-12 16:53:00.793,2025-02-05 00:00:00,2025-02-05 00:00:00,,,,,निम्न - सीमित प्रभाव,cm725f3gc0088u6o448ixet8v,cm725gcpm00w7u6o4lor42o0u,cm725fmpw00i7u6o4ze646sif
cm725gdhv00wqu6o4jt1hopf3,Health Services Issue in Lucknow,"सरकारी अस्पतालों में डॉक्टरों की कमी है, और जब डॉक्टर होते हैं तो इलाज बहुत धीमा होता है।",Health Services,स्वास्थ्य,अस्पताल प्रबंधन,1,Closed,उच्च,MEDIUM,false,उच्च - निजी स्वास्थ्य सेवाओं पर खर्च,उच्च - जन स्वास्थ्य प्रभावित,Helplessness,,,"['जन स्वास्थ्य नीति', 'अस्पताल प्रबंधन नियम']",2025-02-12 16:53:00.883,2025-02-05 00:00:00,2025-02-05 00:00:00,,,,,निम्न - सीमित प्रभाव,cm725espe0000u6o40tsgshuf,cm725dgpg000ru6h4pja8ts0a,cm725gdhc00wpu6o42srultd6
cm725gdm100wsu6o496gl9p8i,Police & Law Issue in Agra,पुलिस कभी भी आपराधिक घटनाओं पर जल्दी प्रतिक्रिया नहीं देती। शिकायत करने पर भी कोई कार्रवाई नहीं होती।,Police & Law,कानून व्यवस्था,पुलिस प्रशासन,4,Closed,उच्च,MEDIUM,false,मध्यम - अपराध से आर्थिक नुकसान,उच्च - सुरक्षा और कानून व्यवस्था प्रभावित,Frustration,,,"['पुलिस अधिनियम', 'आपराधिक कानून']",2025-02-12 16:53:01.033,2025-02-05 00:00:00,2025-02-05 00:00:00,,,,,निम्न - कोई प्रत्यक्ष प्रभाव नहीं,cm725f3n1008du6o4f2tm09sb,cm725dgqu000su6h4g27ffdzk,cm725gdl500wru6o4po8kwe4e
cm725gdpd00wuu6o4p1vc9ge7,Education Issue in Ghaziabad,"स्कूलों में पर्याप्त शिक्षक नहीं हैं और जो हैं, वे भी पाठ्यक्रम पूरा नहीं कर पाते।",Education,शिक्षा,विद्यालय प्रबंधन,5,Open,उच्च,MEDIUM,false,मध्यम - निजी शिक्षा पर अतिरिक्त खर्च,उच्च - शैक्षिक गुणवत्ता प्रभावित,Concern,,,"['शिक्षा अधिकार अधिनियम', 'शिक्षक भर्ती नीति']",2025-02-12 16:53:01.153,2025-02-05 00:00:00,2025-02-05 00:00:00,,,,,निम्न - कोई प्रत्यक्ष प्रभाव नहीं,cm725f3qo008gu6o4k2jcomda,cm725dgse000tu6h4upm5zpn9,cm725gdp000wtu6o48vx9aedu
cm725gdss00wwu6o4yoqfiv0u,Water Supply Issue in Meerut,पानी की सप्लाई कभी नियमित नहीं रहती। कई बार तो पूरे दिन पानी नहीं आता।,Water Supply,बुनियादी ढांचा,जल वितरण,5,In Progress,उच्च,MEDIUM,false,मध्यम - टैंकर पर अतिरिक्त खर्च,उच्च - सैकड़ों परिवारों का दैनिक जीवन प्रभावित,Disappointment,,,"['UP जल निगम नियम', 'जल आपूर्ति प्रबंधन अधिनियम']",2025-02-12 16:53:01.276,2025-02-05 00:00:00,2025-02-05 00:00:00,,,,,निम्न - स्थानीय वनस्पति पर सीमित प्रभाव,cm725f3ux008ju6o4shmi1x5q,cm725gc6s00vvu6o4m8511wwo,cm725gdsg00wvu6o4olpc5tgt
cm725gdwf00wyu6o44ldqi4wt,Electricity Issue in Bijnor,बिजली की समस्या लगातार बढ़ती जा रही है। गर्मी में बिजली की कमी और ज्यादा महसूस हो रही है।,Electricity,उपयोगिताएं,विद्युत वितरण,18,Open,उच्च,MEDIUM,false,उच्च - व्यापार हानि और जनरेटर खर्च,उच्च - व्यापार और दैनिक गतिविधियां बाधित,Exhaustion,,,"['UP विद्युत नियामक आयोग दिशानिर्देश', 'विद्युत वितरण नीति']",2025-02-12 16:53:01.407,2025-02-05 00:00:00,2025-02-05 00:00:00,,,,,मध्यम - जनरेटर से प्रदूषण,cm725f3yx008mu6o4mbfmhr0y,cm725gcbm00vyu6o4yu0n0zas,cm725gdw200wxu6o44l2j67qi
cm725gdzc00x0u6o4pvh2utzk,Garbage Issue in Lucknow,"कूड़ा हर जगह फैला हुआ है, और सफाई कर्मचारियों का ध्यान नहीं है।",Garbage,स्वच्छता,कचरा प्रबंधन,21,Open,उच्च,MEDIUM,false,मध्यम - स्वास्थ्य देखभाल पर अतिरिक्त खर्च,उच्च - सार्वजनिक स्वास्थ्य प्रभावित,Disgust,,,"['स्वच्छ भारत अभियान', 'नगरपालिका अपशिष्ट प्रबंधन नियम']",2025-02-12 16:53:01.512,2025-02-05 00:00:00,2025-02-05 00:00:00,,,,,उच्च - वातावरण प्रदूषण और संक्रमण,cm725f41x008pu6o45ta7mw6i,cm725gcgx00w1u6o446wznswt,cm725gdyy00wzu6o4merwra5c
cm725ge2600x2u6o4nm8e42jh,Roads Issue in Aligarh,सड़कों पर गड्ढे इतने बढ़ चुके हैं कि गाड़ी चलाना मुश्किल हो गया है।,Roads,बुनियादी ढांचा,सड़क रखरखाव,4,Open,उच्च,MEDIUM,false,मध्यम - वाहन मरम्मत खर्च,उच्च - दुर्घटनाएं और यातायात बाधित,Anger,,,"['सड़क सुरक्षा नियम', 'सड़क निर्माण मानक']",2025-02-12 16:53:01.614,2025-02-05 00:00:00,2025-02-05 00:00:00,,,,,निम्न - सीमित पर्यावरण प्रभाव,cm725f46g008su6o4uwrwobrs,cm725gclc00w4u6o4et9hcbjz,cm725ge1x00x1u6o47iaj8u3m
cm725ge4t00x4u6o4q02zrxgw,Public Transport Issue in Gorakhpur,"ट्रेनें अक्सर देरी से आती हैं, और कभी-कभी पूरी तरह से रद्द हो जाती हैं।",Public Transport,परिवहन,सार्वजनिक परिवहन,9,In Progress,मध्यम,MEDIUM,false,मध्यम - वैकल्पिक परिवहन खर्च,उच्च - दैनिक यात्रा प्रभावित,Irritation,,,"['सार्वजनिक परिवहन नियम', 'यातायात नियंत्रण नीति']",2025-02-12 16:53:01.709,2025-02-05 00:00:00,2025-02-05 00:00:00,,,,,निम्न - सीमित प्रभाव,cm725f4ag008vu6o48rmbcd50,cm725gcpm00w7u6o4lor42o0u,cm725ge4h00x3u6o4iluvx7o0
cm725ge7f00x6u6o4gizh9chs,Health Services Issue in Jhansi,"अस्पतालों में सुविधाओं की भारी कमी है। डॉक्टरों की बहुत कमी है, और इलाज ठीक से नहीं हो पाता।",Health Services,स्वास्थ्य,अस्पताल प्रबंधन,17,In Progress,उच्च,MEDIUM,false,उच्च - निजी स्वास्थ्य सेवाओं पर खर्च,उच्च - जन स्वास्थ्य प्रभावित,Frustration,,,"['जन स्वास्थ्य नीति', 'अस्पताल प्रबंधन नियम']",2025-02-12 16:53:01.803,2025-02-05 00:00:00,2025-02-05 00:00:00,,,,,निम्न - सीमित प्रभाव,cm725et130009u6o45e2rnkk7,cm725dgpg000ru6h4pja8ts0a,cm725ge7300x5u6o434yx9dtr
cm725geb900x8u6o4ijkwqf70,Police & Law Issue in Kanpur,पुलिस अपनी जिम्मेदारी निभाने में नाकाम है। अपराधियों के खिलाफ कोई कड़ी कार्रवाई नहीं होती।,Police & Law,कानून व्यवस्था,पुलिस प्रशासन,1,Open,उच्च,MEDIUM,false,मध्यम - अपराध से आर्थिक नुकसान,उच्च - सुरक्षा और कानून व्यवस्था प्रभावित,Anger,,,"['पुलिस अधिनियम', 'आपराधिक कानून']",2025-02-12 16:53:01.941,2025-02-05 00:00:00,2025-02-05 00:00:00,,,,,निम्न - कोई प्रत्यक्ष प्रभाव नहीं,cm725f4gr0090u6o434u3i3np,cm725dgqu000su6h4g27ffdzk,cm725geaa00x7u6o4dzo01y25
cm725gee900xau6o4vn4uo37w,Education Issue in Varanasi,स्कूलों में गुणवत्ता वाली शिक्षा नहीं दी जाती। शिक्षक भी हमेशा अनुपस्थित रहते हैं।,Education,शिक्षा,विद्यालय प्रबंधन,18,In Progress,उच्च,MEDIUM,false,मध्यम - निजी शिक्षा पर अतिरिक्त खर्च,उच्च - शैक्षिक गुणवत्ता प्रभावित,Concern,,,"['शिक्षा अधिकार अधिनियम', 'शिक्षक भर्ती नीति']",2025-02-12 16:53:02.049,2025-02-05 00:00:00,2025-02-05 00:00:00,,,,,निम्न - कोई प्रत्यक्ष प्रभाव नहीं,cm725f4ki0093u6o46usuq3ci,cm725dgse000tu6h4upm5zpn9,cm725gedy00x9u6o4a8k0vi98
cm725gehg00xcu6o4dpczopdz,Water Supply Issue in Faizabad,"पानी की सप्लाई में बहुत गंदगी आती है। नल से गंदा पानी आता है, और ये कई बार होता है।",Water Supply,बुनियादी ढांचा,जल वितरण,13,Closed,उच्च,MEDIUM,false,मध्यम - टैंकर पर अतिरिक्त खर्च,उच्च - सैकड़ों परिवारों का दैनिक जीवन प्रभावित,Frustration,,,"['UP जल निगम नियम', 'जल आपूर्ति प्रबंधन अधिनियम']",2025-02-12 16:53:02.164,2025-02-05 00:00:00,2025-02-05 00:00:00,,,,,निम्न - स्थानीय वनस्पति पर सीमित प्रभाव,cm725euhj001lu6o47cg3cj43,cm725gc6s00vvu6o4m8511wwo,cm725geh600xbu6o4r7pgdajx
cm725gek500xeu6o42ymtq5j5,Electricity Issue in Muzaffarnagar,बिजली की कटौती दिन-ब-दिन बढ़ती जा रही है। गर्मी में बिजली के बिना रहना बहुत मुश्किल है।,Electricity,उपयोगिताएं,विद्युत वितरण,7,In Progress,उच्च,MEDIUM,false,उच्च - व्यापार हानि और जनरेटर खर्च,उच्च - व्यापार और दैनिक गतिविधियां बाधित,Exhaustion,,,"['UP विद्युत नियामक आयोग दिशानिर्देश', 'विद्युत वितरण नीति']",2025-02-12 16:53:02.261,2025-02-05 00:00:00,2025-02-05 00:00:00,,,,,मध्यम - जनरेटर से प्रदूषण,cm725evst002tu6o4nf43xk4o,cm725gcbm00vyu6o4yu0n0zas,cm725gejw00xdu6o4lcb0jnhc
cm725genn00xgu6o4miry03xo,Garbage Issue in Mathura,कूड़े का ढेर हर गली में फैला है। सफाई कर्मचारियों को इस पर ध्यान देना चाहिए।,Garbage,स्वच्छता,कचरा प्रबंधन,19,Open,उच्च,MEDIUM,false,मध्यम - स्वास्थ्य देखभाल पर अतिरिक्त खर्च,उच्च - सार्वजनिक स्वास्थ्य प्रभावित,Disgust,,,"['स्वच्छ भारत अभियान', 'नगरपालिका अपशिष्ट प्रबंधन नियम']",2025-02-12 16:53:02.378,2025-02-05 00:00:00,2025-02-05 00:00:00,,,,,उच्च - वातावरण प्रदूषण और संक्रमण,cm725f4wr009au6o4wv71g3sj,cm725gcgx00w1u6o446wznswt,cm725gemy00xfu6o425hrnx9r
cm725geqt00xiu6o4cc4n9k00,Roads Issue in Saharanpur,सड़कों में गड्ढों की भरमार है। लोगों को चलने में परेशानी हो रही है।,Roads,बुनियादी ढांचा,सड़क रखरखाव,23,Closed,उच्च,MEDIUM,false,मध्यम - वाहन मरम्मत खर्च,उच्च - दुर्घटनाएं और यातायात बाधित,Irritation,,,"['सड़क सुरक्षा नियम', 'सड़क निर्माण मानक']",2025-02-12 16:53:02.501,2025-02-05 00:00:00,2025-02-05 00:00:00,,,,,निम्न - सीमित पर्यावरण प्रभाव,cm725f51h009du6o459ulgp44,cm725gclc00w4u6o4et9hcbjz,cm725geqe00xhu6o4e7undxlv
cm725gets00xku6o46czd0qfk,Public Transport Issue in Meerut,"बसों में भीड़ बहुत होती है, और समय पर बसें नहीं मिलतीं। यात्रियों को भारी दिक्कतों का सामना करना पड़ता है।",Public Transport,परिवहन,सार्वजनिक परिवहन,21,In Progress,मध्यम,MEDIUM,false,मध्यम - वैकल्पिक परिवहन खर्च,उच्च - दैनिक यात्रा प्रभावित,Frustration,,,"['सार्वजनिक परिवहन नियम', 'यातायात नियंत्रण नीति']",2025-02-12 16:53:02.608,2025-02-05 00:00:00,2025-02-05 00:00:00,,,,,निम्न - सीमित प्रभाव,cm725f55i009gu6o4s77mowir,cm725gcpm00w7u6o4lor42o0u,cm725getg00xju6o45plmitzr
cm725gevy00xmu6o4ug97e2r8,Health Services Issue in Aligarh,सरकारी अस्पतालों में बुनियादी सुविधाएं तक नहीं हैं। मरीजों को इलाज के लिए घंटों इंतजार करना पड़ता है।,Health Services,स्वास्थ्य,अस्पताल प्रबंधन,20,In Progress,उच्च,MEDIUM,false,उच्च - निजी स्वास्थ्य सेवाओं पर खर्च,उच्च - जन स्वास्थ्य प्रभावित,Helplessness,,,"['जन स्वास्थ्य नीति', 'अस्पताल प्रबंधन नियम']",2025-02-12 16:53:02.686,2025-02-05 00:00:00,2025-02-05 00:00:00,,,,,निम्न - सीमित प्रभाव,cm725eyqe005ju6o4ade09dly,cm725dgpg000ru6h4pja8ts0a,cm725gevp00xlu6o4otaj029z
cm725geyl00xou6o4khm5j977,Water Supply Issue in Bareilly,"पानी की सप्लाई कभी भी स्थिर नहीं रहती। कभी बहुत कम पानी आता है, तो कभी बिल्कुल नहीं।",Water Supply,बुनियादी ढांचा,जल वितरण,7,In Progress,उच्च,MEDIUM,false,मध्यम - टैंकर पर अतिरिक्त खर्च,उच्च - सैकड़ों परिवारों का दैनिक जीवन प्रभावित,Frustration,,,"['UP जल निगम नियम', 'जल आपूर्ति प्रबंधन अधिनियम']",2025-02-12 16:53:02.781,2025-02-05 00:00:00,2025-02-05 00:00:00,,,,,निम्न - स्थानीय वनस्पति पर सीमित प्रभाव,cm725f5dw009lu6o4h3jtobda,cm725gc6s00vvu6o4m8511wwo,cm725geya00xnu6o412te2fq3
cm725gf1u00xqu6o4ogq21k15,Electricity Issue in Agra,बिजली की कटौती इतनी ज्यादा हो गई है कि घर में बच्चों को पढ़ाई करने में भी परेशानी होती है।,Electricity,उपयोगिताएं,विद्युत वितरण,15,Closed,उच्च,MEDIUM,false,उच्च - व्यापार हानि और जनरेटर खर्च,उच्च - व्यापार और दैनिक गतिविधियां बाधित,Exhaustion,,,"['UP विद्युत नियामक आयोग दिशानिर्देश', 'विद्युत वितरण नीति']",2025-02-12 16:53:02.898,2025-02-05 00:00:00,2025-02-05 00:00:00,,,,,मध्यम - जनरेटर से प्रदूषण,cm725f3qo008gu6o4k2jcomda,cm725gcbm00vyu6o4yu0n0zas,cm725gf1j00xpu6o44fpzor5k
cm725gf4l00xsu6o43fd4vlyn,Garbage Issue in Lucknow,कूड़ा उठाने वाली गाड़ी समय पर नहीं आती। कई दिनों तक सड़कों पर कूड़ा पड़ा रहता है।,Garbage,स्वच्छता,कचरा प्रबंधन,22,Closed,उच्च,MEDIUM,false,मध्यम - स्वास्थ्य देखभाल पर अतिरिक्त खर्च,उच्च - सार्वजनिक स्वास्थ्य प्रभावित,Disgust,,,"['स्वच्छ भारत अभियान', 'नगरपालिका अपशिष्ट प्रबंधन नियम']",2025-02-12 16:53:02.997,2025-02-05 00:00:00,2025-02-05 00:00:00,,,,,उच्च - वातावरण प्रदूषण और संक्रमण,cm725f5pl009tu6o40edhczcn,cm725gcgx00w1u6o446wznswt,cm725gf4b00xru6o4jzsaxv0i
cm725gf7h00xuu6o40647qcug,Roads Issue in Kanpur,सड़कें बहुत ही खराब हो गई हैं। गड्ढों के कारण गाड़ी चलाना मुश्किल हो गया है।,Roads,बुनियादी ढांचा,सड़क रखरखाव,11,Open,उच्च,MEDIUM,false,मध्यम - वाहन मरम्मत खर्च,उच्च - दुर्घटनाएं और यातायात बाधित,Anger,,,"['सड़क सुरक्षा नियम', 'सड़क निर्माण मानक']",2025-02-12 16:53:03.101,2025-02-05 00:00:00,2025-02-05 00:00:00,,,,,निम्न - सीमित पर्यावरण प्रभाव,cm725ezao005ru6o4uc41b0o6,cm725gclc00w4u6o4et9hcbjz,cm725gf7500xtu6o4f8fhyneh
cm725gfaq00xwu6o4lh8onbnc,Public Transport Issue in Varanasi,बसों की बहुत कमी है। कई बार घंटों इंतजार करने के बाद भी बस नहीं आती।,Public Transport,परिवहन,सार्वजनिक परिवहन,27,In Progress,मध्यम,MEDIUM,false,मध्यम - वैकल्पिक परिवहन खर्च,उच्च - दैनिक यात्रा प्रभावित,Frustration,,,"['सार्वजनिक परिवहन नियम', 'यातायात नियंत्रण नीति']",2025-02-12 16:53:03.219,2025-02-05 00:00:00,2025-02-05 00:00:00,,,,,निम्न - सीमित प्रभाव,cm725f71v00ahu6o46gi58jcf,cm725gcpm00w7u6o4lor42o0u,cm725gfad00xvu6o4kpkj6oat
cm725gfe700xyu6o4ltnqksvz,Health Services Issue in Gorakhpur,"सरकारी अस्पतालों में सफाई की स्थिति बहुत खराब है। डॉक्टरों की कमी भी है, जिससे इलाज में देरी होती है।",Health Services,स्वास्थ्य,अस्पताल प्रबंधन,2,Closed,उच्च,MEDIUM,false,उच्च - निजी स्वास्थ्य सेवाओं पर खर्च,उच्च - जन स्वास्थ्य प्रभावित,Helplessness,,,"['जन स्वास्थ्य नीति', 'अस्पताल प्रबंधन नियम']",2025-02-12 16:53:03.343,2025-02-05 00:00:00,2025-02-05 00:00:00,,,,,निम्न - सीमित प्रभाव,cm725f76900aku6o4l8t44bnc,cm725dgpg000ru6h4pja8ts0a,cm725gfdz00xxu6o4tjeo5ega
cm725gfi000y0u6o4a0iwzupw,Police & Law Issue in Aligarh,"पुलिस का रवैया बहुत ही अपमानजनक है। यदि कोई शिकायत करता है, तो उसे गंभीरता से नहीं लिया जाता।",Police & Law,कानून व्यवस्था,पुलिस प्रशासन,21,Open,उच्च,MEDIUM,false,मध्यम - अपराध से आर्थिक नुकसान,उच्च - सुरक्षा और कानून व्यवस्था प्रभावित,Anger,,,"['पुलिस अधिनियम', 'आपराधिक कानून']",2025-02-12 16:53:03.48,2025-02-05 00:00:00,2025-02-05 00:00:00,,,,,निम्न - कोई प्रत्यक्ष प्रभाव नहीं,cm725et130009u6o45e2rnkk7,cm725dgqu000su6h4g27ffdzk,cm725gfhp00xzu6o4lnh98ylz
cm725gfkt00y2u6o4ysbmnn18,Education Issue in Faizabad,"स्कूलों में शिक्षकों की कमी है, और जो शिक्षक हैं, वे भी बच्चों को ठीक से पढ़ाई नहीं कराते।",Education,शिक्षा,विद्यालय प्रबंधन,26,In Progress,उच्च,MEDIUM,false,मध्यम - निजी शिक्षा पर अतिरिक्त खर्च,उच्च - शैक्षिक गुणवत्ता प्रभावित,Concern,,,"['शिक्षा अधिकार अधिनियम', 'शिक्षक भर्ती नीति']",2025-02-12 16:53:03.582,2025-02-05 00:00:00,2025-02-05 00:00:00,,,,,निम्न - कोई प्रत्यक्ष प्रभाव नहीं,cm725f3gc0088u6o448ixet8v,cm725dgse000tu6h4upm5zpn9,cm725gfkl00y1u6o44vlt3alu
cm725gfo900y4u6o4xlwrdbby,Water Supply Issue in Saharanpur,"पानी की सप्लाई कभी नियमित नहीं रहती। कई बार तो पूरे दिन पानी नहीं आता, जिससे दिनचर्या बिगड़ जाती है।",Water Supply,बुनियादी ढांचा,जल वितरण,18,Closed,उच्च,MEDIUM,false,मध्यम - टैंकर पर अतिरिक्त खर्च,उच्च - सैकड़ों परिवारों का दैनिक जीवन प्रभावित,Frustration,,,"['UP जल निगम नियम', 'जल आपूर्ति प्रबंधन अधिनियम']",2025-02-12 16:53:03.705,2025-02-05 00:00:00,2025-02-05 00:00:00,,,,,निम्न - स्थानीय वनस्पति पर सीमित प्रभाव,cm725espe0000u6o40tsgshuf,cm725gc6s00vvu6o4m8511wwo,cm725gfnz00y3u6o4gwyf0c5u
cm725gfqw00y6u6o4mh7w7zji,Electricity Issue in Ghaziabad,"गर्मी के मौसम में बिजली की कटौती बढ़ गई है। दिनभर बिजली चली जाती है, जिससे काम करना मुश्किल हो जाता है।",Electricity,उपयोगिताएं,विद्युत वितरण,5,Open,उच्च,MEDIUM,false,उच्च - व्यापार हानि और जनरेटर खर्च,उच्च - व्यापार और दैनिक गतिविधियां बाधित,Exhaustion,,,"['UP विद्युत नियामक आयोग दिशानिर्देश', 'विद्युत वितरण नीति']",2025-02-12 16:53:03.8,2025-02-05 00:00:00,2025-02-05 00:00:00,,,,,मध्यम - जनरेटर से प्रदूषण,cm725f2tt007qu6o4bez55hkl,cm725gcbm00vyu6o4yu0n0zas,cm725gfql00y5u6o4zhksu2ig
cm725gftr00y8u6o451x79w27,Garbage Issue in Meerut,कूड़े का ढेर सड़कों पर पड़ा रहता है। सफाई कर्मचारी कभी भी समय पर नहीं आते हैं।,Garbage,स्वच्छता,कचरा प्रबंधन,30,Open,उच्च,MEDIUM,false,मध्यम - स्वास्थ्य देखभाल पर अतिरिक्त खर्च,उच्च - सार्वजनिक स्वास्थ्य प्रभावित,Disgust,,,"['स्वच्छ भारत अभियान', 'नगरपालिका अपशिष्ट प्रबंधन नियम']",2025-02-12 16:53:03.904,2025-02-05 00:00:00,2025-02-05 00:00:00,,,,,उच्च - वातावरण प्रदूषण और संक्रमण,cm725f2x3007tu6o4x07tr089,cm725gcgx00w1u6o446wznswt,cm725gft700y7u6o4pprw85tk
cm725gfxg00yau6o4j8aik8px,Roads Issue in Noida,सड़कों में गड्ढे और टूट-फूट बहुत बढ़ गई है। इससे दुर्घटनाओं का खतरा बढ़ गया है।,Roads,बुनियादी ढांचा,सड़क रखरखाव,2,Open,उच्च,MEDIUM,false,मध्यम - वाहन मरम्मत खर्च,उच्च - दुर्घटनाएं और यातायात बाधित,Irritation,,,"['सड़क सुरक्षा नियम', 'सड़क निर्माण मानक']",2025-02-12 16:53:04.037,2025-02-05 00:00:00,2025-02-05 00:00:00,,,,,निम्न - सीमित पर्यावरण प्रभाव,cm725f30z007wu6o4890gzbkg,cm725gclc00w4u6o4et9hcbjz,cm725gfwz00y9u6o49znry35x
cm725gg1j00ydu6o4bffyc3xx,Law Enforcement Issue in आगरा,आगरा में पुलिस अपराधों पर ध्यान नहीं देती। अपराध बढ़ते जा रहे हैं।,,Law Enforcement,Crime Control,6,In Progress,High,MEDIUM,false,Loss of business due to crime,Increased fear and insecurity among residents,नाराजगी,,,UP Police Act 2018,2025-02-12 16:53:04.184,2025-02-05 00:00:00,2025-02-05 00:00:00,,,,,None,cm725gg0d00ybu6o4frx1w1v8,cm725dg830006u6h44jyrjmcn,cm725gg1100ycu6o4wiypbgl9
cm725gg4o00ygu6o4ilprbp2y,Transportation Issue in कानपुर,कानपुर में पब्लिक ट्रांसपोर्ट की स्थिति बहुत खराब है। बसें बहुत कम और समय पर नहीं आती।,,Transportation,Bus Services,25,In Progress,Medium,MEDIUM,false,Loss of productivity,Inconvenience for daily commuters,निराशा,,,UP Public Transport Act 2018,2025-02-12 16:53:04.296,2025-02-05 00:00:00,2025-02-05 00:00:00,,,,,Increased pollution due to private vehicle usage,cm725gg3v00yeu6o4wq7q7s6w,cm725dggi000cu6h4gbmwutvf,cm725gg4d00yfu6o4j7quvimh
cm725gg8000yju6o4ssqnpkaz,Sanitation Issue in लखनऊ,लखनऊ में कचरे का ढेर हर गली में पड़ा रहता है। सफाई की कोई व्यवस्था नहीं है।,,Sanitation,Garbage Collection,20,Open,High,MEDIUM,false,Increased healthcare costs,Health hazards and unhygienic conditions,घृणा,,,UP Sanitation Act 2018,2025-02-12 16:53:04.416,2025-02-05 00:00:00,2025-02-05 00:00:00,,,,,Pollution and pest infestation,cm725gg7000yhu6o4hcp4hau0,cm725dgdh000au6h4fagm9twc,cm725gg7n00yiu6o4cbxjdx1c
cm725ggbf00ymu6o4cpdcchrs,Law Enforcement Issue in फिरोजाबाद,फिरोजाबाद में पुलिस के द्वारा अपराधियों पर कोई सख्त कार्रवाई नहीं की जा रही।,,Law Enforcement,Crime Control,29,Open,High,MEDIUM,false,Loss of business due to crime,Increased fear and insecurity among residents,डर,,,UP Police Act 2018,2025-02-12 16:53:04.539,2025-02-05 00:00:00,2025-02-05 00:00:00,,,,,None,cm725gga800yku6o4s7rzp8pw,cm725dg830006u6h44jyrjmcn,cm725ggar00ylu6o4yxxof6rk
cm725ggf500ypu6o4k8btdfzc,Healthcare Issue in कानपुर,कानपुर के अस्पतालों में इलाज के लिए सुविधाएं बहुत कम हैं और डॉक्टर भी कम हैं।,,Healthcare,Public Health,24,Open,High,MEDIUM,false,Increased medical expenses,Poor health outcomes,निराशा,,,UP Health Services Act 2015,2025-02-12 16:53:04.673,2025-02-05 00:00:00,2025-02-05 00:00:00,,,,,None,cm725ggdw00ynu6o4acw588wi,cm725dg6o0005u6h4jkjbkawz,cm725ggeh00you6o4stnq898t
cm725ggj000ysu6o4gs84n7mz,Infrastructure Issue in गोरखपुर,गोरखपुर की सड़कों पर बहुत गड्ढे हो गए हैं। गाड़ी चलाना खतरे से खाली नहीं है।,,Infrastructure,Road Maintenance,15,Open,High,MEDIUM,false,Vehicle repair costs,Increased accidents and injuries,नाराजगी,,,UP Road Maintenance Act 2017,2025-02-12 16:53:04.812,2025-02-05 00:00:00,2025-02-05 00:00:00,,,,,Air pollution due to traffic congestion,cm725gght00yqu6o4q1x5meyg,cm725dg3k0003u6h4e8f3kb9h,cm725ggik00yru6o4d6apa0w2
cm725ggnu00yvu6o4mi9xqneu,Utilities Issue in आगरा,आगरा में पानी की आपूर्ति बहुत कमजोर है। कई इलाकों में पानी नहीं आता।,,Utilities,Water Distribution,4,Closed,High,MEDIUM,false,Additional water procurement costs,Disruption of daily life and hygiene,नाराजगी,,,UP Water Supply Act 2019,2025-02-12 16:53:04.987,2025-02-05 00:00:00,2025-02-05 00:00:00,,,,,Water wastage and contamination,cm725ggmu00ytu6o4et8k4rsr,cm725dgaz0008u6h4o1r9mtq7,cm725ggnk00yuu6o4tuwu3l7p
cm725ggr300yyu6o4whbrsvgx,Utilities Issue in मथुरा,"मथुरा में बिजली की सप्लाई बहुत बार-बार कटती रहती है, जो लोगों को परेशान कर रही है।",,Utilities,Power Distribution,26,In Progress,High,MEDIUM,false,Increased electricity costs,Disruption of daily activities,निराशा,,,UP Electricity Act 2017,2025-02-12 16:53:05.103,2025-02-05 00:00:00,2025-02-05 00:00:00,,,,,Increased generator usage causing pollution,cm725ggq500ywu6o40ojub71l,cm725dgc70009u6h4pqcjyeb5,cm725ggqu00yxu6o4bcfys9z0
cm725ggtz00z0u6o4zyui5hag,Healthcare Issue in सिद्धार्थनगर,सिद्धार्थनगर के अस्पताल में डॉक्टर और चिकित्सा सुविधाएं बहुत कम हैं।,,Healthcare,Public Health,13,In Progress,High,MEDIUM,false,Increased medical expenses,Poor health outcomes,चिंता,,,UP Health Services Act 2015,2025-02-12 16:53:05.207,2025-02-05 00:00:00,2025-02-05 00:00:00,,,,,None,cm725g6vy00s7u6o4n4c076y7,cm725dg6o0005u6h4jkjbkawz,cm725ggtq00yzu6o4s7gbyar3
cm725ggxt00z3u6o49ame35ai,Sanitation Issue in मेरठ,मेरठ में जगह-जगह कचरा पड़ा रहता है। सफाई व्यवस्था बहुत कमजोर है।,,Sanitation,Garbage Collection,25,Closed,High,MEDIUM,false,Increased healthcare costs,Health hazards and unhygienic conditions,घृणा,,,UP Sanitation Act 2018,2025-02-12 16:53:05.345,2025-02-05 00:00:00,2025-02-05 00:00:00,,,,,Pollution and pest infestation,cm725ggwd00z1u6o4afi3szim,cm725dgdh000au6h4fagm9twc,cm725ggxg00z2u6o43af9bant
cm725gh0o00z5u6o4zb8mgkem,Infrastructure Issue in Lucknow,"Yaar, roads pe itni badhi potholes hain, gadi chalana mushkil ho gaya hai.",,Infrastructure,Road Maintenance,27,Open,High,MEDIUM,false,Vehicle repair costs,Increased accidents and injuries,Frustrated,,,UP Road Maintenance Act 2017,2025-02-12 16:53:05.449,2025-02-05 00:00:00,2025-02-05 00:00:00,,,,,Air pollution due to traffic congestion,cm725fiur00g6u6o4z0g4ml7s,cm725dg3k0003u6h4e8f3kb9h,cm725gh0e00z4u6o4oj443x2u
cm725gh3300z6u6o4vkqfda6x,Utilities Issue in Kanpur,"Roz naya paani ka problem ho raha hai, baar baar pipeline toot jaati hai.",,Utilities,Water Distribution,12,Closed,High,MEDIUM,false,Additional water procurement costs,Disruption of daily life and hygiene,Annoyed,,,UP Water Supply Act 2019,2025-02-12 16:53:05.536,2025-02-05 00:00:00,2025-02-05 00:00:00,,,,,Water wastage and contamination,cm725eynd005gu6o4resh0jrb,cm725dgaz0008u6h4o1r9mtq7,cm725g9dm00u6u6o4fg72yq7b
cm725gh7a00z9u6o4i6kvvwlq,Utilities Issue in Varanasi,"Bijli baar baar chalti rehti hai, din bhar ke kaam kaise karein?",,Utilities,Power Distribution,29,In Progress,High,MEDIUM,false,Increased electricity costs,Disruption of daily activities,Angry,,,UP Electricity Act 2017,2025-02-12 16:53:05.686,2025-02-05 00:00:00,2025-02-05 00:00:00,,,,,Increased generator usage causing pollution,cm725gh6a00z7u6o4lfcbobgi,cm725dgc70009u6h4pqcjyeb5,cm725gh6y00z8u6o4c5dqi8o5
cm725ghad00zbu6o4hmiacj2m,Healthcare Issue in Agra,"Hospital mein doctors ki kami hai, main apne bache ko le jaa rahi thi, lekin time pe doctor nahi mile.",,Healthcare,Public Health,13,Closed,High,MEDIUM,false,Increased medical expenses,Poor health outcomes,Worried,,,UP Health Services Act 2015,2025-02-12 16:53:05.797,2025-02-05 00:00:00,2025-02-05 00:00:00,,,,,None,cm725flom00hmu6o4gaydk2u4,cm725dg6o0005u6h4jkjbkawz,cm725gha000zau6o4yr8lttw3
cm725ghdz00zdu6o4ffcl8kzn,Education Issue in Meerut,"School ki fees bahut zyada ho gayi hai, kaise manage karein?",,Education,School Curriculum,9,Open,High,MEDIUM,false,Increased private tuition costs,Poor educational outcomes,Frustrated,,,UP Education Act 2014,2025-02-12 16:53:05.927,2025-02-05 00:00:00,2025-02-05 00:00:00,,,,,None,cm725ghd600zcu6o4ccqjh9kq,cm725dg9j0007u6h4tzh2udh2,cm725g2fq00psu6o4s4vdyzhn
cm725ghhk00zfu6o44mekxsiy,Transportation Issue in Allahabad,"Traffic jam itna zyada hai, office time pe jaana mushkil ho gaya hai.",,Transportation,Bus Services,1,Closed,Medium,MEDIUM,false,Loss of productivity,Inconvenience for daily commuters,Irritated,,,UP Public Transport Act 2018,2025-02-12 16:53:06.056,2025-02-05 00:00:00,2025-02-05 00:00:00,,,,,Increased pollution due to private vehicle usage,cm725fsng00l9u6o47n2xgem9,cm725dggi000cu6h4gbmwutvf,cm725ghh600zeu6o47xay7j2x
cm725ghls00ziu6o4xyq2x8zf,Law Enforcement Issue in Ghaziabad,"Sarkari office mein kaam karna mushkil ho gaya hai, har jagah daam dena padta hai.",,Law Enforcement,Crime Control,15,In Progress,High,MEDIUM,false,Loss of business due to crime,Increased fear and insecurity among residents,Disappointed,,,UP Police Act 2018,2025-02-12 16:53:06.208,2025-02-05 00:00:00,2025-02-05 00:00:00,,,,,None,cm725ghk900zgu6o497qf3ptn,cm725dg830006u6h44jyrjmcn,cm725ghl200zhu6o40u2ixu34
cm725ghop00zlu6o47ouhvn80,Sanitation Issue in Bareilly,"Safai kaafi kam hai, galiyan gandagi se bhari rehti hain.",,Sanitation,Garbage Collection,5,Closed,High,MEDIUM,false,Increased healthcare costs,Health hazards and unhygienic conditions,Disgusted,,,UP Sanitation Act 2018,2025-02-12 16:53:06.314,2025-02-05 00:00:00,2025-02-05 00:00:00,,,,,Pollution and pest infestation,cm725ghnq00zju6o4fzzqhpet,cm725dgdh000au6h4fagm9twc,cm725ghof00zku6o4qbym0yai
cm725ghrt00zou6o4n2yklw46,Utilities Issue in Lucknow,"Paani ka pressure bahut kam hai, subah ka time kaisa bekar ho gaya hai.",,Utilities,Water Distribution,14,Open,High,MEDIUM,false,Additional water procurement costs,Disruption of daily life and hygiene,Frustrated,,,UP Water Supply Act 2019,2025-02-12 16:53:06.425,2025-02-05 00:00:00,2025-02-05 00:00:00,,,,,Water wastage and contamination,cm725ghqs00zmu6o4a34ar4mv,cm725dgaz0008u6h4o1r9mtq7,cm725ghrf00znu6o4xyva54l8
cm725ghvq00zru6o4z5kvbqq2,Law Enforcement Issue in Kanpur,"Raat ko ghar ke paas gunde ghoomte hain, dar lagta hai unse.",,Law Enforcement,Crime Control,1,In Progress,High,MEDIUM,false,Loss of business due to crime,Increased fear and insecurity among residents,Fearful,,,UP Police Act 2018,2025-02-12 16:53:06.566,2025-02-05 00:00:00,2025-02-05 00:00:00,,,,,None,cm725ghu800zpu6o42bhwmsvl,cm725dg830006u6h44jyrjmcn,cm725ghv300zqu6o4jf6yox0b
cm725ghzx00zuu6o4j3r8ze4a,Transportation Issue in Varanasi,"Bus ki frequency bahut kam hai, kaafi der tak rukna padta hai.",,Transportation,Bus Services,14,Open,Medium,MEDIUM,false,Loss of productivity,Inconvenience for daily commuters,Annoyed,,,UP Public Transport Act 2018,2025-02-12 16:53:06.718,2025-02-05 00:00:00,2025-02-05 00:00:00,,,,,Increased pollution due to private vehicle usage,cm725ghys00zsu6o42kwwuvtq,cm725dggi000cu6h4gbmwutvf,cm725ghzg00ztu6o48pxqhgoz
cm725gi3l00zxu6o4tvm6sa91,Healthcare Issue in Agra,"Health center mein medicine ka stock kabhi nahi rehta, kaise ilaj karein?",,Healthcare,Public Health,5,Closed,High,MEDIUM,false,Increased medical expenses,Poor health outcomes,Concerned,,,UP Health Services Act 2015,2025-02-12 16:53:06.849,2025-02-05 00:00:00,2025-02-05 00:00:00,,,,,None,cm725gi2c00zvu6o4iez2rkyr,cm725dg6o0005u6h4jkjbkawz,cm725gi3500zwu6o4hxwghzgb
cm725gi7l00zzu6o47sr9r8zn,Utilities Issue in Lucknow,"Bijli ki jaati hui supply kabhi bhi aa jaati hai, koi timing nahi hai.",,Utilities,Power Distribution,7,Open,High,MEDIUM,false,Increased electricity costs,Disruption of daily activities,Annoyed,,,UP Electricity Act 2017,2025-02-12 16:53:06.993,2025-02-05 00:00:00,2025-02-05 00:00:00,,,,,Increased generator usage causing pollution,cm725frmr00kqu6o4sicqsn7s,cm725dgc70009u6h4pqcjyeb5,cm725gi7a00zyu6o4tw0jbtg6
cm725giat0102u6o4upc59lpm,Sanitation Issue in Ghaziabad,"Gali mein kachra gira rehta hai, safai wali team nahi aati.",,Sanitation,Garbage Collection,12,Open,High,MEDIUM,false,Increased healthcare costs,Health hazards and unhygienic conditions,Frustrated,,,UP Sanitation Act 2018,2025-02-12 16:53:07.109,2025-02-05 00:00:00,2025-02-05 00:00:00,,,,,Pollution and pest infestation,cm725gia10100u6o4rpxqoul1,cm725dgdh000au6h4fagm9twc,cm725giah0101u6o458llqiqc
cm725gidb0104u6o40wndk1p3,Law Enforcement Issue in Meerut,Sarkari kaam karane ke liye hamesha paisa dena padta hai.,,Law Enforcement,Crime Control,19,In Progress,High,MEDIUM,false,Loss of business due to crime,Increased fear and insecurity among residents,Angry,,,UP Police Act 2018,2025-02-12 16:53:07.199,2025-02-05 00:00:00,2025-02-05 00:00:00,,,,,None,cm725ewp6003nu6o4s77lym5c,cm725dg830006u6h44jyrjmcn,cm725gid20103u6o4ebbgtvpp
cm725gigm0107u6o4rcoo026i,Infrastructure Issue in Bareilly,Sadak par itni badhiya khadiyaan hain ki chalna mushkil ho gaya hai.,,Infrastructure,Road Maintenance,12,In Progress,High,MEDIUM,false,Vehicle repair costs,Increased accidents and injuries,Annoyed,,,UP Road Maintenance Act 2017,2025-02-12 16:53:07.318,2025-02-05 00:00:00,2025-02-05 00:00:00,,,,,Air pollution due to traffic congestion,cm725gifj0105u6o4wl9u1uuq,cm725dg3k0003u6h4e8f3kb9h,cm725gigb0106u6o472heir1j
cm725gik9010au6o40285fnha,Transportation Issue in Allahabad,"Bina kisi reason ke traffic jam lag jaata hai, samajh nahi aata kyun.",,Transportation,Bus Services,19,Open,Medium,MEDIUM,false,Loss of productivity,Inconvenience for daily commuters,Frustrated,,,UP Public Transport Act 2018,2025-02-12 16:53:07.449,2025-02-05 00:00:00,2025-02-05 00:00:00,,,,,Increased pollution due to private vehicle usage,cm725gij10108u6o4565bxnqt,cm725dggi000cu6h4gbmwutvf,cm725gijv0109u6o4w7c9t8t4
cm725gini010du6o41amr6iyk,Utilities Issue in Kanpur,"Raat ko paani nahi aata, subah subah paani ka pressure bhi bahut kam rehta hai.",,Utilities,Water Distribution,19,In Progress,High,MEDIUM,false,Additional water procurement costs,Disruption of daily life and hygiene,Irritated,,,UP Water Supply Act 2019,2025-02-12 16:53:07.566,2025-02-05 00:00:00,2025-02-05 00:00:00,,,,,Water wastage and contamination,cm725gimf010bu6o4gnpjsog6,cm725dgaz0008u6h4o1r9mtq7,cm725gin0010cu6o4sm27wnhx
cm725giqu010gu6o4uvwb62lm,Law Enforcement Issue in Lucknow,"Jab raat ko ghar jaata hoon, lagta hai kuch galat ho jaayega, dar lagta hai.",,Law Enforcement,Crime Control,29,Closed,High,MEDIUM,false,Loss of business due to crime,Increased fear and insecurity among residents,Fearful,,,UP Police Act 2018,2025-02-12 16:53:07.687,2025-02-05 00:00:00,2025-02-05 00:00:00,,,,,None,cm725giq4010eu6o41okknhcy,cm725dg830006u6h44jyrjmcn,cm725giql010fu6o4l41ms0vj
cm725giu7010ju6o4k1o7nyv0,Transportation Issue in Varanasi,"Jab bhi passport ke liye apply kiya, system kabhi bhi down ho jaata hai.",,Transportation,Bus Services,16,Closed,Medium,MEDIUM,false,Loss of productivity,Inconvenience for daily commuters,Disappointed,,,UP Public Transport Act 2018,2025-02-12 16:53:07.807,2025-02-05 00:00:00,2025-02-05 00:00:00,,,,,Increased pollution due to private vehicle usage,cm725git4010hu6o4vm3cfzqg,cm725dggi000cu6h4gbmwutvf,cm725gitu010iu6o4igdlzpkd
cm725gix7010lu6o48k6qjfue,Health Services Issue in Jhansi,सरकारी अस्पतालों में मरीजों को इलाज देने की कोई व्यवस्था नहीं है। डॉक्टर भी बुरी हालत में हैं।,Health Services,Healthcare,Public Health,16,In Progress,High,MEDIUM,false,Increased medical expenses,Poor health outcomes,Helplessness,,,UP Health Services Act 2015,2025-02-12 16:53:07.915,2025-02-05 00:00:00,2025-02-05 00:00:00,,,,,None,cm725g00800oou6o4xpyu3qcd,cm725dg6o0005u6h4jkjbkawz,cm725giws010ku6o4uqj4a6hj
cm725gj0r010nu6o44sx3qcfo,Police & Law Issue in Agra,पुलिस अपराधियों के खिलाफ कोई कार्रवाई नहीं करती। अपराध बढ़ते जा रहे हैं।,Police & Law,Law Enforcement,Crime Control,23,In Progress,High,MEDIUM,false,Loss of business due to crime,Increased fear and insecurity among residents,Anger,,,UP Police Act 2018,2025-02-12 16:53:08.043,2025-02-05 00:00:00,2025-02-05 00:00:00,,,,,None,cm725eyqe005ju6o4ade09dly,cm725dg830006u6h44jyrjmcn,cm725gj05010mu6o4ja0ri93o
cm725gj40010pu6o4g2294dz0,Education Issue in Moradabad,"स्कूलों में शिक्षकों की बहुत कमी है और जो शिक्षक हैं, उनका बच्चों के प्रति कोई ध्यान नहीं है।",Education,Education,School Curriculum,6,Open,High,MEDIUM,false,Increased private tuition costs,Poor educational outcomes,Concern,,,UP Education Act 2014,2025-02-12 16:53:08.161,2025-02-05 00:00:00,2025-02-05 00:00:00,,,,,None,cm725f76900aku6o4l8t44bnc,cm725dg9j0007u6h4tzh2udh2,cm725gj3j010ou6o43vnoffvb
cm725gj79010ru6o4n86j5ufj,Water Supply Issue in Meerut,पानी की सप्लाई कई बार नहीं आती। पानी का दबाव भी बहुत कम रहता है।,Water Supply,Utilities,Water Distribution,30,In Progress,High,MEDIUM,false,Additional water procurement costs,Disruption of daily life and hygiene,Frustration,,,UP Water Supply Act 2019,2025-02-12 16:53:08.277,2025-02-05 00:00:00,2025-02-05 00:00:00,,,,,Water wastage and contamination,cm725g0dh00ovu6o4m21pgwzx,cm725dgaz0008u6h4o1r9mtq7,cm725gj6x010qu6o4tuvy2ien
cm725gjab010tu6o4lyabomgn,Electricity Issue in Bijnor,बिजली की कटौती से हम सभी परेशान हो गए हैं। कई बार दिनभर बिजली चली जाती है।,Electricity,Utilities,Power Distribution,18,Closed,High,MEDIUM,false,Increased electricity costs,Disruption of daily activities,Exhaustion,,,UP Electricity Act 2017,2025-02-12 16:53:08.387,2025-02-05 00:00:00,2025-02-05 00:00:00,,,,,Increased generator usage causing pollution,cm725g0lu00oyu6o4is4wx4t9,cm725dgc70009u6h4pqcjyeb5,cm725gja1010su6o46d7uayrw
cm725gjd9010vu6o42p9g21lc,Garbage Issue in Kanpur,कूड़ा सड़कों पर पड़ा रहता है और सफाई कर्मचारियों का कोई ध्यान नहीं है।,Garbage,Sanitation,Garbage Collection,2,Closed,High,MEDIUM,false,Increased healthcare costs,Health hazards and unhygienic conditions,Disgust,,,UP Sanitation Act 2018,2025-02-12 16:53:08.493,2025-02-05 00:00:00,2025-02-05 00:00:00,,,,,Pollution and pest infestation,cm725euhj001lu6o47cg3cj43,cm725dgdh000au6h4fagm9twc,cm725gjcs010uu6o4eewyswyd
cm725gjg1010xu6o4o7s01j3u,Roads Issue in Ghaziabad,सड़कों पर गड्ढे और टूटी-फूटी सड़कें बहुत बढ़ गई हैं। यह दुर्घटनाओं का कारण बन रही हैं।,Roads,Infrastructure,Road Maintenance,20,Closed,High,MEDIUM,false,Vehicle repair costs,Increased accidents and injuries,Irritation,,,UP Road Maintenance Act 2017,2025-02-12 16:53:08.594,2025-02-05 00:00:00,2025-02-05 00:00:00,,,,,Air pollution due to traffic congestion,cm725g11700p3u6o4fjyyfwrg,cm725dg3k0003u6h4e8f3kb9h,cm725gjfq010wu6o40c3a0zbs
cm725gjj3010zu6o4z9s9s3p5,Public Transport Issue in Varanasi,बसों की कमी है। लंबा इंतजार करने के बाद भी बस नहीं आती।,Public Transport,Transportation,Bus Services,19,Open,Medium,MEDIUM,false,Loss of productivity,Inconvenience for daily commuters,Frustration,,,UP Public Transport Act 2018,2025-02-12 16:53:08.703,2025-02-05 00:00:00,2025-02-05 00:00:00,,,,,Increased pollution due to private vehicle usage,cm725g16600p6u6o44jkzah84,cm725dggi000cu6h4gbmwutvf,cm725gjir010yu6o49mokn2lq
cm725gjmu0111u6o4d7j1d4c5,Health Services Issue in Bareilly,सरकारी अस्पतालों में डॉक्टरों की कमी है और मरीजों को ठीक से इलाज नहीं मिल पाता।,Health Services,Healthcare,Public Health,4,Closed,High,MEDIUM,false,Increased medical expenses,Poor health outcomes,Helplessness,,,UP Health Services Act 2015,2025-02-12 16:53:08.839,2025-02-05 00:00:00,2025-02-05 00:00:00,,,,,None,cm725eya10055u6o49m2dosn8,cm725dg6o0005u6h4jkjbkawz,cm725gjm70110u6o4u2byv3l2
cm725gjpz0113u6o4vvgy2x5e,Police & Law Issue in Gorakhpur,पुलिस का रवैया बहुत ही खराब है। कोई भी शिकायत सुनी नहीं जाती।,Police & Law,Law Enforcement,Crime Control,22,Closed,High,MEDIUM,false,Loss of business due to crime,Increased fear and insecurity among residents,Anger,,,UP Police Act 2018,2025-02-12 16:53:08.951,2025-02-05 00:00:00,2025-02-05 00:00:00,,,,,None,cm725et130009u6o45e2rnkk7,cm725dg830006u6h44jyrjmcn,cm725gjpo0112u6o4jgj9cznd
cm725gjtr0115u6o44yj7snv6,Education Issue in Saharanpur,स्कूलों में पढ़ाई का स्तर बहुत खराब है। शिक्षक बच्चों को ठीक से पढ़ाने के बजाय अपनी छुट्टियां लेते रहते हैं।,Education,Education,School Curriculum,1,Open,High,MEDIUM,false,Increased private tuition costs,Poor educational outcomes,Concern,,,UP Education Act 2014,2025-02-12 16:53:09.088,2025-02-05 00:00:00,2025-02-05 00:00:00,,,,,None,cm725f38o0082u6o47edcxgkg,cm725dg9j0007u6h4tzh2udh2,cm725gjt30114u6o4uwr8gnra
cm725gjxm0117u6o4u0bc6q4f,Water Supply Issue in Muzaffarnagar,"पानी की सप्लाई बहुत अस्थिर रहती है। कभी बहुत कम पानी आता है, तो कभी बिल्कुल नहीं आता।",Water Supply,Utilities,Water Distribution,4,In Progress,High,MEDIUM,false,Additional water procurement costs,Disruption of daily life and hygiene,Frustration,,,UP Water Supply Act 2019,2025-02-12 16:53:09.227,2025-02-05 00:00:00,2025-02-05 00:00:00,,,,,Water wastage and contamination,cm725eu6h001cu6o4vigm0y34,cm725dgaz0008u6h4o1r9mtq7,cm725gjx80116u6o4x922zy8m
cm725gk0n0119u6o42o77g4e9,Electricity Issue in Aligarh,बिजली की समस्याएं और बढ़ रही हैं। गर्मी में बिजली के बिना रहना बहुत कठिन हो जाता है।,Electricity,Utilities,Power Distribution,18,Open,High,MEDIUM,false,Increased electricity costs,Disruption of daily activities,Exhaustion,,,UP Electricity Act 2017,2025-02-12 16:53:09.335,2025-02-05 00:00:00,2025-02-05 00:00:00,,,,,Increased generator usage causing pollution,cm725g1og00phu6o4zh6rk7qg,cm725dgc70009u6h4pqcjyeb5,cm725gk0c0118u6o4rxtpowzt
cm725gk52011bu6o4ssz7a36s,Garbage Issue in Lucknow,कूड़ा उठाने वाली गाड़ी कभी भी समय पर नहीं आती। कूड़ा सड़कों पर पड़ा रहता है।,Garbage,Sanitation,Garbage Collection,27,In Progress,High,MEDIUM,false,Increased healthcare costs,Health hazards and unhygienic conditions,Disgust,,,UP Sanitation Act 2018,2025-02-12 16:53:09.495,2025-02-05 00:00:00,2025-02-05 00:00:00,,,,,Pollution and pest infestation,cm725evj6002lu6o49iwg8kf9,cm725dgdh000au6h4fagm9twc,cm725gk4s011au6o4enicpqsq
cm725gk81011du6o4k6chcs0y,Roads Issue in Agra,सड़कें खस्ता हालत में हैं। गड्ढों के कारण गाड़ी चलाना मुश्किल हो गया है।,Roads,Infrastructure,Road Maintenance,4,Open,High,MEDIUM,false,Vehicle repair costs,Increased accidents and injuries,Irritation,,,UP Road Maintenance Act 2017,2025-02-12 16:53:09.602,2025-02-05 00:00:00,2025-02-05 00:00:00,,,,,Air pollution due to traffic congestion,cm725evg6002iu6o4g8m3pf7v,cm725dg3k0003u6h4e8f3kb9h,cm725gk7q011cu6o456q7u8kg
cm725gkc0011fu6o42jjile6s,Public Transport Issue in Jhansi,बसों की हालत बहुत खराब हो गई है। सीटें भी बहुत गंदी रहती हैं।,Public Transport,Transportation,Bus Services,28,Closed,Medium,MEDIUM,false,Loss of productivity,Inconvenience for daily commuters,Frustration,,,UP Public Transport Act 2018,2025-02-12 16:53:09.745,2025-02-05 00:00:00,2025-02-05 00:00:00,,,,,Increased pollution due to private vehicle usage,cm725espe0000u6o40tsgshuf,cm725dggi000cu6h4gbmwutvf,cm725gkba011eu6o4hbovxtnb
cm725gkg0011hu6o4e0kt6tmx,Health Services Issue in Moradabad,सरकारी अस्पतालों में दवाइयों की कमी और डॉक्टरों की अनुपस्थिति से मरीजों को बहुत तकलीफ होती है।,Health Services,Healthcare,Public Health,28,In Progress,High,MEDIUM,false,Increased medical expenses,Poor health outcomes,Helplessness,,,UP Health Services Act 2015,2025-02-12 16:53:09.888,2025-02-05 00:00:00,2025-02-05 00:00:00,,,,,None,cm725g0lu00oyu6o4is4wx4t9,cm725dg6o0005u6h4jkjbkawz,cm725gkfm011gu6o4bydwlt01
cm725gkix011ju6o44wvv54nf,Police & Law Issue in Meerut,पुलिस अपराधियों के खिलाफ कार्रवाई नहीं करती। स्थिति और भी बिगड़ रही है।,Police & Law,Law Enforcement,Crime Control,2,In Progress,High,MEDIUM,false,Loss of business due to crime,Increased fear and insecurity among residents,Anger,,,UP Police Act 2018,2025-02-12 16:53:09.993,2025-02-05 00:00:00,2025-02-05 00:00:00,,,,,None,cm725et130009u6o45e2rnkk7,cm725dg830006u6h44jyrjmcn,cm725gkim011iu6o4gg24y88n
cm725gkm3011lu6o4ztr29p9s,Education Issue in Gorakhpur,"स्कूलों में बच्चों को सही शिक्षा नहीं मिल रही। बहुत सी चीजें जो जीवन के लिए जरूरी हैं, वो भी नहीं सिखाई जातीं।",Education,Education,School Curriculum,6,Closed,High,MEDIUM,false,Increased private tuition costs,Poor educational outcomes,Concern,,,UP Education Act 2014,2025-02-12 16:53:10.107,2025-02-05 00:00:00,2025-02-05 00:00:00,,,,,None,cm725f76900aku6o4l8t44bnc,cm725dg9j0007u6h4tzh2udh2,cm725gkls011ku6o4mf2sv1nv
cm725gkpg011nu6o4m07xjmbr,Water Supply Issue in Mathura,पानी की सप्लाई बहुत अस्थिर हो गई है। कई बार पूरे दिन पानी नहीं आता।,Water Supply,Utilities,Water Distribution,3,Closed,High,MEDIUM,false,Additional water procurement costs,Disruption of daily life and hygiene,Frustration,,,UP Water Supply Act 2019,2025-02-12 16:53:10.229,2025-02-05 00:00:00,2025-02-05 00:00:00,,,,,Water wastage and contamination,cm725g2qr00pwu6o4s19pmfay,cm725dgaz0008u6h4o1r9mtq7,cm725gkp5011mu6o4sl70n14s
cm725gkt3011pu6o4fgu7g47v,Electricity Issue in Kanpur,गर्मी के मौसम में बिजली की कटौती बहुत बढ़ गई है। कई बार तो घंटों बिजली चली जाती है।,Electricity,Utilities,Power Distribution,16,Closed,High,MEDIUM,false,Increased electricity costs,Disruption of daily activities,Exhaustion,,,UP Electricity Act 2017,2025-02-12 16:53:10.359,2025-02-05 00:00:00,2025-02-05 00:00:00,,,,,Increased generator usage causing pollution,cm725g2vg00pzu6o4pkl85lei,cm725dgc70009u6h4pqcjyeb5,cm725gksg011ou6o4f2z4wonm
cm725gkw5011ru6o49ozmgtww,Health Services Issue in Kanpur,"Kanpur mein hospitals mein treatment ki quality bilkul bekar ho gayi hai, bahut der tak wait karna padta hai.",Health Services,Healthcare,Public Health,25,Open,High,MEDIUM,false,Increased medical expenses,Poor health outcomes,Concerned,,,UP Health Services Act 2015,2025-02-12 16:53:10.469,2025-02-05 00:00:00,2025-02-05 00:00:00,,,,,None,cm725euu3001xu6o4t56rbsbj,cm725dg6o0005u6h4jkjbkawz,cm725gkvp011qu6o426xssc20
cm725gkz7011tu6o4fqupg4t9,Roads Issue in Agra,"Agra ke main roads pe potholes hai jo kaafi dangerous hai, aur koi bhi repair ka kaam nahi ho raha hai.",Roads,Infrastructure,Road Maintenance,28,Open,High,MEDIUM,false,Vehicle repair costs,Increased accidents and injuries,Angry,,,UP Road Maintenance Act 2017,2025-02-12 16:53:10.579,2025-02-05 00:00:00,2025-02-05 00:00:00,,,,,Air pollution due to traffic congestion,cm725g32z00q3u6o49lkygnnz,cm725dg3k0003u6h4e8f3kb9h,cm725gkyu011su6o47y0gnz6s
cm725gl2h011vu6o4z5pg8i6n,Water Supply Issue in Moradabad,Moradabad mein paani ki supply kaafi irregular ho gayi hai. Humare ghar mein ek mahine se paani ka issue chal raha hai.,Water Supply,Utilities,Water Distribution,18,Open,High,MEDIUM,false,Additional water procurement costs,Disruption of daily life and hygiene,Frustrated,,,UP Water Supply Act 2019,2025-02-12 16:53:10.697,2025-02-05 00:00:00,2025-02-05 00:00:00,,,,,Water wastage and contamination,cm725etmm000uu6o4ozfcze5n,cm725dgaz0008u6h4o1r9mtq7,cm725gl25011uu6o4kevo4gqg
cm725gl61011xu6o40bbum8xf,Police & Law Issue in Aligarh,"Aligarh mein police ka response kaafi slow hai. Recently kuch logon ne mujhe darpoks kiya, par police ne koi action nahi liya.",Police & Law,Law Enforcement,Crime Control,16,In Progress,High,MEDIUM,false,Loss of business due to crime,Increased fear and insecurity among residents,Upset,,,UP Police Act 2018,2025-02-12 16:53:10.825,2025-02-05 00:00:00,2025-02-05 00:00:00,,,,,None,cm725fkm600h3u6o4etvgs877,cm725dg830006u6h44jyrjmcn,cm725gl5p011wu6o4etm08cb7
cm725gl980120u6o47bp3a634,Law Enforcement Issue in फिरोजाबाद,"फिरोजाबाद में पुलिस का कोई ध्यान नहीं है, छोटे अपराधों को लेकर भी पुलिस कोई एक्शन नहीं लेती।",,Law Enforcement,Crime Control,16,Open,High,MEDIUM,false,Loss of business due to crime,Increased fear and insecurity among residents,निराशा,,,UP Police Act 2018,2025-02-12 16:53:10.94,2025-02-05 00:00:00,2025-02-05 00:00:00,,,,,None,cm725gl8a011yu6o4biniyhnp,cm725dg830006u6h44jyrjmcn,cm725gl8x011zu6o460sa3ku6
cm725gld10123u6o4ajd5lxao,Sanitation Issue in गाज़ियाबाद,"गाज़ियाबाद में कचरे का ढेर हर जगह फैला हुआ है, और सफाई कर्मी सिर्फ नाम के हैं।",,Sanitation,Garbage Collection,21,Closed,High,MEDIUM,false,Increased healthcare costs,Health hazards and unhygienic conditions,घृणा,,,UP Sanitation Act 2018,2025-02-12 16:53:11.077,2025-02-05 00:00:00,2025-02-05 00:00:00,,,,,Pollution and pest infestation,cm725glbt0121u6o426hfs2n3,cm725dgdh000au6h4fagm9twc,cm725glcj0122u6o46vex38lu
cm725glgm0126u6o4bzpzm9zr,Infrastructure Issue in लखनऊ,"लखनऊ की सड़कों की स्थिति बहुत खराब है, गड्ढे भरे हुए हैं और ट्रैफिक की स्थिति भी बहुत खराब है।",,Infrastructure,Road Maintenance,15,In Progress,High,MEDIUM,false,Vehicle repair costs,Increased accidents and injuries,गुस्सा,,,UP Road Maintenance Act 2017,2025-02-12 16:53:11.207,2025-02-05 00:00:00,2025-02-05 00:00:00,,,,,Air pollution due to traffic congestion,cm725glf80124u6o4v0ijixeb,cm725dg3k0003u6h4e8f3kb9h,cm725glgb0125u6o4aajlr931
cm725glkh0129u6o4r3zdthuy,Utilities Issue in वाराणसी,"वाराणसी में बिजली की सप्लाई बहुत ही कमजोर हो गई है, जिससे लगातार समस्याएं आ रही हैं।",,Utilities,Power Distribution,28,Closed,High,MEDIUM,false,Increased electricity costs,Disruption of daily activities,नाराजगी,,,UP Electricity Act 2017,2025-02-12 16:53:11.346,2025-02-05 00:00:00,2025-02-05 00:00:00,,,,,Increased generator usage causing pollution,cm725glji0127u6o4i9nir1bq,cm725dgc70009u6h4pqcjyeb5,cm725glk80128u6o48z5rzn0h
cm725gloc012cu6o4wb9qgwpy,Utilities Issue in झांसी,"झांसी में पानी की सप्लाई बहुत खराब है, कई बार पानी में गंदगी भी आती है।",,Utilities,Water Distribution,19,Open,High,MEDIUM,false,Additional water procurement costs,Disruption of daily life and hygiene,निराशा,,,UP Water Supply Act 2019,2025-02-12 16:53:11.484,2025-02-05 00:00:00,2025-02-05 00:00:00,,,,,Water wastage and contamination,cm725gln3012au6o4rx5o2yv0,cm725dgaz0008u6h4o1r9mtq7,cm725glnz012bu6o4u09gg18m
cm725glsb012fu6o489osny43,Healthcare Issue in बरेली,"बरेली में अस्पतालों में सुविधाओं का अभाव है, और मेडिकल स्टोर भी जरूरी दवाइयां उपलब्ध नहीं करवा पाते।",,Healthcare,Public Health,28,In Progress,High,MEDIUM,false,Increased medical expenses,Poor health outcomes,चिंता,,,UP Health Services Act 2015,2025-02-12 16:53:11.628,2025-02-05 00:00:00,2025-02-05 00:00:00,,,,,None,cm725glqz012du6o4vpntpp0k,cm725dg6o0005u6h4jkjbkawz,cm725gls0012eu6o4y8g2xsp2
cm725glw5012iu6o4xv5l9ucw,Law Enforcement Issue in सिद्धार्थनगर,सिद्धार्थनगर में पुलिस का कोई प्रभाव नहीं है। अपराधों का बढ़ना चिंता का कारण है।,,Law Enforcement,Crime Control,30,Closed,High,MEDIUM,false,Loss of business due to crime,Increased fear and insecurity among residents,डर,,,UP Police Act 2018,2025-02-12 16:53:11.764,2025-02-05 00:00:00,2025-02-05 00:00:00,,,,,None,cm725gluq012gu6o4j5dv7hni,cm725dg830006u6h44jyrjmcn,cm725glvo012hu6o460lnnmhj
cm725gm0f012lu6o4pf59mrod,Sanitation Issue in गोरखपुर,गोरखपुर में हर जगह कचरा फैला रहता है। सफाईकर्मी अपनी ड्यूटी ठीक से नहीं निभाते।,,Sanitation,Garbage Collection,7,Open,High,MEDIUM,false,Increased healthcare costs,Health hazards and unhygienic conditions,घृणा,,,UP Sanitation Act 2018,2025-02-12 16:53:11.919,2025-02-05 00:00:00,2025-02-05 00:00:00,,,,,Pollution and pest infestation,cm725glyy012ju6o4pfp2vc2b,cm725dgdh000au6h4fagm9twc,cm725gm01012ku6o42h4k4cw9
cm725gm41012ou6o4rzeiypwk,Utilities Issue in हाथरस,हाथरस में बिजली की बार-बार कटौती हो रही है। लाइट जा कर कभी आती नहीं है।,,Utilities,Power Distribution,30,Open,High,MEDIUM,false,Increased electricity costs,Disruption of daily activities,गुस्सा,,,UP Electricity Act 2017,2025-02-12 16:53:12.049,2025-02-05 00:00:00,2025-02-05 00:00:00,,,,,Increased generator usage causing pollution,cm725gm2x012mu6o450oc12ry,cm725dgc70009u6h4pqcjyeb5,cm725gm3o012nu6o438ikcjop
cm725gm85012ru6o4afamztqd,Infrastructure Issue in फिरोजाबाद,फिरोजाबाद में सड़कें इतनी खराब हो गई हैं कि गाड़ी चलाना खतरे से खाली नहीं है।,,Infrastructure,Road Maintenance,9,In Progress,High,MEDIUM,false,Vehicle repair costs,Increased accidents and injuries,गुस्सा,,,UP Road Maintenance Act 2017,2025-02-12 16:53:12.197,2025-02-05 00:00:00,2025-02-05 00:00:00,,,,,Air pollution due to traffic congestion,cm725gm6v012pu6o40a4ofzvp,cm725dg3k0003u6h4e8f3kb9h,cm725gm7i012qu6o4xlm20tbe
cm725gmd4012uu6o44atmqvg5,Healthcare Issue in गाज़ियाबाद,गाज़ियाबाद के सरकारी अस्पताल में इलाज के लिए डॉक्टर नहीं मिलते और बिस्तरों की कमी है।,,Healthcare,Public Health,23,Closed,High,MEDIUM,false,Increased medical expenses,Poor health outcomes,निराशा,,,UP Health Services Act 2015,2025-02-12 16:53:12.377,2025-02-05 00:00:00,2025-02-05 00:00:00,,,,,None,cm725gmaz012su6o4yhw0dq2t,cm725dg6o0005u6h4jkjbkawz,cm725gmc3012tu6o4gbwv2a7y
cm725gmhh012xu6o4arkpaw33,Utilities Issue in आगरा,आगरा में पानी की आपूर्ति बहुत असमान है। कई इलाकों में दिन में पानी नहीं आता।,,Utilities,Water Distribution,11,In Progress,High,MEDIUM,false,Additional water procurement costs,Disruption of daily life and hygiene,नाराजगी,,,UP Water Supply Act 2019,2025-02-12 16:53:12.533,2025-02-05 00:00:00,2025-02-05 00:00:00,,,,,Water wastage and contamination,cm725gmfc012vu6o4qwse4h7v,cm725dgaz0008u6h4o1r9mtq7,cm725gmgn012wu6o460rk1r71
cm725gmlg0130u6o46iyeii5p,Healthcare Issue in वाराणसी,वाराणसी के सरकारी अस्पताल में इलाज के लिए डॉक्टर उपलब्ध नहीं हैं और कर्मचारियों की कमी है।,,Healthcare,Public Health,10,In Progress,High,MEDIUM,false,Increased medical expenses,Poor health outcomes,चिंता,,,UP Health Services Act 2015,2025-02-12 16:53:12.676,2025-02-05 00:00:00,2025-02-05 00:00:00,,,,,None,cm725gmjn012yu6o4dg82p2zv,cm725dg6o0005u6h4jkjbkawz,cm725gml5012zu6o4bi3vu2hb
cm725gmqe0133u6o4hbe5m4tn,Infrastructure Issue in कानपुर,"कानपुर की सड़कों पर गड्ढे बढ़ गए हैं, जिससे दुर्घटनाओं का खतरा बढ़ गया है।",,Infrastructure,Road Maintenance,29,In Progress,High,MEDIUM,false,Vehicle repair costs,Increased accidents and injuries,नाराजगी,,,UP Road Maintenance Act 2017,2025-02-12 16:53:12.854,2025-02-05 00:00:00,2025-02-05 00:00:00,,,,,Air pollution due to traffic congestion,cm725gmok0131u6o4o1rcje8f,cm725dg3k0003u6h4e8f3kb9h,cm725gmq00132u6o4dbumcy6h
cm725gmw90136u6o4vvn5rbq9,Utilities Issue in फिरोजाबाद,फिरोजाबाद में बिजली की सप्लाई बहुत खराब है। कई बार दिन में लाइट चली जाती है।,,Utilities,Power Distribution,3,Closed,High,MEDIUM,false,Increased electricity costs,Disruption of daily activities,गुस्सा,,,UP Electricity Act 2017,2025-02-12 16:53:13.065,2025-02-05 00:00:00,2025-02-05 00:00:00,,,,,Increased generator usage causing pollution,cm725gmu80134u6o4qpwzl91n,cm725dgc70009u6h4pqcjyeb5,cm725gmvv0135u6o4bwx7bsig
cm725gn0y0139u6o4f5h55vp1,Transportation Issue in मेरठ,मेरठ में पब्लिक ट्रांसपोर्ट की व्यवस्था बहुत कमजोर है। बसें समय पर नहीं आती।,,Transportation,Bus Services,18,Open,Medium,MEDIUM,false,Loss of productivity,Inconvenience for daily commuters,निराशा,,,UP Public Transport Act 2018,2025-02-12 16:53:13.199,2025-02-05 00:00:00,2025-02-05 00:00:00,,,,,Increased pollution due to private vehicle usage,cm725gmz20137u6o4hvn9qf2z,cm725dggi000cu6h4gbmwutvf,cm725gmzm0138u6o4tz054syb
cm725gn4z013cu6o4gfd6u5y0,Sanitation Issue in गोरखपुर,"गोरखपुर में कचरा इकट्ठा नहीं किया जाता है, और सड़कें गंदगी से भरी रहती हैं।",,Sanitation,Garbage Collection,8,In Progress,High,MEDIUM,false,Increased healthcare costs,Health hazards and unhygienic conditions,घृणा,,,UP Sanitation Act 2018,2025-02-12 16:53:13.379,2025-02-05 00:00:00,2025-02-05 00:00:00,,,,,Pollution and pest infestation,cm725gn41013au6o42fkassk6,cm725dgdh000au6h4fagm9twc,cm725gn4n013bu6o4es0xmeer
cm725gna2013fu6o4qykaqm3q,Law Enforcement Issue in अलीगढ़,अलीगढ़ में पुलिस अपराधों पर ध्यान नहीं देती और कई मामलों में कोई एक्शन नहीं लिया जाता।,,Law Enforcement,Crime Control,19,Closed,High,MEDIUM,false,Loss of business due to crime,Increased fear and insecurity among residents,डर,,,UP Police Act 2018,2025-02-12 16:53:13.562,2025-02-05 00:00:00,2025-02-05 00:00:00,,,,,None,cm725gn96013du6o45h88yvbw,cm725dg830006u6h44jyrjmcn,cm725gn9q013eu6o4fzwyv1kk
cm725gney013iu6o4oo68vtc1,Healthcare Issue in लखनऊ,लखनऊ के सरकारी अस्पताल में डॉक्टरों की कमी है और सुविधाएं भी बहुत कम हैं।,,Healthcare,Public Health,13,Closed,High,MEDIUM,false,Increased medical expenses,Poor health outcomes,निराशा,,,UP Health Services Act 2015,2025-02-12 16:53:13.738,2025-02-05 00:00:00,2025-02-05 00:00:00,,,,,None,cm725gne1013gu6o4bz6dshgp,cm725dg6o0005u6h4jkjbkawz,cm725gnen013hu6o4oq3duqzn
cm725gnj1013lu6o4t9yj6d09,Infrastructure Issue in बरेली,बरेली की सड़कों की हालत बहुत खराब है। गड्ढों की वजह से गाड़ी चलाना मुश्किल हो गया है।,,Infrastructure,Road Maintenance,12,Closed,High,MEDIUM,false,Vehicle repair costs,Increased accidents and injuries,गुस्सा,,,UP Road Maintenance Act 2017,2025-02-12 16:53:13.885,2025-02-05 00:00:00,2025-02-05 00:00:00,,,,,Air pollution due to traffic congestion,cm725gni6013ju6o4pwv2u08t,cm725dg3k0003u6h4e8f3kb9h,cm725gnip013ku6o4xbeu45ij
cm725gnnn013ou6o4eme6vdh2,Utilities Issue in गाज़ियाबाद,गाज़ियाबाद में पानी की सप्लाई बहुत असमान है। कई जगहों पर पानी नहीं आता।,,Utilities,Water Distribution,21,Open,High,MEDIUM,false,Additional water procurement costs,Disruption of daily life and hygiene,निराशा,,,UP Water Supply Act 2019,2025-02-12 16:53:14.051,2025-02-05 00:00:00,2025-02-05 00:00:00,,,,,Water wastage and contamination,cm725gnly013mu6o4c1xbqfm0,cm725dgaz0008u6h4o1r9mtq7,cm725gnnc013nu6o4t59gw12e
cm725gnsu013ru6o4a9cb7k5a,Transportation Issue in झांसी,झांसी में सार्वजनिक परिवहन की बहुत कमी है। ट्रांसपोर्ट की व्यवस्था बहुत कमजोर है।,,Transportation,Bus Services,22,Closed,Medium,MEDIUM,false,Loss of productivity,Inconvenience for daily commuters,निराशा,,,UP Public Transport Act 2018,2025-02-12 16:53:14.239,2025-02-05 00:00:00,2025-02-05 00:00:00,,,,,Increased pollution due to private vehicle usage,cm725gnqy013pu6o46epi99gg,cm725dggi000cu6h4gbmwutvf,cm725gns0013qu6o45ch73xif
cm725gnz5013uu6o438x0gizs,Utilities Issue in सहारनपुर,सहारनपुर में बिजली की कटौती बहुत बढ़ गई है। कभी भी बिजली जा सकती है।,,Utilities,Power Distribution,25,In Progress,High,MEDIUM,false,Increased electricity costs,Disruption of daily activities,नाराजगी,,,UP Electricity Act 2017,2025-02-12 16:53:14.465,2025-02-05 00:00:00,2025-02-05 00:00:00,,,,,Increased generator usage causing pollution,cm725gnwz013su6o4t54bsjsc,cm725dgc70009u6h4pqcjyeb5,cm725gnxj013tu6o4ge7wfcdv
cm725go2z013xu6o4lig2skud,Sanitation Issue in कानपुर,कानपुर की गली-गली में कचरा पड़ा रहता है और सफाई का कोई ठोस इंतजाम नहीं है।,,Sanitation,Garbage Collection,4,In Progress,High,MEDIUM,false,Increased healthcare costs,Health hazards and unhygienic conditions,घृणा,,,UP Sanitation Act 2018,2025-02-12 16:53:14.603,2025-02-05 00:00:00,2025-02-05 00:00:00,,,,,Pollution and pest infestation,cm725go22013vu6o4dmgq39oq,cm725dgdh000au6h4fagm9twc,cm725go2m013wu6o4m5n16clw
cm725go6w0140u6o4f7rgsgyq,Healthcare Issue in बरेली,बरेली के सरकारी अस्पताल में इलाज के लिए सुविधाएं बहुत कम हैं। डॉक्टर भी कम हैं।,,Healthcare,Public Health,6,Closed,High,MEDIUM,false,Increased medical expenses,Poor health outcomes,निराशा,,,UP Health Services Act 2015,2025-02-12 16:53:14.744,2025-02-05 00:00:00,2025-02-05 00:00:00,,,,,None,cm725go5q013yu6o4n2xg0ojj,cm725dg6o0005u6h4jkjbkawz,cm725go6k013zu6o47s43nm2g
cm725gobp0143u6o4qnc6wi90,Infrastructure Issue in अलीगढ़,अलीगढ़ की सड़कों की हालत बहुत खराब हो चुकी है। कई सड़कों पर गड्ढे हैं।,,Infrastructure,Road Maintenance,27,Closed,High,MEDIUM,false,Vehicle repair costs,Increased accidents and injuries,गुस्सा,,,UP Road Maintenance Act 2017,2025-02-12 16:53:14.918,2025-02-05 00:00:00,2025-02-05 00:00:00,,,,,Air pollution due to traffic congestion,cm725go9j0141u6o4t96c36qk,cm725dg3k0003u6h4e8f3kb9h,cm725gobg0142u6o4mi4vz03w
cm725gofp0146u6o4kjx7svjk,Utilities Issue in लखनऊ,लखनऊ में पानी की समस्या काफी बढ़ गई है। कई इलाकों में पानी की सप्लाई बहुत कमजोर है।,,Utilities,Water Distribution,11,Closed,High,MEDIUM,false,Additional water procurement costs,Disruption of daily life and hygiene,नाराजगी,,,UP Water Supply Act 2019,2025-02-12 16:53:15.061,2025-02-05 00:00:00,2025-02-05 00:00:00,,,,,Water wastage and contamination,cm725goeo0144u6o4ogrmiokx,cm725dgaz0008u6h4o1r9mtq7,cm725gofd0145u6o4nlhawz2g
cm725gokb0149u6o431fxurqb,Transportation Issue in आगरा,आगरा में सार्वजनिक परिवहन की व्यवस्था बहुत खराब है। बसें बहुत कम और देर से आती हैं।,,Transportation,Bus Services,12,In Progress,Medium,MEDIUM,false,Loss of productivity,Inconvenience for daily commuters,निराशा,,,UP Public Transport Act 2018,2025-02-12 16:53:15.227,2025-02-05 00:00:00,2025-02-05 00:00:00,,,,,Increased pollution due to private vehicle usage,cm725goic0147u6o42fsnuo24,cm725dggi000cu6h4gbmwutvf,cm725gojy0148u6o48e5r8vyg
cm725goom014cu6o4m49si3sj,Sanitation Issue in वाराणसी,वाराणसी में कचरे का ढेर हर जगह फैला हुआ है। सफाई कर्मियों का ध्यान नहीं है।,,Sanitation,Garbage Collection,24,Open,High,MEDIUM,false,Increased healthcare costs,Health hazards and unhygienic conditions,घृणा,,,UP Sanitation Act 2018,2025-02-12 16:53:15.382,2025-02-05 00:00:00,2025-02-05 00:00:00,,,,,Pollution and pest infestation,cm725gonq014au6o45vt9exid,cm725dgdh000au6h4fagm9twc,cm725goo8014bu6o4bzywqxn9
cm725gosb014fu6o4ubp5utlr,Utilities Issue in झांसी,झांसी में बिजली की समस्या बहुत बड़ी हो गई है। कभी भी लाइट चली जाती है।,,Utilities,Power Distribution,28,Closed,High,MEDIUM,false,Increased electricity costs,Disruption of daily activities,निराशा,,,UP Electricity Act 2017,2025-02-12 16:53:15.515,2025-02-05 00:00:00,2025-02-05 00:00:00,,,,,Increased generator usage causing pollution,cm725goqn014du6o4bs666v7d,cm725dgc70009u6h4pqcjyeb5,cm725gos0014eu6o4ofrjag5g
cm725govq014iu6o4zfrg4rfl,Infrastructure Issue in गाज़ियाबाद,गाज़ियाबाद की सड़कों पर गड्ढे हो गए हैं और उनकी मरम्मत नहीं हो रही है।,,Infrastructure,Road Maintenance,5,In Progress,High,MEDIUM,false,Vehicle repair costs,Increased accidents and injuries,गुस्सा,,,UP Road Maintenance Act 2017,2025-02-12 16:53:15.638,2025-02-05 00:00:00,2025-02-05 00:00:00,,,,,Air pollution due to traffic congestion,cm725goux014gu6o4qel4sbxh,cm725dg3k0003u6h4e8f3kb9h,cm725govf014hu6o4z42rgnhs
cm725goza014lu6o4niu553yv,Healthcare Issue in मेरठ,मेरठ के सरकारी अस्पताल में सुविधाओं की कमी है और डॉक्टरों की भी कमी है।,,Healthcare,Public Health,12,In Progress,High,MEDIUM,false,Increased medical expenses,Poor health outcomes,निराशा,,,UP Health Services Act 2015,2025-02-12 16:53:15.766,2025-02-05 00:00:00,2025-02-05 00:00:00,,,,,None,cm725goyb014ju6o4tb22smqo,cm725dg6o0005u6h4jkjbkawz,cm725goyz014ku6o40qosasc0
cm725gpbc014nu6o4w3590nhg,Health Services Issue in Jhansi,सरकारी अस्पतालों में मरीजों को इलाज देने की कोई व्यवस्था नहीं है। डॉक्टर भी बुरी हालत में हैं।,Health Services,Healthcare,Public Health,5,Closed,High,MEDIUM,false,Increased medical expenses,Poor health outcomes,Helplessness,,,UP Health Services Act 2015,2025-02-12 16:53:16.2,2025-02-05 00:00:00,2025-02-05 00:00:00,,,,,None,cm725fiur00g6u6o4z0g4ml7s,cm725dg6o0005u6h4jkjbkawz,cm725gpaz014mu6o4pyhs2y4o
cm725gpe7014pu6o4rlgnztma,Police & Law Issue in Agra,पुलिस अपराधियों के खिलाफ कोई कार्रवाई नहीं करती। अपराध बढ़ते जा रहे हैं।,Police & Law,Law Enforcement,Crime Control,26,In Progress,High,MEDIUM,false,Loss of business due to crime,Increased fear and insecurity among residents,Anger,,,UP Police Act 2018,2025-02-12 16:53:16.304,2025-02-05 00:00:00,2025-02-05 00:00:00,,,,,None,cm725euxa0020u6o46xzm7ojk,cm725dg830006u6h44jyrjmcn,cm725gpds014ou6o4o4bv52kq
cm725gpio014su6o48y73tsmj,Education Issue in Moradabad,"स्कूलों में शिक्षकों की बहुत कमी है और जो शिक्षक हैं, उनका बच्चों के प्रति कोई ध्यान नहीं है।",Education,Education,School Curriculum,29,In Progress,High,MEDIUM,false,Increased private tuition costs,Poor educational outcomes,Concern,,,UP Education Act 2014,2025-02-12 16:53:16.464,2025-02-05 00:00:00,2025-02-05 00:00:00,,,,,None,cm725gphu014qu6o41gy3c3hs,cm725dg9j0007u6h4tzh2udh2,cm725gpic014ru6o4heyag7op
cm725gpmq014uu6o4g1iwqz8g,Water Supply Issue in Meerut,पानी की सप्लाई कई बार नहीं आती। पानी का दबाव भी बहुत कम रहता है।,Water Supply,Utilities,Water Distribution,27,Closed,High,MEDIUM,false,Additional water procurement costs,Disruption of daily life and hygiene,Frustration,,,UP Water Supply Act 2019,2025-02-12 16:53:16.61,2025-02-05 00:00:00,2025-02-05 00:00:00,,,,,Water wastage and contamination,cm725eu6h001cu6o4vigm0y34,cm725dgaz0008u6h4o1r9mtq7,cm725gpmg014tu6o4z9d9mox0
cm725gpq9014wu6o4uwspmjvo,Electricity Issue in Bijnor,बिजली की कटौती से हम सभी परेशान हो गए हैं। कई बार दिनभर बिजली चली जाती है।,Electricity,Utilities,Power Distribution,22,Closed,High,MEDIUM,false,Increased electricity costs,Disruption of daily activities,Exhaustion,,,UP Electricity Act 2017,2025-02-12 16:53:16.738,2025-02-05 00:00:00,2025-02-05 00:00:00,,,,,Increased generator usage causing pollution,cm725f2tt007qu6o4bez55hkl,cm725dgc70009u6h4pqcjyeb5,cm725gpq0014vu6o45y3iuqdt
cm725gpub014yu6o4ipaqerrv,Garbage Issue in Kanpur,कूड़ा सड़कों पर पड़ा रहता है और सफाई कर्मचारियों का कोई ध्यान नहीं है।,Garbage,Sanitation,Garbage Collection,30,Open,High,MEDIUM,false,Increased healthcare costs,Health hazards and unhygienic conditions,Disgust,,,UP Sanitation Act 2018,2025-02-12 16:53:16.883,2025-02-05 00:00:00,2025-02-05 00:00:00,,,,,Pollution and pest infestation,cm725euhj001lu6o47cg3cj43,cm725dgdh000au6h4fagm9twc,cm725gptd014xu6o4bboqu6h3
cm725gpy00150u6o45pxmadh9,Roads Issue in Ghaziabad,सड़कों पर गड्ढे और टूटी-फूटी सड़कें बहुत बढ़ गई हैं। यह दुर्घटनाओं का कारण बन रही हैं।,Roads,Infrastructure,Road Maintenance,22,In Progress,High,MEDIUM,false,Vehicle repair costs,Increased accidents and injuries,Irritation,,,UP Road Maintenance Act 2017,2025-02-12 16:53:17.016,2025-02-05 00:00:00,2025-02-05 00:00:00,,,,,Air pollution due to traffic congestion,cm725g11700p3u6o4fjyyfwrg,cm725dg3k0003u6h4e8f3kb9h,cm725gpxj014zu6o4h2sc4wmu
cm725gq0w0152u6o4hgy8dqii,Public Transport Issue in Varanasi,बसों की कमी है। लंबा इंतजार करने के बाद भी बस नहीं आती।,Public Transport,Transportation,Bus Services,7,Open,Medium,MEDIUM,false,Loss of productivity,Inconvenience for daily commuters,Frustration,,,UP Public Transport Act 2018,2025-02-12 16:53:17.12,2025-02-05 00:00:00,2025-02-05 00:00:00,,,,,Increased pollution due to private vehicle usage,cm725g16600p6u6o44jkzah84,cm725dggi000cu6h4gbmwutvf,cm725gq0l0151u6o4jj5ijvdg
cm725gq4u0154u6o4c18zg8v8,Health Services Issue in Bareilly,सरकारी अस्पतालों में डॉक्टरों की कमी है और मरीजों को ठीक से इलाज नहीं मिल पाता।,Health Services,Healthcare,Public Health,29,Closed,High,MEDIUM,false,Increased medical expenses,Poor health outcomes,Helplessness,,,UP Health Services Act 2015,2025-02-12 16:53:17.262,2025-02-05 00:00:00,2025-02-05 00:00:00,,,,,None,cm725eya10055u6o49m2dosn8,cm725dg6o0005u6h4jkjbkawz,cm725gq4k0153u6o4h2suwaqr
cm725gq7k0156u6o440apar03,Police & Law Issue in Gorakhpur,पुलिस का रवैया बहुत ही खराब है। कोई भी शिकायत सुनी नहीं जाती।,Police & Law,Law Enforcement,Crime Control,12,Closed,High,MEDIUM,false,Loss of business due to crime,Increased fear and insecurity among residents,Anger,,,UP Police Act 2018,2025-02-12 16:53:17.36,2025-02-05 00:00:00,2025-02-05 00:00:00,,,,,None,cm725et130009u6o45e2rnkk7,cm725dg830006u6h44jyrjmcn,cm725gq790155u6o4xopet0f3
cm725gqd10158u6o4uxunxlj3,Education Issue in Saharanpur,स्कूलों में पढ़ाई का स्तर बहुत खराब है। शिक्षक बच्चों को ठीक से पढ़ाने के बजाय अपनी छुट्टियां लेते रहते हैं।,Education,Education,School Curriculum,23,In Progress,High,MEDIUM,false,Increased private tuition costs,Poor educational outcomes,Concern,,,UP Education Act 2014,2025-02-12 16:53:17.557,2025-02-05 00:00:00,2025-02-05 00:00:00,,,,,None,cm725f38o0082u6o47edcxgkg,cm725dg9j0007u6h4tzh2udh2,cm725gqbs0157u6o4y8n9llwi
cm725gqgw015au6o4ec5626or,Water Supply Issue in Muzaffarnagar,"पानी की सप्लाई बहुत अस्थिर रहती है। कभी बहुत कम पानी आता है, तो कभी बिल्कुल नहीं आता।",Water Supply,Utilities,Water Distribution,4,Open,High,MEDIUM,false,Additional water procurement costs,Disruption of daily life and hygiene,Frustration,,,UP Water Supply Act 2019,2025-02-12 16:53:17.696,2025-02-05 00:00:00,2025-02-05 00:00:00,,,,,Water wastage and contamination,cm725eu6h001cu6o4vigm0y34,cm725dgaz0008u6h4o1r9mtq7,cm725gqgk0159u6o4oqat8xxw
cm725gql9015cu6o4yk7knqxn,Electricity Issue in Aligarh,बिजली की समस्याएं और बढ़ रही हैं। गर्मी में बिजली के बिना रहना बहुत कठिन हो जाता है।,Electricity,Utilities,Power Distribution,25,In Progress,High,MEDIUM,false,Increased electricity costs,Disruption of daily activities,Exhaustion,,,UP Electricity Act 2017,2025-02-12 16:53:17.853,2025-02-05 00:00:00,2025-02-05 00:00:00,,,,,Increased generator usage causing pollution,cm725g1og00phu6o4zh6rk7qg,cm725dgc70009u6h4pqcjyeb5,cm725gqjy015bu6o4xpg7o8l0
cm725gqp1015eu6o46ips5h3a,Garbage Issue in Lucknow,कूड़ा उठाने वाली गाड़ी कभी भी समय पर नहीं आती। कूड़ा सड़कों पर पड़ा रहता है।,Garbage,Sanitation,Garbage Collection,8,In Progress,High,MEDIUM,false,Increased healthcare costs,Health hazards and unhygienic conditions,Disgust,,,UP Sanitation Act 2018,2025-02-12 16:53:17.989,2025-02-05 00:00:00,2025-02-05 00:00:00,,,,,Pollution and pest infestation,cm725evj6002lu6o49iwg8kf9,cm725dgdh000au6h4fagm9twc,cm725gqoq015du6o4uowmajkj
cm725gqst015gu6o4xricxihb,Roads Issue in Agra,सड़कें खस्ता हालत में हैं। गड्ढों के कारण गाड़ी चलाना मुश्किल हो गया है।,Roads,Infrastructure,Road Maintenance,15,In Progress,High,MEDIUM,false,Vehicle repair costs,Increased accidents and injuries,Irritation,,,UP Road Maintenance Act 2017,2025-02-12 16:53:18.125,2025-02-05 00:00:00,2025-02-05 00:00:00,,,,,Air pollution due to traffic congestion,cm725evg6002iu6o4g8m3pf7v,cm725dg3k0003u6h4e8f3kb9h,cm725gqsh015fu6o4kx0bqhpl
cm725gqvr015iu6o48z5ctl7n,Public Transport Issue in Jhansi,बसों की हालत बहुत खराब हो गई है। सीटें भी बहुत गंदी रहती हैं।,Public Transport,Transportation,Bus Services,9,Closed,Medium,MEDIUM,false,Loss of productivity,Inconvenience for daily commuters,Frustration,,,UP Public Transport Act 2018,2025-02-12 16:53:18.231,2025-02-05 00:00:00,2025-02-05 00:00:00,,,,,Increased pollution due to private vehicle usage,cm725espe0000u6o40tsgshuf,cm725dggi000cu6h4gbmwutvf,cm725gqvf015hu6o42nealoxk
cm725gqze015ku6o4kczonm4z,Health Services Issue in Moradabad,सरकारी अस्पतालों में दवाइयों की कमी और डॉक्टरों की अनुपस्थिति से मरीजों को बहुत तकलीफ होती है।,Health Services,Healthcare,Public Health,24,Closed,High,MEDIUM,false,Increased medical expenses,Poor health outcomes,Helplessness,,,UP Health Services Act 2015,2025-02-12 16:53:18.362,2025-02-05 00:00:00,2025-02-05 00:00:00,,,,,None,cm725g0lu00oyu6o4is4wx4t9,cm725dg6o0005u6h4jkjbkawz,cm725gqz3015ju6o4oy3u52t1
cm725gr3n015mu6o40rwiuv1c,Police & Law Issue in Meerut,पुलिस अपराधियों के खिलाफ कार्रवाई नहीं करती। स्थिति और भी बिगड़ रही है।,Police & Law,Law Enforcement,Crime Control,11,Open,High,MEDIUM,false,Loss of business due to crime,Increased fear and insecurity among residents,Anger,,,UP Police Act 2018,2025-02-12 16:53:18.515,2025-02-05 00:00:00,2025-02-05 00:00:00,,,,,None,cm725et130009u6o45e2rnkk7,cm725dg830006u6h44jyrjmcn,cm725gr2m015lu6o4u7o6adl4
cm725gr7x015ou6o4i9cfqvsy,Education Issue in Gorakhpur,"स्कूलों में बच्चों को सही शिक्षा नहीं मिल रही। बहुत सी चीजें जो जीवन के लिए जरूरी हैं, वो भी नहीं सिखाई जातीं।",Education,Education,School Curriculum,29,In Progress,High,MEDIUM,false,Increased private tuition costs,Poor educational outcomes,Concern,,,UP Education Act 2014,2025-02-12 16:53:18.669,2025-02-05 00:00:00,2025-02-05 00:00:00,,,,,None,cm725f76900aku6o4l8t44bnc,cm725dg9j0007u6h4tzh2udh2,cm725gr7n015nu6o47wyhv2nv
cm725grad015qu6o4po9afz0p,Water Supply Issue in Mathura,पानी की सप्लाई बहुत अस्थिर हो गई है। कई बार पूरे दिन पानी नहीं आता।,Water Supply,Utilities,Water Distribution,11,Open,High,MEDIUM,false,Additional water procurement costs,Disruption of daily life and hygiene,Frustration,,,UP Water Supply Act 2019,2025-02-12 16:53:18.757,2025-02-05 00:00:00,2025-02-05 00:00:00,,,,,Water wastage and contamination,cm725g2qr00pwu6o4s19pmfay,cm725dgaz0008u6h4o1r9mtq7,cm725gra2015pu6o4i8los5vz
cm725grf4015su6o4eg1w9lm7,Electricity Issue in Kanpur,गर्मी के मौसम में बिजली की कटौती बहुत बढ़ गई है। कई बार तो घंटों बिजली चली जाती है।,Electricity,Utilities,Power Distribution,26,In Progress,High,MEDIUM,false,Increased electricity costs,Disruption of daily activities,Exhaustion,,,UP Electricity Act 2017,2025-02-12 16:53:18.928,2025-02-05 00:00:00,2025-02-05 00:00:00,,,,,Increased generator usage causing pollution,cm725g2vg00pzu6o4pkl85lei,cm725dgc70009u6h4pqcjyeb5,cm725gren015ru6o4leo8z3fi
cm725grje015uu6o4cv66tycg,Health Services Issue in Kanpur,"Kanpur mein hospitals mein treatment ki quality bilkul bekar ho gayi hai, bahut der tak wait karna padta hai.",Health Services,Healthcare,Public Health,4,Closed,High,MEDIUM,false,Increased medical expenses,Poor health outcomes,Concerned,,,UP Health Services Act 2015,2025-02-12 16:53:19.083,2025-02-05 00:00:00,2025-02-05 00:00:00,,,,,None,cm725euu3001xu6o4t56rbsbj,cm725dg6o0005u6h4jkjbkawz,cm725gril015tu6o43n7u6dn4
cm725grm7015wu6o4i6f6y8lv,Roads Issue in Agra,"Agra ke main roads pe potholes hai jo kaafi dangerous hai, aur koi bhi repair ka kaam nahi ho raha hai.",Roads,Infrastructure,Road Maintenance,8,Closed,High,MEDIUM,false,Vehicle repair costs,Increased accidents and injuries,Angry,,,UP Road Maintenance Act 2017,2025-02-12 16:53:19.183,2025-02-05 00:00:00,2025-02-05 00:00:00,,,,,Air pollution due to traffic congestion,cm725g32z00q3u6o49lkygnnz,cm725dg3k0003u6h4e8f3kb9h,cm725grlt015vu6o4slwv051i
cm725grqv015yu6o4155m426x,Water Supply Issue in Moradabad,Moradabad mein paani ki supply kaafi irregular ho gayi hai. Humare ghar mein ek mahine se paani ka issue chal raha hai.,Water Supply,Utilities,Water Distribution,23,Open,High,MEDIUM,false,Additional water procurement costs,Disruption of daily life and hygiene,Frustrated,,,UP Water Supply Act 2019,2025-02-12 16:53:19.352,2025-02-05 00:00:00,2025-02-05 00:00:00,,,,,Water wastage and contamination,cm725etmm000uu6o4ozfcze5n,cm725dgaz0008u6h4o1r9mtq7,cm725grpd015xu6o4hid2yr3j
cm725grub0160u6o47evijf6q,Police & Law Issue in Aligarh,"Aligarh mein police ka response kaafi slow hai. Recently kuch logon ne mujhe darpoks kiya, par police ne koi action nahi liya.",Police & Law,Law Enforcement,Crime Control,12,Closed,High,MEDIUM,false,Loss of business due to crime,Increased fear and insecurity among residents,Upset,,,UP Police Act 2018,2025-02-12 16:53:19.475,2025-02-05 00:00:00,2025-02-05 00:00:00,,,,,None,cm725fkm600h3u6o4etvgs877,cm725dg830006u6h44jyrjmcn,cm725gru0015zu6o4i3yx3007
cm725grza0163u6o4t9ik2atx,Sanitation Issue in अलीगढ़,अलीगढ़ में कचरा संग्रहण का सिस्टम बहुत खराब है। गली-गली में कचरा पड़ा रहता है और गंदगी की बदबू आती है।,,Sanitation,Garbage Collection,22,Closed,High,MEDIUM,false,Increased healthcare costs,Health hazards and unhygienic conditions,घृणा,,,UP Sanitation Act 2018,2025-02-12 16:53:19.655,2025-02-05 00:00:00,2025-02-05 00:00:00,,,,,Pollution and pest infestation,cm725gry40161u6o4ruhms0iy,cm725dgdh000au6h4fagm9twc,cm725gryz0162u6o4rjom4cuu
cm725gs3d0166u6o40xwyaluv,Healthcare Issue in मेरठ,"मेरठ में सरकारी अस्पताल में सभी दवाइयां नहीं मिलती। मुझे बाहर से खरीदनी पड़ी, जो बहुत महंगी थी।",,Healthcare,Public Health,21,In Progress,High,MEDIUM,false,Increased medical expenses,Poor health outcomes,निराशा,,,UP Health Services Act 2015,2025-02-12 16:53:19.801,2025-02-05 00:00:00,2025-02-05 00:00:00,,,,,None,cm725gs1e0164u6o4tk5iehk4,cm725dg6o0005u6h4jkjbkawz,cm725gs320165u6o4ocebu7dv
cm725gs8e0169u6o4tj3nutcu,Education Issue in गाज़ियाबाद,गाज़ियाबाद के स्कूलों में शिक्षा की गुणवत्ता बहुत गिर गई है। बच्चे पढ़ाई में रुचि नहीं लेते।,,Education,School Curriculum,21,In Progress,High,MEDIUM,false,Increased private tuition costs,Poor educational outcomes,चिंता,,,UP Education Act 2014,2025-02-12 16:53:19.982,2025-02-05 00:00:00,2025-02-05 00:00:00,,,,,None,cm725gs6i0167u6o4rf8sfl3h,cm725dg9j0007u6h4tzh2udh2,cm725gs750168u6o46yqzgsda
cm725gscy016cu6o48mivp45a,Law Enforcement Issue in मोरादाबाद,मोरादाबाद में पुलिस का प्रतिक्रिया बहुत धीमा है। अपराध बढ़ रहे हैं और लोग डर के कारण घर से बाहर नहीं निकल पा रहे हैं।,,Law Enforcement,Crime Control,23,Open,High,MEDIUM,false,Loss of business due to crime,Increased fear and insecurity among residents,डर,,,UP Police Act 2018,2025-02-12 16:53:20.146,2025-02-05 00:00:00,2025-02-05 00:00:00,,,,,None,cm725gsbk016au6o47mckqc2h,cm725dg830006u6h44jyrjmcn,cm725gsco016bu6o4zirxixjt
cm725gshr016fu6o49de68vk3,Utilities Issue in मथुरा,"मथुरा में पानी का दबाव बहुत कम है। सुबह-सुबह पानी आता है, लेकिन बहुत कम मात्रा में।",,Utilities,Water Distribution,12,In Progress,High,MEDIUM,false,Additional water procurement costs,Disruption of daily life and hygiene,गुस्सा,,,UP Water Supply Act 2019,2025-02-12 16:53:20.319,2025-02-05 00:00:00,2025-02-05 00:00:00,,,,,Water wastage and contamination,cm725gsgx016du6o4k1qkun2f,cm725dgaz0008u6h4o1r9mtq7,cm725gshf016eu6o4p57rg8h8
cm725gsme016iu6o4nlfm00ny,Utilities Issue in आगरा,आगरा में लाइट जाने का समय तय नहीं है। दिन में लाइट चली जाती है और सुबह तक नहीं आती।,,Utilities,Power Distribution,11,Open,High,MEDIUM,false,Increased electricity costs,Disruption of daily activities,नाराजगी,,,UP Electricity Act 2017,2025-02-12 16:53:20.486,2025-02-05 00:00:00,2025-02-05 00:00:00,,,,,Increased generator usage causing pollution,cm725gskr016gu6o4rw541sys,cm725dgc70009u6h4pqcjyeb5,cm725gsm2016hu6o4sgwp0i1r
cm725gsqg016lu6o4xg1b5lya,Sanitation Issue in कानपुर,"कानपुर में कचरा संग्रहण बहुत अनियमित है। घर के आस-पास कचरा पड़ा रहता है, सफाई नहीं होती।",,Sanitation,Garbage Collection,6,Open,High,MEDIUM,false,Increased healthcare costs,Health hazards and unhygienic conditions,घृणा,,,UP Sanitation Act 2018,2025-02-12 16:53:20.632,2025-02-05 00:00:00,2025-02-05 00:00:00,,,,,Pollution and pest infestation,cm725gsp0016ju6o4pd30toci,cm725dgdh000au6h4fagm9twc,cm725gsq2016ku6o4c9z305te
cm725gsv0016ou6o4bem2ovzh,Transportation Issue in लखनऊ,लखनऊ में सार्वजनिक परिवहन का सिस्टम इतना अक्षम है कि आपको बस या ऑटो के लिए लंबे समय तक इंतजार करना पड़ता है।,,Transportation,Bus Services,30,Closed,Medium,MEDIUM,false,Loss of productivity,Inconvenience for daily commuters,निराशा,,,UP Public Transport Act 2018,2025-02-12 16:53:20.796,2025-02-05 00:00:00,2025-02-05 00:00:00,,,,,Increased pollution due to private vehicle usage,cm725gst1016mu6o40nmioee9,cm725dggi000cu6h4gbmwutvf,cm725gsto016nu6o4889m3wxm
cm725gt0q016ru6o47h16wrbw,Infrastructure Issue in बदायूं,बदायूं में सड़कें बहुत खतरनाक हैं। गाड़ी चलाना नामुमकिन हो गया है। बहुत हादसे हो रहे हैं।,,Infrastructure,Road Maintenance,10,Closed,High,MEDIUM,false,Vehicle repair costs,Increased accidents and injuries,गुस्सा,,,UP Road Maintenance Act 2017,2025-02-12 16:53:21.003,2025-02-05 00:00:00,2025-02-05 00:00:00,,,,,Air pollution due to traffic congestion,cm725gsxu016pu6o4myc3udxk,cm725dg3k0003u6h4e8f3kb9h,cm725gt0h016qu6o4bgjavaah
cm725gt5j016uu6o4natwq3ie,Law Enforcement Issue in फिरोजाबाद,फिरोजाबाद में पुलिस गश्त बहुत कमजोर है। लोगों को डर लगता है क्योंकि अपराध बढ़ गए हैं।,,Law Enforcement,Crime Control,27,Closed,High,MEDIUM,false,Loss of business due to crime,Increased fear and insecurity among residents,नाराजगी,,,UP Police Act 2018,2025-02-12 16:53:21.175,2025-02-05 00:00:00,2025-02-05 00:00:00,,,,,None,cm725gt4o016su6o4pn6pqhz0,cm725dg830006u6h44jyrjmcn,cm725gt57016tu6o46wx188yt
cm725gtaa016wu6o4fk8bgaxi,Utilities Issue in वाराणसी,वाराणसी में बिजली जाने के बाद बहुत समय लगता है आने में। कई बार 'लोड शेडिंग' का संदेश आता है।,,Utilities,Power Distribution,12,Open,High,MEDIUM,false,Increased electricity costs,Disruption of daily activities,नाराजगी,,,UP Electricity Act 2017,2025-02-12 16:53:21.346,2025-02-05 00:00:00,2025-02-05 00:00:00,,,,,Increased generator usage causing pollution,cm725gmz20137u6o4hvn9qf2z,cm725dgc70009u6h4pqcjyeb5,cm725gt9c016vu6o4yhfm61sq
cm725gtdo016zu6o4g8dj6n8p,Utilities Issue in अयोध्या,अयोध्या में पानी की आपूर्ति बहुत कम हो गई है। पानी के टैंकर काफी समय बाद आते हैं।,,Utilities,Water Distribution,10,In Progress,High,MEDIUM,false,Additional water procurement costs,Disruption of daily life and hygiene,गुस्सा,,,UP Water Supply Act 2019,2025-02-12 16:53:21.468,2025-02-05 00:00:00,2025-02-05 00:00:00,,,,,Water wastage and contamination,cm725gtc4016xu6o49958kbra,cm725dgaz0008u6h4o1r9mtq7,cm725gtde016yu6o4cexa6ylt
cm725gtgw0172u6o4v1thbkss,Sanitation Issue in शाहजहांपुर,शाहजहांपुर में कचरा संग्रहण का सिस्टम बहुत अनियमित है। कचरा गली-गली में पड़ा रहता है।,,Sanitation,Garbage Collection,27,Open,High,MEDIUM,false,Increased healthcare costs,Health hazards and unhygienic conditions,घृणा,,,UP Sanitation Act 2018,2025-02-12 16:53:21.585,2025-02-05 00:00:00,2025-02-05 00:00:00,,,,,Pollution and pest infestation,cm725gtfh0170u6o4ysvlrz21,cm725dgdh000au6h4fagm9twc,cm725gtgm0171u6o45vrwyz3e
cm725gtlx0175u6o4nspg40k9,Healthcare Issue in अलीगढ़,अलीगढ़ के अस्पताल में इमरजेंसी सेवाएं बिल्कुल नहीं हैं। जब जरूरत होती है तो कोई मदद नहीं मिलती।,,Healthcare,Public Health,26,In Progress,High,MEDIUM,false,Increased medical expenses,Poor health outcomes,चिंता,,,UP Health Services Act 2015,2025-02-12 16:53:21.765,2025-02-05 00:00:00,2025-02-05 00:00:00,,,,,None,cm725gtjz0173u6o4ik280rit,cm725dg6o0005u6h4jkjbkawz,cm725gtl20174u6o4gxaqjswx
cm725gtpr0178u6o4v6eiacxm,Infrastructure Issue in बरेली,"बरेली में सड़कें इतनी खतरनाक हैं, गाड़ी चलाना नामुमकिन हो गया है। बहुत हादसे हो रहे हैं।",,Infrastructure,Road Maintenance,18,Closed,High,MEDIUM,false,Vehicle repair costs,Increased accidents and injuries,गुस्सा,,,UP Road Maintenance Act 2017,2025-02-12 16:53:21.903,2025-02-05 00:00:00,2025-02-05 00:00:00,,,,,Air pollution due to traffic congestion,cm725gtou0176u6o4xg9dcvyq,cm725dg3k0003u6h4e8f3kb9h,cm725gtpd0177u6o43he7vgoz
cm725gtvf017bu6o4g4uyemco,Healthcare Issue in कानपुर,"कानपुर में सरकारी अस्पताल में डॉक्टरों की कमी है, और लंबी कतारों के कारण इलाज में देरी होती है।",,Healthcare,Public Health,30,Closed,High,MEDIUM,false,Increased medical expenses,Poor health outcomes,नाराजगी,,,UP Health Services Act 2015,2025-02-12 16:53:22.108,2025-02-05 00:00:00,2025-02-05 00:00:00,,,,,None,cm725gtt00179u6o4l0bzwn2v,cm725dg6o0005u6h4jkjbkawz,cm725gtun017au6o45kfx4jsz
cm725gtyu017eu6o4ls6w1r1q,Infrastructure Issue in लखनऊ,लखनऊ की सड़कें बहुत खराब हो गई हैं। गड्ढों से बचने के लिए गाड़ी चलाना बहुत मुश्किल हो गया है।,,Infrastructure,Road Maintenance,3,Closed,High,MEDIUM,false,Vehicle repair costs,Increased accidents and injuries,गुस्सा,,,UP Road Maintenance Act 2017,2025-02-12 16:53:22.23,2025-02-05 00:00:00,2025-02-05 00:00:00,,,,,Air pollution due to traffic congestion,cm725gtxd017cu6o4t1mnxoak,cm725dg3k0003u6h4e8f3kb9h,cm725gtyj017du6o4l8ukq2da
cm725gu3i017hu6o4iqx7p8d7,Utilities Issue in गाज़ियाबाद,गाज़ियाबाद में पानी की आपूर्ति अक्सर कट जाती है और समय पर नहीं मिलती।,,Utilities,Water Distribution,6,Open,High,MEDIUM,false,Additional water procurement costs,Disruption of daily life and hygiene,निराशा,,,UP Water Supply Act 2019,2025-02-12 16:53:22.398,2025-02-05 00:00:00,2025-02-05 00:00:00,,,,,Water wastage and contamination,cm725gu0t017fu6o45s4tfeo1,cm725dgaz0008u6h4o1r9mtq7,cm725gu1z017gu6o4kg7drzpa
cm725gu81017ku6o40eqdn0ba,Utilities Issue in आगरा,"आगरा में बार-बार बिजली जाती है और कभी भी टाइम नहीं आता, परेशान हो गए हैं।",,Utilities,Power Distribution,15,In Progress,High,MEDIUM,false,Increased electricity costs,Disruption of daily activities,नाराजगी,,,UP Electricity Act 2017,2025-02-12 16:53:22.561,2025-02-05 00:00:00,2025-02-05 00:00:00,,,,,Increased generator usage causing pollution,cm725gu6h017iu6o46vn92eg5,cm725dgc70009u6h4pqcjyeb5,cm725gu70017ju6o42x3pxjts
cm725gucb017nu6o4dn8bfc6z,Transportation Issue in मेरठ,"मेरठ में पब्लिक ट्रांसपोर्ट बहुत कम है। ज्यादातर लोग निजी वाहन का इस्तेमाल करते हैं, जिससे जाम की स्थिति बनती है।",,Transportation,Bus Services,22,Closed,Medium,MEDIUM,false,Loss of productivity,Inconvenience for daily commuters,निराशा,,,UP Public Transport Act 2018,2025-02-12 16:53:22.715,2025-02-05 00:00:00,2025-02-05 00:00:00,,,,,Increased pollution due to private vehicle usage,cm725guan017lu6o4su10y80u,cm725dggi000cu6h4gbmwutvf,cm725gubx017mu6o4q402gvyb
cm725gug5017qu6o40ryxnn30,Sanitation Issue in वाराणसी,"वाराणसी में कचरा इकट्ठा करने का कोई ठोस इंतजाम नहीं है, सड़कें कचरे से भरी रहती हैं।",,Sanitation,Garbage Collection,17,Closed,High,MEDIUM,false,Increased healthcare costs,Health hazards and unhygienic conditions,घृणा,,,UP Sanitation Act 2018,2025-02-12 16:53:22.853,2025-02-05 00:00:00,2025-02-05 00:00:00,,,,,Pollution and pest infestation,cm725gufc017ou6o40d2hx55u,cm725dgdh000au6h4fagm9twc,cm725gufu017pu6o45p9wz3cz
cm725gujz017tu6o436a1xwco,Law Enforcement Issue in अलीगढ़,अलीगढ़ में अपराध बहुत बढ़ गए हैं और पुलिस का कोई खास ध्यान नहीं है।,,Law Enforcement,Crime Control,9,Open,High,MEDIUM,false,Loss of business due to crime,Increased fear and insecurity among residents,डर,,,UP Police Act 2018,2025-02-12 16:53:22.992,2025-02-05 00:00:00,2025-02-05 00:00:00,,,,,None,cm725guj6017ru6o41w56e69b,cm725dg830006u6h44jyrjmcn,cm725gujo017su6o42nlfue5a
cm725guoj017wu6o47iclhc3e,Healthcare Issue in झांसी,झांसी के सरकारी अस्पतालों में सुविधाओं की कमी है। इलाज के लिए पर्याप्त साधन नहीं मिलते।,,Healthcare,Public Health,30,Open,High,MEDIUM,false,Increased medical expenses,Poor health outcomes,निराशा,,,UP Health Services Act 2015,2025-02-12 16:53:23.156,2025-02-05 00:00:00,2025-02-05 00:00:00,,,,,None,cm725gumk017uu6o4qouqjyr5,cm725dg6o0005u6h4jkjbkawz,cm725guns017vu6o4yxu6xqeh
cm725gut9017zu6o47wbddwox,Infrastructure Issue in अलीगढ़,"अलीगढ़ की सड़कों पर गड्ढे पड़े हुए हैं, जिससे वाहन चालकों को मुश्किल होती है।",,Infrastructure,Road Maintenance,9,In Progress,High,MEDIUM,false,Vehicle repair costs,Increased accidents and injuries,गुस्सा,,,UP Road Maintenance Act 2017,2025-02-12 16:53:23.325,2025-02-05 00:00:00,2025-02-05 00:00:00,,,,,Air pollution due to traffic congestion,cm725gur7017xu6o48qv18ynr,cm725dg3k0003u6h4e8f3kb9h,cm725gusx017yu6o4lcgr27uj
cm725gux60181u6o4c8iolp1l,Transportation Issue in कानपुर,"कानपुर में बसों की कमी है, और जो आती हैं, वे भी काफी भीड़-भाड़ वाली होती हैं।",,Transportation,Bus Services,23,Open,Medium,MEDIUM,false,Loss of productivity,Inconvenience for daily commuters,निराशा,,,UP Public Transport Act 2018,2025-02-12 16:53:23.467,2025-02-05 00:00:00,2025-02-05 00:00:00,,,,,Increased pollution due to private vehicle usage,cm725exh1004eu6o4irurlwiz,cm725dggi000cu6h4gbmwutvf,cm725guwv0180u6o4v31jqpkl
cm725gv260184u6o4knh1v7d6,Utilities Issue in लखनऊ,लखनऊ में पानी की सप्लाई बहुत असमान रहती है। कई जगह तो दिन में पानी आता ही नहीं।,,Utilities,Water Distribution,15,Open,High,MEDIUM,false,Additional water procurement costs,Disruption of daily life and hygiene,नाराजगी,,,UP Water Supply Act 2019,2025-02-12 16:53:23.647,2025-02-05 00:00:00,2025-02-05 00:00:00,,,,,Water wastage and contamination,cm725gv070182u6o4u93wb1rh,cm725dgaz0008u6h4o1r9mtq7,cm725gv1b0183u6o4u211ua10
cm725gv5m0187u6o41i0ig7sz,Utilities Issue in बरेली,बरेली में बिजली की समस्या बहुत बड़ी हो गई है। दिन में कई बार लाइट चली जाती है।,,Utilities,Power Distribution,2,Closed,High,MEDIUM,false,Increased electricity costs,Disruption of daily activities,गुस्सा,,,UP Electricity Act 2017,2025-02-12 16:53:23.77,2025-02-05 00:00:00,2025-02-05 00:00:00,,,,,Increased generator usage causing pollution,cm725gv460185u6o4224acc42,cm725dgc70009u6h4pqcjyeb5,cm725gv5a0186u6o4dfq71tjt
cm725gv91018au6o4vf830orb,Healthcare Issue in फिरोजाबाद,"फिरोजाबाद के सरकारी अस्पताल में उचित इलाज नहीं मिलता, और डॉक्टरों की कमी है।",,Healthcare,Public Health,2,In Progress,High,MEDIUM,false,Increased medical expenses,Poor health outcomes,निराशा,,,UP Health Services Act 2015,2025-02-12 16:53:23.893,2025-02-05 00:00:00,2025-02-05 00:00:00,,,,,None,cm725gv7d0188u6o4qv42g76c,cm725dg6o0005u6h4jkjbkawz,cm725gv8p0189u6o4ocmxhkzz
cm725gvdr018du6o4l9kbsw6a,Infrastructure Issue in मेरठ,"मेरठ की सड़कों पर बहुत गड्ढे हो गए हैं, जिसके कारण दुर्घटनाएं होती हैं।",,Infrastructure,Road Maintenance,17,Open,High,MEDIUM,false,Vehicle repair costs,Increased accidents and injuries,गुस्सा,,,UP Road Maintenance Act 2017,2025-02-12 16:53:24.064,2025-02-05 00:00:00,2025-02-05 00:00:00,,,,,Air pollution due to traffic congestion,cm725gvb8018bu6o40wwrg7ed,cm725dg3k0003u6h4e8f3kb9h,cm725gvcp018cu6o47u8wym8c
cm725gvhp018gu6o475zhd2o5,Sanitation Issue in बरेली,"बरेली में कचरे का सही तरीके से निस्तारण नहीं हो रहा, गली-गली कचरा पड़ा रहता है।",,Sanitation,Garbage Collection,7,Closed,High,MEDIUM,false,Increased healthcare costs,Health hazards and unhygienic conditions,घृणा,,,UP Sanitation Act 2018,2025-02-12 16:53:24.205,2025-02-05 00:00:00,2025-02-05 00:00:00,,,,,Pollution and pest infestation,cm725gvgv018eu6o4bv7jbayq,cm725dgdh000au6h4fagm9twc,cm725gvhf018fu6o437pi4e57
cm725gvm3018iu6o48nakzjdl,Utilities Issue in कानपुर,"कानपुर में पानी की सप्लाई बहुत कम है, और पानी का दबाव भी बहुत कमजोर है।",,Utilities,Water Distribution,13,In Progress,High,MEDIUM,false,Additional water procurement costs,Disruption of daily life and hygiene,निराशा,,,UP Water Supply Act 2019,2025-02-12 16:53:24.363,2025-02-05 00:00:00,2025-02-05 00:00:00,,,,,Water wastage and contamination,cm725gnly013mu6o4c1xbqfm0,cm725dgaz0008u6h4o1r9mtq7,cm725gvlq018hu6o4elajvqla
cm725gvq5018lu6o4p5212pjj,Law Enforcement Issue in लखनऊ,"लखनऊ में पुलिस का ध्यान केवल बड़े शहरों में ही रहता है, छोटे इलाकों में कोई गश्त नहीं होती।",,Law Enforcement,Crime Control,18,Open,High,MEDIUM,false,Loss of business due to crime,Increased fear and insecurity among residents,निराशा,,,UP Police Act 2018,2025-02-12 16:53:24.509,2025-02-05 00:00:00,2025-02-05 00:00:00,,,,,None,cm725gvpd018ju6o4un4oyuwv,cm725dg830006u6h44jyrjmcn,cm725gvpv018ku6o47639x13i
cm725gvxm018ou6o4rk0g823s,Healthcare Issue in झांसी,झांसी में सरकारी अस्पतालों में इलाज के लिए लंबी कतारें होती हैं और समय पर इलाज नहीं मिलता।,,Healthcare,Public Health,25,In Progress,High,MEDIUM,false,Increased medical expenses,Poor health outcomes,निराशा,,,UP Health Services Act 2015,2025-02-12 16:53:24.778,2025-02-05 00:00:00,2025-02-05 00:00:00,,,,,None,cm725gvtf018mu6o46dxtsr6h,cm725dg6o0005u6h4jkjbkawz,cm725gvv6018nu6o45ydgme87
cm725gw1j018ru6o48s4ep0w5,Transportation Issue in गोरखपुर,"गोरखपुर में पब्लिक ट्रांसपोर्ट की सुविधा बहुत कम है, इससे लोगों को बड़ी मुश्किल होती है।",,Transportation,Bus Services,30,Open,Medium,MEDIUM,false,Loss of productivity,Inconvenience for daily commuters,निराशा,,,UP Public Transport Act 2018,2025-02-12 16:53:24.92,2025-02-05 00:00:00,2025-02-05 00:00:00,,,,,Increased pollution due to private vehicle usage,cm725gvzy018pu6o40q0a1sl4,cm725dggi000cu6h4gbmwutvf,cm725gw0g018qu6o4vshl3heh
cm725gw6n018uu6o49mwmn2es,Infrastructure Issue in हाथरस,"हाथरस की सड़कों पर कोई मरम्मत नहीं की जा रही। गड्ढे भरे हुए हैं, गाड़ी चलाना मुश्किल हो गया है।",,Infrastructure,Road Maintenance,28,In Progress,High,MEDIUM,false,Vehicle repair costs,Increased accidents and injuries,नाराजगी,,,UP Road Maintenance Act 2017,2025-02-12 16:53:25.104,2025-02-05 00:00:00,2025-02-05 00:00:00,,,,,Air pollution due to traffic congestion,cm725gw5c018su6o4u4kadyby,cm725dg3k0003u6h4e8f3kb9h,cm725gw6c018tu6o495oz796d
cm725gwb3018xu6o4muzay1j7,Utilities Issue in बरेली,बरेली में जल आपूर्ति बिल्कुल नहीं है। पानी का टैंकर भी समय पर नहीं आता।,,Utilities,Water Distribution,7,In Progress,High,MEDIUM,false,Additional water procurement costs,Disruption of daily life and hygiene,गुस्सा,,,UP Water Supply Act 2019,2025-02-12 16:53:25.263,2025-02-05 00:00:00,2025-02-05 00:00:00,,,,,Water wastage and contamination,cm725gw98018vu6o4s706dyvb,cm725dgaz0008u6h4o1r9mtq7,cm725gw9r018wu6o4a4bcsyxg
cm725gwgq0190u6o4237kna11,Utilities Issue in आगरा,आगरा में बिजली की कटौती इतनी बढ़ गई है कि पूरा दिन बिना लाइट के ही गुजर जाता है।,,Utilities,Power Distribution,25,Open,High,MEDIUM,false,Increased electricity costs,Disruption of daily activities,निराशा,,,UP Electricity Act 2017,2025-02-12 16:53:25.466,2025-02-05 00:00:00,2025-02-05 00:00:00,,,,,Increased generator usage causing pollution,cm725gwe9018yu6o4otcwh2cp,cm725dgc70009u6h4pqcjyeb5,cm725gwfo018zu6o46uti03z9
cm725gwkz0193u6o4rlesnyw7,Healthcare Issue in कानपुर,"कानपुर के सरकारी अस्पताल में सुविधाओं का अभाव है, और डॉक्टर भी पर्याप्त नहीं हैं।",,Healthcare,Public Health,17,In Progress,High,MEDIUM,false,Increased medical expenses,Poor health outcomes,चिंता,,,UP Health Services Act 2015,2025-02-12 16:53:25.619,2025-02-05 00:00:00,2025-02-05 00:00:00,,,,,None,cm725gwk50191u6o4adeptxdi,cm725dg6o0005u6h4jkjbkawz,cm725gwko0192u6o4aad23wb3
cm725gwon0195u6o4d9sbsndr,Health Services Issue in Jhansi,सरकारी अस्पतालों में मरीजों को इलाज देने की कोई व्यवस्था नहीं है। डॉक्टर भी बुरी हालत में हैं।,Health Services,Healthcare,Public Health,16,Closed,High,MEDIUM,false,Increased medical expenses,Poor health outcomes,Helplessness,,,UP Health Services Act 2015,2025-02-12 16:53:25.751,2025-02-05 00:00:00,2025-02-05 00:00:00,,,,,None,cm725fiur00g6u6o4z0g4ml7s,cm725dg6o0005u6h4jkjbkawz,cm725gwnf0194u6o4fc6lszhj
cm725gwsa0197u6o4gp50o1n3,Police & Law Issue in Agra,पुलिस अपराधियों के खिलाफ कोई कार्रवाई नहीं करती। अपराध बढ़ते जा रहे हैं।,Police & Law,Law Enforcement,Crime Control,28,Closed,High,MEDIUM,false,Loss of business due to crime,Increased fear and insecurity among residents,Anger,,,UP Police Act 2018,2025-02-12 16:53:25.882,2025-02-05 00:00:00,2025-02-05 00:00:00,,,,,None,cm725euxa0020u6o46xzm7ojk,cm725dg830006u6h44jyrjmcn,cm725gwqz0196u6o4blwzsobc
cm725gwvl0199u6o4qawxgff4,Education Issue in Moradabad,"स्कूलों में शिक्षकों की बहुत कमी है और जो शिक्षक हैं, उनका बच्चों के प्रति कोई ध्यान नहीं है।",Education,Education,School Curriculum,23,In Progress,High,MEDIUM,false,Increased private tuition costs,Poor educational outcomes,Concern,,,UP Education Act 2014,2025-02-12 16:53:26.002,2025-02-05 00:00:00,2025-02-05 00:00:00,,,,,None,cm725gphu014qu6o41gy3c3hs,cm725dg9j0007u6h4tzh2udh2,cm725gwvb0198u6o4me7502y2
cm725gwzl019bu6o4z2vvc4yr,Water Supply Issue in Meerut,पानी की सप्लाई कई बार नहीं आती। पानी का दबाव भी बहुत कम रहता है।,Water Supply,Utilities,Water Distribution,13,In Progress,High,MEDIUM,false,Additional water procurement costs,Disruption of daily life and hygiene,Frustration,,,UP Water Supply Act 2019,2025-02-12 16:53:26.145,2025-02-05 00:00:00,2025-02-05 00:00:00,,,,,Water wastage and contamination,cm725eu6h001cu6o4vigm0y34,cm725dgaz0008u6h4o1r9mtq7,cm725gwz9019au6o4pbwnl87x
cm725gx39019du6o42ylc3e2o,Electricity Issue in Bijnor,बिजली की कटौती से हम सभी परेशान हो गए हैं। कई बार दिनभर बिजली चली जाती है।,Electricity,Utilities,Power Distribution,4,In Progress,High,MEDIUM,false,Increased electricity costs,Disruption of daily activities,Exhaustion,,,UP Electricity Act 2017,2025-02-12 16:53:26.277,2025-02-05 00:00:00,2025-02-05 00:00:00,,,,,Increased generator usage causing pollution,cm725f2tt007qu6o4bez55hkl,cm725dgc70009u6h4pqcjyeb5,cm725gx2y019cu6o4k2cuo9tl
cm725gx76019eu6o4ib9hfa4q,Garbage Issue in Kanpur,कूड़ा सड़कों पर पड़ा रहता है और सफाई कर्मचारियों का कोई ध्यान नहीं है।,Garbage,Sanitation,Garbage Collection,27,Open,High,MEDIUM,false,Increased healthcare costs,Health hazards and unhygienic conditions,Disgust,,,UP Sanitation Act 2018,2025-02-12 16:53:26.418,2025-02-05 00:00:00,2025-02-05 00:00:00,,,,,Pollution and pest infestation,cm725euhj001lu6o47cg3cj43,cm725dgdh000au6h4fagm9twc,cm725gcut00wau6o4bzwz0ghj
cm725gx9m019gu6o4s1tk1r7f,Roads Issue in Ghaziabad,सड़कों पर गड्ढे और टूटी-फूटी सड़कें बहुत बढ़ गई हैं। यह दुर्घटनाओं का कारण बन रही हैं।,Roads,Infrastructure,Road Maintenance,28,Open,High,MEDIUM,false,Vehicle repair costs,Increased accidents and injuries,Irritation,,,UP Road Maintenance Act 2017,2025-02-12 16:53:26.506,2025-02-05 00:00:00,2025-02-05 00:00:00,,,,,Air pollution due to traffic congestion,cm725g11700p3u6o4fjyyfwrg,cm725dg3k0003u6h4e8f3kb9h,cm725gx9b019fu6o45qcqsq2u
cm725gxd2019iu6o4nprdktk5,Public Transport Issue in Varanasi,बसों की कमी है। लंबा इंतजार करने के बाद भी बस नहीं आती।,Public Transport,Transportation,Bus Services,5,Open,Medium,MEDIUM,false,Loss of productivity,Inconvenience for daily commuters,Frustration,,,UP Public Transport Act 2018,2025-02-12 16:53:26.63,2025-02-05 00:00:00,2025-02-05 00:00:00,,,,,Increased pollution due to private vehicle usage,cm725g16600p6u6o44jkzah84,cm725dggi000cu6h4gbmwutvf,cm725gxcq019hu6o4apnwl981
cm725gxhl019ku6o4igq2llk9,Health Services Issue in Bareilly,सरकारी अस्पतालों में डॉक्टरों की कमी है और मरीजों को ठीक से इलाज नहीं मिल पाता।,Health Services,Healthcare,Public Health,13,In Progress,High,MEDIUM,false,Increased medical expenses,Poor health outcomes,Helplessness,,,UP Health Services Act 2015,2025-02-12 16:53:26.793,2025-02-05 00:00:00,2025-02-05 00:00:00,,,,,None,cm725eya10055u6o49m2dosn8,cm725dg6o0005u6h4jkjbkawz,cm725gxh9019ju6o4ljdpd4nb
cm725gxl6019mu6o43guf8adp,Police & Law Issue in Gorakhpur,पुलिस का रवैया बहुत ही खराब है। कोई भी शिकायत सुनी नहीं जाती।,Police & Law,Law Enforcement,Crime Control,30,In Progress,High,MEDIUM,false,Loss of business due to crime,Increased fear and insecurity among residents,Anger,,,UP Police Act 2018,2025-02-12 16:53:26.922,2025-02-05 00:00:00,2025-02-05 00:00:00,,,,,None,cm725et130009u6o45e2rnkk7,cm725dg830006u6h44jyrjmcn,cm725gxka019lu6o41xvjx384
cm725gxoq019ou6o435suzv46,Education Issue in Saharanpur,स्कूलों में पढ़ाई का स्तर बहुत खराब है। शिक्षक बच्चों को ठीक से पढ़ाने के बजाय अपनी छुट्टियां लेते रहते हैं।,Education,Education,School Curriculum,20,Closed,High,MEDIUM,false,Increased private tuition costs,Poor educational outcomes,Concern,,,UP Education Act 2014,2025-02-12 16:53:27.05,2025-02-05 00:00:00,2025-02-05 00:00:00,,,,,None,cm725f38o0082u6o47edcxgkg,cm725dg9j0007u6h4tzh2udh2,cm725gxnj019nu6o4r29bahhg
cm725gxr8019qu6o4fynonnos,Water Supply Issue in Muzaffarnagar,"पानी की सप्लाई बहुत अस्थिर रहती है। कभी बहुत कम पानी आता है, तो कभी बिल्कुल नहीं आता।",Water Supply,Utilities,Water Distribution,3,Closed,High,MEDIUM,false,Additional water procurement costs,Disruption of daily life and hygiene,Frustration,,,UP Water Supply Act 2019,2025-02-12 16:53:27.141,2025-02-05 00:00:00,2025-02-05 00:00:00,,,,,Water wastage and contamination,cm725eu6h001cu6o4vigm0y34,cm725dgaz0008u6h4o1r9mtq7,cm725gxqy019pu6o4nhpo1akr
cm725gxvn019su6o48ca1cnh5,Electricity Issue in Aligarh,बिजली की समस्याएं और बढ़ रही हैं। गर्मी में बिजली के बिना रहना बहुत कठिन हो जाता है।,Electricity,Utilities,Power Distribution,28,Closed,High,MEDIUM,false,Increased electricity costs,Disruption of daily activities,Exhaustion,,,UP Electricity Act 2017,2025-02-12 16:53:27.299,2025-02-05 00:00:00,2025-02-05 00:00:00,,,,,Increased generator usage causing pollution,cm725g1og00phu6o4zh6rk7qg,cm725dgc70009u6h4pqcjyeb5,cm725gxu9019ru6o4cmq67rh5
cm725gxyy019uu6o41u8mq4nf,Garbage Issue in Lucknow,कूड़ा उठाने वाली गाड़ी कभी भी समय पर नहीं आती। कूड़ा सड़कों पर पड़ा रहता है।,Garbage,Sanitation,Garbage Collection,8,In Progress,High,MEDIUM,false,Increased healthcare costs,Health hazards and unhygienic conditions,Disgust,,,UP Sanitation Act 2018,2025-02-12 16:53:27.419,2025-02-05 00:00:00,2025-02-05 00:00:00,,,,,Pollution and pest infestation,cm725evj6002lu6o49iwg8kf9,cm725dgdh000au6h4fagm9twc,cm725gxyo019tu6o49nq9da1o
cm725gy48019wu6o45fqkjvxn,Roads Issue in Agra,सड़कें खस्ता हालत में हैं। गड्ढों के कारण गाड़ी चलाना मुश्किल हो गया है।,Roads,Infrastructure,Road Maintenance,20,Closed,High,MEDIUM,false,Vehicle repair costs,Increased accidents and injuries,Irritation,,,UP Road Maintenance Act 2017,2025-02-12 16:53:27.608,2025-02-05 00:00:00,2025-02-05 00:00:00,,,,,Air pollution due to traffic congestion,cm725evg6002iu6o4g8m3pf7v,cm725dg3k0003u6h4e8f3kb9h,cm725gy21019vu6o4iv7qmveg
cm725gy7r019yu6o46vlii55w,Public Transport Issue in Jhansi,बसों की हालत बहुत खराब हो गई है। सीटें भी बहुत गंदी रहती हैं।,Public Transport,Transportation,Bus Services,18,Closed,Medium,MEDIUM,false,Loss of productivity,Inconvenience for daily commuters,Frustration,,,UP Public Transport Act 2018,2025-02-12 16:53:27.735,2025-02-05 00:00:00,2025-02-05 00:00:00,,,,,Increased pollution due to private vehicle usage,cm725espe0000u6o40tsgshuf,cm725dggi000cu6h4gbmwutvf,cm725gy7g019xu6o4sxry1tae
cm725gyc401a0u6o46rbdsbsn,Health Services Issue in Moradabad,सरकारी अस्पतालों में दवाइयों की कमी और डॉक्टरों की अनुपस्थिति से मरीजों को बहुत तकलीफ होती है।,Health Services,Healthcare,Public Health,2,Open,High,MEDIUM,false,Increased medical expenses,Poor health outcomes,Helplessness,,,UP Health Services Act 2015,2025-02-12 16:53:27.892,2025-02-05 00:00:00,2025-02-05 00:00:00,,,,,None,cm725g0lu00oyu6o4is4wx4t9,cm725dg6o0005u6h4jkjbkawz,cm725gybo019zu6o4s0mh1sdb
cm725gyf701a2u6o4hkgbn19e,Police & Law Issue in Meerut,पुलिस अपराधियों के खिलाफ कार्रवाई नहीं करती। स्थिति और भी बिगड़ रही है।,Police & Law,Law Enforcement,Crime Control,21,Closed,High,MEDIUM,false,Loss of business due to crime,Increased fear and insecurity among residents,Anger,,,UP Police Act 2018,2025-02-12 16:53:28.003,2025-02-05 00:00:00,2025-02-05 00:00:00,,,,,None,cm725et130009u6o45e2rnkk7,cm725dg830006u6h44jyrjmcn,cm725gyex01a1u6o4hiq8sfpr
cm725gyid01a3u6o44aj536po,Education Issue in Gorakhpur,"स्कूलों में बच्चों को सही शिक्षा नहीं मिल रही। बहुत सी चीजें जो जीवन के लिए जरूरी हैं, वो भी नहीं सिखाई जातीं।",Education,Education,School Curriculum,22,Closed,High,MEDIUM,false,Increased private tuition costs,Poor educational outcomes,Concern,,,UP Education Act 2014,2025-02-12 16:53:28.117,2025-02-05 00:00:00,2025-02-05 00:00:00,,,,,None,cm725f76900aku6o4l8t44bnc,cm725dg9j0007u6h4tzh2udh2,cm725g83z00t6u6o426z8bqvj
cm725gyl501a5u6o4pli1fgo9,Water Supply Issue in Mathura,पानी की सप्लाई बहुत अस्थिर हो गई है। कई बार पूरे दिन पानी नहीं आता।,Water Supply,Utilities,Water Distribution,23,Open,High,MEDIUM,false,Additional water procurement costs,Disruption of daily life and hygiene,Frustration,,,UP Water Supply Act 2019,2025-02-12 16:53:28.217,2025-02-05 00:00:00,2025-02-05 00:00:00,,,,,Water wastage and contamination,cm725g2qr00pwu6o4s19pmfay,cm725dgaz0008u6h4o1r9mtq7,cm725gyks01a4u6o4pjpwr298
cm725gyph01a7u6o4xa0jzw0u,Electricity Issue in Kanpur,गर्मी के मौसम में बिजली की कटौती बहुत बढ़ गई है। कई बार तो घंटों बिजली चली जाती है।,Electricity,Utilities,Power Distribution,9,Closed,High,MEDIUM,false,Increased electricity costs,Disruption of daily activities,Exhaustion,,,UP Electricity Act 2017,2025-02-12 16:53:28.373,2025-02-05 00:00:00,2025-02-05 00:00:00,,,,,Increased generator usage causing pollution,cm725g2vg00pzu6o4pkl85lei,cm725dgc70009u6h4pqcjyeb5,cm725gyp601a6u6o4prmqe85g
cm725gysg01a9u6o4jn1oa7kb,Health Services Issue in Kanpur,"Kanpur mein hospitals mein treatment ki quality bilkul bekar ho gayi hai, bahut der tak wait karna padta hai.",Health Services,Healthcare,Public Health,4,Open,High,MEDIUM,false,Increased medical expenses,Poor health outcomes,Concerned,,,UP Health Services Act 2015,2025-02-12 16:53:28.48,2025-02-05 00:00:00,2025-02-05 00:00:00,,,,,None,cm725euu3001xu6o4t56rbsbj,cm725dg6o0005u6h4jkjbkawz,cm725gys501a8u6o4xetl1yzs
cm725gyzg01abu6o4qrk8evnn,Roads Issue in Agra,"Agra ke main roads pe potholes hai jo kaafi dangerous hai, aur koi bhi repair ka kaam nahi ho raha hai.",Roads,Infrastructure,Road Maintenance,26,Open,High,MEDIUM,false,Vehicle repair costs,Increased accidents and injuries,Angry,,,UP Road Maintenance Act 2017,2025-02-12 16:53:28.732,2025-02-05 00:00:00,2025-02-05 00:00:00,,,,,Air pollution due to traffic congestion,cm725g32z00q3u6o49lkygnnz,cm725dg3k0003u6h4e8f3kb9h,cm725gyvd01aau6o4ewl9u8ia
cm725gz5x01adu6o48xfaol6a,Water Supply Issue in Moradabad,Moradabad mein paani ki supply kaafi irregular ho gayi hai. Humare ghar mein ek mahine se paani ka issue chal raha hai.,Water Supply,Utilities,Water Distribution,13,Closed,High,MEDIUM,false,Additional water procurement costs,Disruption of daily life and hygiene,Frustrated,,,UP Water Supply Act 2019,2025-02-12 16:53:28.965,2025-02-05 00:00:00,2025-02-05 00:00:00,,,,,Water wastage and contamination,cm725etmm000uu6o4ozfcze5n,cm725dgaz0008u6h4o1r9mtq7,cm725gz5o01acu6o4th08o3km
cm725gza001afu6o45audt8bv,Police & Law Issue in Aligarh,"Aligarh mein police ka response kaafi slow hai. Recently kuch logon ne mujhe darpoks kiya, par police ne koi action nahi liya.",Police & Law,Law Enforcement,Crime Control,30,In Progress,High,MEDIUM,false,Loss of business due to crime,Increased fear and insecurity among residents,Upset,,,UP Police Act 2018,2025-02-12 16:53:29.112,2025-02-05 00:00:00,2025-02-05 00:00:00,,,,,None,cm725fkm600h3u6o4etvgs877,cm725dg830006u6h44jyrjmcn,cm725gz9r01aeu6o4ck1e5pcp
cm725gzch01ahu6o4q3fkjpap,Bareilly - Traffic signal kaam nahi,"Traffic signal kaam nahi karta, log apni marzi se gadi chalate hain.",,,,19,In Progress,Low,MEDIUM,false,,,Irritated,,,,2025-02-12 16:53:29.201,2025-02-05 00:00:00,2025-02-05 00:00:00,,,,,,cm725ev6m0029u6o4qdscphyp,cm725fl4x00hcu6o4h39z4fls,cm725gzc401agu6o4m5my9aba
cm725gzh501aku6o4w9tgu2yh,Aligarh - Gali ke kone mein,"Gali ke kone mein kachra pichle mahine se pada hai, safai kaam nahi ho raha.",,,,18,Open,Low,MEDIUM,false,,,Disgusted,,,,2025-02-12 16:53:29.369,2025-02-05 00:00:00,2025-02-05 00:00:00,,,,,,cm725gzf701aiu6o4bx0kvdgm,cm725fl4x00hcu6o4h39z4fls,cm725gzgc01aju6o4ct28cc23
cm725gzlc01anu6o4alemcysk,Kanpur - Hospital mein dawaiyon ki,"Hospital mein dawaiyon ki kami ho gayi hai, emergency ka solution nahi mil raha.",,,,22,In Progress,Low,MEDIUM,false,,,Concerned,,,,2025-02-12 16:53:29.52,2025-02-05 00:00:00,2025-02-05 00:00:00,,,,,,cm725gzjy01alu6o4a3sw8qaz,cm725fl4x00hcu6o4h39z4fls,cm725gzkg01amu6o4y8xjxr9h
cm725gzpd01aqu6o4expsqgfz,Agra - School ki fees bahut,"School ki fees bahut zyada ho gayi hai, students ko padhayi ka maza nahi aa raha.",,,,26,In Progress,Low,MEDIUM,false,,,Frustrated,,,,2025-02-12 16:53:29.665,2025-02-05 00:00:00,2025-02-05 00:00:00,,,,,,cm725gzn401aou6o4uhnmpd27,cm725fl4x00hcu6o4h39z4fls,cm725gzp101apu6o44riuwg84
cm725gzv201atu6o4m4nnkn3k,Ghaziabad - Raat ko ghar ke,"Raat ko ghar ke aas paas baar baar chori ho rahi hai, police kuch nahi kar rahi.",,,,23,Closed,Low,MEDIUM,false,,,Fearful,,,,2025-02-12 16:53:29.87,2025-02-05 00:00:00,2025-02-05 00:00:00,,,,,,cm725gzt401aru6o4w0cjspel,cm725fl4x00hcu6o4h39z4fls,cm725gzuq01asu6o40667exw1
cm725h00h01awu6o48wv4wav4,Meerut - Sarkari kaam mein delay,"Sarkari kaam mein delay ho raha hai, bahut samay waste hota hai.",,,,8,Closed,Low,MEDIUM,false,,,Disappointed,,,,2025-02-12 16:53:30.065,2025-02-05 00:00:00,2025-02-05 00:00:00,,,,,,cm725gzxm01auu6o4p8gj36kz,cm725fl4x00hcu6o4h39z4fls,cm725gzyr01avu6o4wt4vbcaf
cm725h05w01azu6o4o7thuqq7,Lucknow - Paani ka supply kisi,"Paani ka supply kisi time pe nahi hota, poore din ka schedule band ho jaata hai.",,,,25,Open,Low,MEDIUM,false,,,Annoyed,,,,2025-02-12 16:53:30.26,2025-02-05 00:00:00,2025-02-05 00:00:00,,,,,,cm725h03r01axu6o4blhe1fn9,cm725fl4x00hcu6o4h39z4fls,cm725h05i01ayu6o4xkwum2tk
cm725h0b401b2u6o41cieeytr,Varanasi - Bachpan se hi gunde,"Bachpan se hi gunde gali mein ghoom rahe hain, koi action nahi liya jaa raha.",,,,7,Open,Low,MEDIUM,false,,,Angry,,,,2025-02-12 16:53:30.448,2025-02-05 00:00:00,2025-02-05 00:00:00,,,,,,cm725h08q01b0u6o43esakix3,cm725fl4x00hcu6o4h39z4fls,cm725h09z01b1u6o4ltojd32n
cm725h0n801b5u6o4krj5vn8b,Allahabad - Har sarkari kaam karte,"Har sarkari kaam karte waqt paise ki maang hoti hai, kaise kaam karein?",,,,17,Open,Low,MEDIUM,false,,,Frustrated,,,,2025-02-12 16:53:30.884,2025-02-05 00:00:00,2025-02-05 00:00:00,,,,,,cm725h0e401b3u6o4b9n8bypa,cm725fl4x00hcu6o4h39z4fls,cm725h0gh01b4u6o4ozrv6upa
cm725h0rc01b8u6o4piwhl95b,Noida - Gali mein baar baar,"Gali mein baar baar aise log dikhaayi dete hain jo safe nahi lagte, dar lagta hai.",,,,15,In Progress,Low,MEDIUM,false,,,Fearful,,,,2025-02-12 16:53:31.032,2025-02-05 00:00:00,2025-02-05 00:00:00,,,,,,cm725h0p401b6u6o49s8ldh4w,cm725fl4x00hcu6o4h39z4fls,cm725h0qg01b7u6o4nektuozh
cm725h0va01bau6o4acfhkl7b,Agra - Raat ke samay choriyaan,"Raat ke samay choriyaan badh gayi hain, humare area mein kuch nahi ho raha.",,,,18,Open,Low,MEDIUM,false,,,Helpless,,,,2025-02-12 16:53:31.174,2025-02-05 00:00:00,2025-02-05 00:00:00,,,,,,cm725h0un01b9u6o4l1mz8ibk,cm725fl4x00hcu6o4h39z4fls,cm725fg0n00eru6o4oe3fuf0f
cm725h0zb01bdu6o468xnmkgt,Lucknow - Sadak ke kaam ki,"Sadak ke kaam ki wajah se garmi mein pareshani ho rahi hai, dust sab jagah hai.",,,,1,Closed,Low,MEDIUM,false,,,Irritated,,,,2025-02-12 16:53:31.319,2025-02-05 00:00:00,2025-02-05 00:00:00,,,,,,cm725h0xb01bbu6o4as2v2juj,cm725fl4x00hcu6o4h39z4fls,cm725h0yg01bcu6o4tmxggtwt
cm725h11q01bfu6o4w6t261og,Varanasi - Gali mein kachra nahi,"Gali mein kachra nahi uthta, gali ki safai ka koi dhyaan nahi rakha jaata.",,,,20,In Progress,Low,MEDIUM,false,,,Disgusted,,,,2025-02-12 16:53:31.407,2025-02-05 00:00:00,2025-02-05 00:00:00,,,,,,cm725fltf00hpu6o4ifr8yhl2,cm725fl4x00hcu6o4h39z4fls,cm725h11f01beu6o4whk6eewt
cm725h15301biu6o4e39fngal,Aligarh - Gali mein har waqt,"Gali mein har waqt youth groups dikhaayi dete hain, dar lagta hai kuch ho na jaaye.",,,,9,In Progress,Low,MEDIUM,false,,,Fearful,,,,2025-02-12 16:53:31.527,2025-02-05 00:00:00,2025-02-05 00:00:00,,,,,,cm725h14b01bgu6o4zdyzaq05,cm725fl4x00hcu6o4h39z4fls,cm725h14s01bhu6o45arx24sa
cm725h19001blu6o40sdt68g4,Meerut - Water ka pressure itna,Water ka pressure itna kam ho gaya hai ki pyaas bujhana mushkil ho gaya hai.,,,,15,In Progress,Low,MEDIUM,false,,,Annoyed,,,,2025-02-12 16:53:31.668,2025-02-05 00:00:00,2025-02-05 00:00:00,,,,,,cm725h18201bju6o40woh69im,cm725fl4x00hcu6o4h39z4fls,cm725h18n01bku6o4i3cbpyur
cm725h1d101bou6o4o3dd8wdm,Kanpur - Baar baar robbery aur,"Baar baar robbery aur fight ki reports sunne ko milti hain, security ko improve karo.",,,,5,Open,Low,MEDIUM,false,,,Fearful,,,,2025-02-12 16:53:31.813,2025-02-05 00:00:00,2025-02-05 00:00:00,,,,,,cm725h1bn01bmu6o4gfmk0gkv,cm725fl4x00hcu6o4h39z4fls,cm725h1cr01bnu6o4smrblltz
cm725h1gk01bru6o4rpeg68ap,Lucknow - Road pe car ke,"Road pe car ke signals nahi hote, har jagah traffic jam hota hai.",,,,26,In Progress,Low,MEDIUM,false,,,Frustrated,,,,2025-02-12 16:53:31.94,2025-02-05 00:00:00,2025-02-05 00:00:00,,,,,,cm725h1fc01bpu6o447y4yzme,cm725fl4x00hcu6o4h39z4fls,cm725h1fu01bqu6o4jggvb340
cm725h1jl01buu6o4hpb7vb1z,Agra - Kuch hospitals mein basic,Kuch hospitals mein basic medicines bhi available nahi hoti.,,,,7,Open,Low,MEDIUM,false,,,Concerned,,,,2025-02-12 16:53:32.049,2025-02-05 00:00:00,2025-02-05 00:00:00,,,,,,cm725h1ib01bsu6o4gun04foa,cm725fl4x00hcu6o4h39z4fls,cm725h1is01btu6o49cqleq77
cm725h1ng01bxu6o49qv38qd8,Ghaziabad - Bijli kabhi bhi chalti,"Bijli kabhi bhi chalti rehti hai, din bhar kaam kaise karein?",,,,30,In Progress,Low,MEDIUM,false,,,Annoyed,,,,2025-02-12 16:53:32.188,2025-02-05 00:00:00,2025-02-05 00:00:00,,,,,,cm725h1lz01bvu6o4dthxvsn9,cm725fl4x00hcu6o4h39z4fls,cm725h1mg01bwu6o47t13ief0
cm725h1rc01c0u6o47h90a8mo,Kanpur - Gunde har waqt gali,"Gunde har waqt gali mein ghoom rahe hain, police ko inform kiya tha lekin koi action nahi liya.",,,,23,Open,Low,MEDIUM,false,,,Angry,,,,2025-02-12 16:53:32.328,2025-02-05 00:00:00,2025-02-05 00:00:00,,,,,,cm725h1ql01byu6o4uv7mr354,cm725fl4x00hcu6o4h39z4fls,cm725h1r301bzu6o45flaz58e
cm725h21j01c3u6o4d3mvj4dr,Lucknow - School ke baad ghar,"School ke baad ghar jaate waqt zyada dar lagta hai, criminal activity badh gayi hai.",,,,8,Closed,Low,MEDIUM,false,,,Fearful,,,,2025-02-12 16:53:32.695,2025-02-05 00:00:00,2025-02-05 00:00:00,,,,,,cm725h20j01c1u6o470behp44,cm725fl4x00hcu6o4h39z4fls,cm725h21801c2u6o4y7lj64yu
cm725h25801c5u6o4hzx3d1eb,Aligarh - Paani ke time pe,"Paani ke time pe kaafi pareshani hoti hai, baar baar leakage hote hain.",,,,12,In Progress,Low,MEDIUM,false,,,Annoyed,,,,2025-02-12 16:53:32.828,2025-02-05 00:00:00,2025-02-05 00:00:00,,,,,,cm725fj8i00gcu6o45f9tug8h,cm725fl4x00hcu6o4h39z4fls,cm725h24t01c4u6o4qptyzvmx
cm725h28n01c8u6o404qw41yd,Meerut - Gali ke kone mein,"Gali ke kone mein kaafi kachra pada hai, safai abhi tak nahi hui.",,,,13,Closed,Low,MEDIUM,false,,,Disgusted,,,,2025-02-12 16:53:32.951,2025-02-05 00:00:00,2025-02-05 00:00:00,,,,,,cm725h27a01c6u6o4y0mqfkjo,cm725fl4x00hcu6o4h39z4fls,cm725h28d01c7u6o4qjeq60yo
cm725h2c401cbu6o4w1xe8li7,Varanasi - Sadak par parking ke,"Sadak par parking ke liye jagah nahi milti, har time traffic jam lagta hai.",,,,17,In Progress,Low,MEDIUM,false,,,Frustrated,,,,2025-02-12 16:53:33.076,2025-02-05 00:00:00,2025-02-05 00:00:00,,,,,,cm725h2ay01c9u6o4fkjjqgtq,cm725fl4x00hcu6o4h39z4fls,cm725h2bu01cau6o4yxx376cn
cm725h2g001ceu6o4z9rxlm69,Ghaziabad - Baar baar raat ko,"Baar baar raat ko street lights band hoti hain, isse gunde kaafi zyada ho gaye hain.",,,,26,In Progress,Low,MEDIUM,false,,,Fearful,,,,2025-02-12 16:53:33.217,2025-02-05 00:00:00,2025-02-05 00:00:00,,,,,,cm725h2ey01ccu6o4j3x2rm18,cm725fl4x00hcu6o4h39z4fls,cm725h2fn01cdu6o43gvw8osv
cm725h2k301chu6o4u1fzfw9a,Agra - School ka syllabus bahut,"School ka syllabus bahut zyada badh gaya hai, bachpan ka maza chala gaya.",,,,26,In Progress,Low,MEDIUM,false,,,Disappointed,,,,2025-02-12 16:53:33.363,2025-02-05 00:00:00,2025-02-05 00:00:00,,,,,,cm725h2ii01cfu6o4ljhoxj8n,cm725fl4x00hcu6o4h39z4fls,cm725h2jt01cgu6o45w5qrc89
cm725h2nx01cku6o4uml311bb,Varanasi - Sarkari kaam karane ke,"Sarkari kaam karane ke liye har baar daam dena padta hai, kaise kaam ho sakta hai?",,,,9,In Progress,Low,MEDIUM,false,,,Angry,,,,2025-02-12 16:53:33.502,2025-02-05 00:00:00,2025-02-05 00:00:00,,,,,,cm725h2mc01ciu6o4slqh2cgx,cm725fl4x00hcu6o4h39z4fls,cm725h2nn01cju6o4vejaz06t
cm725h2s401cnu6o42y4igd8h,Kanpur - Sadak par har jagah,"Sadak par har jagah gaddhe hain, chalna bilkul mushkil ho gaya hai.",,,,28,Closed,Low,MEDIUM,false,,,Frustrated,,,,2025-02-12 16:53:33.653,2025-02-05 00:00:00,2025-02-05 00:00:00,,,,,,cm725h2ql01clu6o4dantumo0,cm725fl4x00hcu6o4h39z4fls,cm725h2rt01cmu6o42wkw67zb
cm725h2vx01cqu6o463oqw6d0,Lucknow - Ab raat ko bahar,"Ab raat ko bahar jaana mushkil ho gaya hai, kahi bhi crime ho sakta hai.",,,,11,Closed,Low,MEDIUM,false,,,Fearful,,,,2025-02-12 16:53:33.789,2025-02-05 00:00:00,2025-02-05 00:00:00,,,,,,cm725h2v401cou6o4powxt1d8,cm725fl4x00hcu6o4h39z4fls,cm725h2vn01cpu6o42otnfjgu
cm725h31x01ctu6o4247zf15q,Allahabad - Gali mein safai nahi,"Gali mein safai nahi ho rahi, har jagah gandagi bhari rehti hai.",,,,27,Open,Low,MEDIUM,false,,,Disgusted,,,,2025-02-12 16:53:34.005,2025-02-05 00:00:00,2025-02-05 00:00:00,,,,,,cm725h2z901cru6o4dih55o75,cm725fl4x00hcu6o4h39z4fls,cm725h2zz01csu6o4gyfa3ibc
cm725h35w01cwu6o4iduer31x,Meerut - Gali mein har waqt,Gali mein har waqt log aise rehte hain jo aapko dekh kar dar dete hain.,,,,8,In Progress,Low,MEDIUM,false,,,Fearful,,,,2025-02-12 16:53:34.148,2025-02-05 00:00:00,2025-02-05 00:00:00,,,,,,cm725h34i01cuu6o4rrj0lsu9,cm725fl4x00hcu6o4h39z4fls,cm725h35201cvu6o4k0h2m05u
cm725h39v01cyu6o4ithm75iu,Health Services Issue in Jhansi,सरकारी अस्पतालों में मरीजों को इलाज देने की कोई व्यवस्था नहीं है। डॉक्टर भी बुरी हालत में हैं।,Health Services,Healthcare,Public Health,8,Closed,High,MEDIUM,false,Increased medical expenses,Poor health outcomes,Helplessness,,,UP Health Services Act 2015,2025-02-12 16:53:34.291,2025-02-05 00:00:00,2025-02-05 00:00:00,,,,,None,cm725fiur00g6u6o4z0g4ml7s,cm725dg6o0005u6h4jkjbkawz,cm725h39i01cxu6o44qr6vf2w
cm725h3em01d0u6o4nxz0fgh8,Police & Law Issue in Agra,पुलिस अपराधियों के खिलाफ कोई कार्रवाई नहीं करती। अपराध बढ़ते जा रहे हैं।,Police & Law,Law Enforcement,Crime Control,21,Open,High,MEDIUM,false,Loss of business due to crime,Increased fear and insecurity among residents,Anger,,,UP Police Act 2018,2025-02-12 16:53:34.462,2025-02-05 00:00:00,2025-02-05 00:00:00,,,,,None,cm725euxa0020u6o46xzm7ojk,cm725dg830006u6h44jyrjmcn,cm725h3dn01czu6o4216g6jeo
cm725h3ip01d2u6o4npglytfn,Education Issue in Moradabad,"स्कूलों में शिक्षकों की बहुत कमी है और जो शिक्षक हैं, उनका बच्चों के प्रति कोई ध्यान नहीं है।",Education,Education,School Curriculum,4,Open,High,MEDIUM,false,Increased private tuition costs,Poor educational outcomes,Concern,,,UP Education Act 2014,2025-02-12 16:53:34.609,2025-02-05 00:00:00,2025-02-05 00:00:00,,,,,None,cm725gphu014qu6o41gy3c3hs,cm725dg9j0007u6h4tzh2udh2,cm725h3id01d1u6o48yi3mm2q
cm725h3mi01d4u6o4jw9yrsvi,Water Supply Issue in Meerut,पानी की सप्लाई कई बार नहीं आती। पानी का दबाव भी बहुत कम रहता है।,Water Supply,Utilities,Water Distribution,3,In Progress,High,MEDIUM,false,Additional water procurement costs,Disruption of daily life and hygiene,Frustration,,,UP Water Supply Act 2019,2025-02-12 16:53:34.747,2025-02-05 00:00:00,2025-02-05 00:00:00,,,,,Water wastage and contamination,cm725eu6h001cu6o4vigm0y34,cm725dgaz0008u6h4o1r9mtq7,cm725h3li01d3u6o4xy3lhi5l
cm725h3pi01d6u6o4j0u1rwcp,Electricity Issue in Bijnor,बिजली की कटौती से हम सभी परेशान हो गए हैं। कई बार दिनभर बिजली चली जाती है।,Electricity,Utilities,Power Distribution,23,Closed,High,MEDIUM,false,Increased electricity costs,Disruption of daily activities,Exhaustion,,,UP Electricity Act 2017,2025-02-12 16:53:34.854,2025-02-05 00:00:00,2025-02-05 00:00:00,,,,,Increased generator usage causing pollution,cm725f2tt007qu6o4bez55hkl,cm725dgc70009u6h4pqcjyeb5,cm725h3p701d5u6o40kqv2lwa
cm725h3t501d8u6o4xljw7wux,Garbage Issue in Kanpur,कूड़ा सड़कों पर पड़ा रहता है और सफाई कर्मचारियों का कोई ध्यान नहीं है।,Garbage,Sanitation,Garbage Collection,19,Open,High,MEDIUM,false,Increased healthcare costs,Health hazards and unhygienic conditions,Disgust,,,UP Sanitation Act 2018,2025-02-12 16:53:34.985,2025-02-05 00:00:00,2025-02-05 00:00:00,,,,,Pollution and pest infestation,cm725euhj001lu6o47cg3cj43,cm725dgdh000au6h4fagm9twc,cm725h3rr01d7u6o41vejfrle
cm725h3xb01dau6o48s8deumc,Roads Issue in Ghaziabad,सड़कों पर गड्ढे और टूटी-फूटी सड़कें बहुत बढ़ गई हैं। यह दुर्घटनाओं का कारण बन रही हैं।,Roads,Infrastructure,Road Maintenance,27,Closed,High,MEDIUM,false,Vehicle repair costs,Increased accidents and injuries,Irritation,,,UP Road Maintenance Act 2017,2025-02-12 16:53:35.135,2025-02-05 00:00:00,2025-02-05 00:00:00,,,,,Air pollution due to traffic congestion,cm725g11700p3u6o4fjyyfwrg,cm725dg3k0003u6h4e8f3kb9h,cm725h3x001d9u6o4cawuczmo
cm725h3zj01dbu6o45d1rlr0w,Public Transport Issue in Varanasi,बसों की कमी है। लंबा इंतजार करने के बाद भी बस नहीं आती।,Public Transport,Transportation,Bus Services,24,In Progress,Medium,MEDIUM,false,Loss of productivity,Inconvenience for daily commuters,Frustration,,,UP Public Transport Act 2018,2025-02-12 16:53:35.215,2025-02-05 00:00:00,2025-02-05 00:00:00,,,,,Increased pollution due to private vehicle usage,cm725g16600p6u6o44jkzah84,cm725dggi000cu6h4gbmwutvf,cm725fjpu00gmu6o45wyu6c2o
cm725h43101ddu6o40q4c5kt8,Health Services Issue in Bareilly,सरकारी अस्पतालों में डॉक्टरों की कमी है और मरीजों को ठीक से इलाज नहीं मिल पाता।,Health Services,Healthcare,Public Health,12,Closed,High,MEDIUM,false,Increased medical expenses,Poor health outcomes,Helplessness,,,UP Health Services Act 2015,2025-02-12 16:53:35.342,2025-02-05 00:00:00,2025-02-05 00:00:00,,,,,None,cm725eya10055u6o49m2dosn8,cm725dg6o0005u6h4jkjbkawz,cm725h42p01dcu6o4l0301ag8
cm725h46o01dfu6o4szvtbicg,Police & Law Issue in Gorakhpur,पुलिस का रवैया बहुत ही खराब है। कोई भी शिकायत सुनी नहीं जाती।,Police & Law,Law Enforcement,Crime Control,17,Open,High,MEDIUM,false,Loss of business due to crime,Increased fear and insecurity among residents,Anger,,,UP Police Act 2018,2025-02-12 16:53:35.472,2025-02-05 00:00:00,2025-02-05 00:00:00,,,,,None,cm725et130009u6o45e2rnkk7,cm725dg830006u6h44jyrjmcn,cm725h46c01deu6o4gp7iao11
cm725h4av01dhu6o4mcsz7ta4,Education Issue in Saharanpur,स्कूलों में पढ़ाई का स्तर बहुत खराब है। शिक्षक बच्चों को ठीक से पढ़ाने के बजाय अपनी छुट्टियां लेते रहते हैं।,Education,Education,School Curriculum,29,Open,High,MEDIUM,false,Increased private tuition costs,Poor educational outcomes,Concern,,,UP Education Act 2014,2025-02-12 16:53:35.623,2025-02-05 00:00:00,2025-02-05 00:00:00,,,,,None,cm725f38o0082u6o47edcxgkg,cm725dg9j0007u6h4tzh2udh2,cm725h49r01dgu6o4ks8fha38
cm725h4dd01dju6o4ylrmkhf7,Water Supply Issue in Muzaffarnagar,"पानी की सप्लाई बहुत अस्थिर रहती है। कभी बहुत कम पानी आता है, तो कभी बिल्कुल नहीं आता।",Water Supply,Utilities,Water Distribution,19,Open,High,MEDIUM,false,Additional water procurement costs,Disruption of daily life and hygiene,Frustration,,,UP Water Supply Act 2019,2025-02-12 16:53:35.713,2025-02-05 00:00:00,2025-02-05 00:00:00,,,,,Water wastage and contamination,cm725eu6h001cu6o4vigm0y34,cm725dgaz0008u6h4o1r9mtq7,cm725h4d201diu6o4k6zg9214
cm725h4ik01dlu6o40i3v4zeu,Electricity Issue in Aligarh,बिजली की समस्याएं और बढ़ रही हैं। गर्मी में बिजली के बिना रहना बहुत कठिन हो जाता है।,Electricity,Utilities,Power Distribution,12,In Progress,High,MEDIUM,false,Increased electricity costs,Disruption of daily activities,Exhaustion,,,UP Electricity Act 2017,2025-02-12 16:53:35.9,2025-02-05 00:00:00,2025-02-05 00:00:00,,,,,Increased generator usage causing pollution,cm725g1og00phu6o4zh6rk7qg,cm725dgc70009u6h4pqcjyeb5,cm725h4hp01dku6o4w5k0dud6
cm725h4mj01dnu6o4mdrtxdua,Garbage Issue in Lucknow,कूड़ा उठाने वाली गाड़ी कभी भी समय पर नहीं आती। कूड़ा सड़कों पर पड़ा रहता है।,Garbage,Sanitation,Garbage Collection,16,In Progress,High,MEDIUM,false,Increased healthcare costs,Health hazards and unhygienic conditions,Disgust,,,UP Sanitation Act 2018,2025-02-12 16:53:36.043,2025-02-05 00:00:00,2025-02-05 00:00:00,,,,,Pollution and pest infestation,cm725evj6002lu6o49iwg8kf9,cm725dgdh000au6h4fagm9twc,cm725h4lj01dmu6o43xpylxaj
cm725h4pt01dpu6o492ah621h,Roads Issue in Agra,सड़कें खस्ता हालत में हैं। गड्ढों के कारण गाड़ी चलाना मुश्किल हो गया है।,Roads,Infrastructure,Road Maintenance,15,Open,High,MEDIUM,false,Vehicle repair costs,Increased accidents and injuries,Irritation,,,UP Road Maintenance Act 2017,2025-02-12 16:53:36.162,2025-02-05 00:00:00,2025-02-05 00:00:00,,,,,Air pollution due to traffic congestion,cm725evg6002iu6o4g8m3pf7v,cm725dg3k0003u6h4e8f3kb9h,cm725h4pj01dou6o4pat6bdeu
cm725h4tp01dru6o4ykvyrxqr,Public Transport Issue in Jhansi,बसों की हालत बहुत खराब हो गई है। सीटें भी बहुत गंदी रहती हैं।,Public Transport,Transportation,Bus Services,8,In Progress,Medium,MEDIUM,false,Loss of productivity,Inconvenience for daily commuters,Frustration,,,UP Public Transport Act 2018,2025-02-12 16:53:36.301,2025-02-05 00:00:00,2025-02-05 00:00:00,,,,,Increased pollution due to private vehicle usage,cm725espe0000u6o40tsgshuf,cm725dggi000cu6h4gbmwutvf,cm725h4tc01dqu6o4wfc72tay
cm725h4wt01dtu6o48kbpve24,Health Services Issue in Moradabad,सरकारी अस्पतालों में दवाइयों की कमी और डॉक्टरों की अनुपस्थिति से मरीजों को बहुत तकलीफ होती है।,Health Services,Healthcare,Public Health,24,In Progress,High,MEDIUM,false,Increased medical expenses,Poor health outcomes,Helplessness,,,UP Health Services Act 2015,2025-02-12 16:53:36.413,2025-02-05 00:00:00,2025-02-05 00:00:00,,,,,None,cm725g0lu00oyu6o4is4wx4t9,cm725dg6o0005u6h4jkjbkawz,cm725h4wg01dsu6o4uthvbgdp
cm725h50g01dvu6o41yi2tiat,Police & Law Issue in Meerut,पुलिस अपराधियों के खिलाफ कार्रवाई नहीं करती। स्थिति और भी बिगड़ रही है।,Police & Law,Law Enforcement,Crime Control,14,Closed,High,MEDIUM,false,Loss of business due to crime,Increased fear and insecurity among residents,Anger,,,UP Police Act 2018,2025-02-12 16:53:36.544,2025-02-05 00:00:00,2025-02-05 00:00:00,,,,,None,cm725et130009u6o45e2rnkk7,cm725dg830006u6h44jyrjmcn,cm725h4z801duu6o4x8je2rth
cm725h55401dxu6o4tprgfbd0,Education Issue in Gorakhpur,"स्कूलों में बच्चों को सही शिक्षा नहीं मिल रही। बहुत सी चीजें जो जीवन के लिए जरूरी हैं, वो भी नहीं सिखाई जातीं।",Education,Education,School Curriculum,21,In Progress,High,MEDIUM,false,Increased private tuition costs,Poor educational outcomes,Concern,,,UP Education Act 2014,2025-02-12 16:53:36.712,2025-02-05 00:00:00,2025-02-05 00:00:00,,,,,None,cm725f76900aku6o4l8t44bnc,cm725dg9j0007u6h4tzh2udh2,cm725h54601dwu6o4n96w06i8
cm725h57n01dzu6o4om6uheor,Water Supply Issue in Mathura,पानी की सप्लाई बहुत अस्थिर हो गई है। कई बार पूरे दिन पानी नहीं आता।,Water Supply,Utilities,Water Distribution,13,Open,High,MEDIUM,false,Additional water procurement costs,Disruption of daily life and hygiene,Frustration,,,UP Water Supply Act 2019,2025-02-12 16:53:36.803,2025-02-05 00:00:00,2025-02-05 00:00:00,,,,,Water wastage and contamination,cm725g2qr00pwu6o4s19pmfay,cm725dgaz0008u6h4o1r9mtq7,cm725h57701dyu6o4dsye3t97
cm725h5bo01e1u6o4qrvkr6b3,Electricity Issue in Kanpur,गर्मी के मौसम में बिजली की कटौती बहुत बढ़ गई है। कई बार तो घंटों बिजली चली जाती है।,Electricity,Utilities,Power Distribution,16,Open,High,MEDIUM,false,Increased electricity costs,Disruption of daily activities,Exhaustion,,,UP Electricity Act 2017,2025-02-12 16:53:36.948,2025-02-05 00:00:00,2025-02-05 00:00:00,,,,,Increased generator usage causing pollution,cm725g2vg00pzu6o4pkl85lei,cm725dgc70009u6h4pqcjyeb5,cm725h5aq01e0u6o4vb6robkp
cm725h5ey01e2u6o49v7yz2ln,Health Services Issue in Kanpur,"Kanpur mein hospitals mein treatment ki quality bilkul bekar ho gayi hai, bahut der tak wait karna padta hai.",Health Services,Healthcare,Public Health,7,Closed,High,MEDIUM,false,Increased medical expenses,Poor health outcomes,Concerned,,,UP Health Services Act 2015,2025-02-12 16:53:37.067,2025-02-05 00:00:00,2025-02-05 00:00:00,,,,,None,cm725euu3001xu6o4t56rbsbj,cm725dg6o0005u6h4jkjbkawz,cm725fjj000gju6o4bq2tc8o4
cm725h5hi01e4u6o4zjm3ctrb,Roads Issue in Agra,"Agra ke main roads pe potholes hai jo kaafi dangerous hai, aur koi bhi repair ka kaam nahi ho raha hai.",Roads,Infrastructure,Road Maintenance,1,Closed,High,MEDIUM,false,Vehicle repair costs,Increased accidents and injuries,Angry,,,UP Road Maintenance Act 2017,2025-02-12 16:53:37.158,2025-02-05 00:00:00,2025-02-05 00:00:00,,,,,Air pollution due to traffic congestion,cm725g32z00q3u6o49lkygnnz,cm725dg3k0003u6h4e8f3kb9h,cm725h5h501e3u6o4m87evuc2
cm725h5l701e6u6o43a114iz0,Water Supply Issue in Moradabad,Moradabad mein paani ki supply kaafi irregular ho gayi hai. Humare ghar mein ek mahine se paani ka issue chal raha hai.,Water Supply,Utilities,Water Distribution,19,Closed,High,MEDIUM,false,Additional water procurement costs,Disruption of daily life and hygiene,Frustrated,,,UP Water Supply Act 2019,2025-02-12 16:53:37.291,2025-02-05 00:00:00,2025-02-05 00:00:00,,,,,Water wastage and contamination,cm725etmm000uu6o4ozfcze5n,cm725dgaz0008u6h4o1r9mtq7,cm725h5kx01e5u6o4e1ydcn29
cm725h5pj01e8u6o4947tqlwd,Police & Law Issue in Aligarh,"Aligarh mein police ka response kaafi slow hai. Recently kuch logon ne mujhe darpoks kiya, par police ne koi action nahi liya.",Police & Law,Law Enforcement,Crime Control,20,Open,High,MEDIUM,false,Loss of business due to crime,Increased fear and insecurity among residents,Upset,,,UP Police Act 2018,2025-02-12 16:53:37.447,2025-02-05 00:00:00,2025-02-05 00:00:00,,,,,None,cm725fkm600h3u6o4etvgs877,cm725dg830006u6h44jyrjmcn,cm725h5oe01e7u6o4c3sxixal
cm725h5tl01ebu6o4xre8dmdw,Urban Development Issue in आगरा,"हमारे इलाके में अवैध निर्माण तेजी से हो रहा है। सरकार कुछ नहीं कर रही है, जिससे ट्रैफिक की समस्या बढ़ रही है।",,Urban Development,Illegal Construction,30,In Progress,High,MEDIUM,false,Decreased property values,Increased traffic congestion,गुस्सा,,,UP Urban Development Act 2016,2025-02-12 16:53:37.594,2025-02-05 00:00:00,2025-02-05 00:00:00,,,,,Loss of green spaces,cm725h5s201e9u6o4msqucfos,cm725dgk6000fu6h4bwj5qyj4,cm725h5tc01eau6o40anrcyzb
cm725h5ww01eeu6o4919f52a2,Utilities Issue in गोरखपुर,पानी की भारी किल्लत है। हमारे इलाके में पानी के टैंकर समय पर नहीं आते और जब आते हैं तो बहुत कम पानी मिलता है।,,Utilities,Water Distribution,11,In Progress,High,MEDIUM,false,Additional water procurement costs,Disruption of daily life and hygiene,चिंता,,,UP Water Supply Act 2019,2025-02-12 16:53:37.712,2025-02-05 00:00:00,2025-02-05 00:00:00,,,,,Water wastage,cm725h5w001ecu6o49ysgyfon,cm725dgaz0008u6h4o1r9mtq7,cm725h5wk01edu6o4jdtgpjuy
cm725h61001egu6o4t9zth6su,Employment Issue in मुरादाबाद,"यहां रोजगार के कोई अवसर नहीं हैं। मैं कई महीनों से नौकरी की तलाश कर रहा हूँ, लेकिन कुछ नहीं मिल रहा।",,Employment,Job Opportunities,28,Open,High,MEDIUM,false,Decreased economic growth,Increased unemployment,निराशा,,,UP Employment Act 2017,2025-02-12 16:53:37.861,2025-02-05 00:00:00,2025-02-05 00:00:00,,,,,None,cm725gvpd018ju6o4un4oyuwv,cm725dgto000uu6h4jaf7uft4,cm725h60101efu6o4vs2vxh04
cm725h65q01eju6o4scl5yjjz,Utilities Issue in मेरठ,"बिजली के बिल लगातार बढ़ते जा रहे हैं, जबकि सप्लाई ठीक से नहीं होती। हमें सही बिल नहीं मिलता और अक्सर अधिक बिल आता है।",,Utilities,Power Distribution,9,Closed,High,MEDIUM,false,Increased electricity costs,Financial burden on residents,नाराजगी,,,UP Electricity Act 2017,2025-02-12 16:53:38.03,2025-02-05 00:00:00,2025-02-05 00:00:00,,,,,None,cm725h63s01ehu6o4ve4szlgy,cm725dgc70009u6h4pqcjyeb5,cm725h64a01eiu6o4mavjw066
cm725h6a601emu6o447teru3x,Infrastructure Issue in लखनऊ,हमारे इलाके की सड़कें बहुत खराब हो गई हैं। गड्ढों में गाड़ियाँ गिर जाती हैं और दुर्घटनाएं होती हैं।,,Infrastructure,Road Maintenance,6,Closed,High,MEDIUM,false,Vehicle repair costs,Increased accidents and injuries,गुस्सा,,,UP Road Maintenance Act 2017,2025-02-12 16:53:38.19,2025-02-05 00:00:00,2025-02-05 00:00:00,,,,,Air pollution due to traffic congestion,cm725h67l01eku6o4t8qtqd0i,cm725dg3k0003u6h4e8f3kb9h,cm725h69101elu6o4bbplmrrc
cm725h6dz01eou6o4gjkcg9ua,Law Enforcement Issue in इलाहाबाद,हमारे इलाके में बढ़ती अपराध दर के बावजूद पुलिस कुछ नहीं कर रही है। हमें खुद अपनी सुरक्षा करनी पड़ती है।,,Law Enforcement,Crime Control,29,Open,High,MEDIUM,false,Loss of business due to crime,Increased fear and insecurity among residents,नाराजगी,,,UP Police Act 2018,2025-02-12 16:53:38.327,2025-02-05 00:00:00,2025-02-05 00:00:00,,,,,None,cm725gu0t017fu6o45s4tfeo1,cm725dg830006u6h44jyrjmcn,cm725h6dn01enu6o498e97toa
cm725h6ib01eru6o4p7u1kk1x,Sanitation Issue in नोएडा,"कचरा उठाने की कोई व्यवस्था नहीं है, जिससे इलाके में गंदगी फैल रही है और पर्यावरण प्रदूषित हो रहा है।",,Sanitation,Garbage Collection,26,Closed,High,MEDIUM,false,Increased healthcare costs,Health hazards and unhygienic conditions,नाराजगी,,,UP Sanitation Act 2018,2025-02-12 16:53:38.483,2025-02-05 00:00:00,2025-02-05 00:00:00,,,,,Pollution and pest infestation,cm725h6hd01epu6o4a3isv7t5,cm725dgdh000au6h4fagm9twc,cm725h6hy01equ6o4ysp0a9to
cm725h6ll01euu6o45zix6iyn,Consumer Rights Issue in लखनऊ,"बाजार में सामान की कीमतें बहुत अधिक हैं, और दुकानदार भी मोल-भाव करते हैं। प्रशासन इस पर ध्यान नहीं दे रहा है।",,Consumer Rights,Market Regulation,25,In Progress,High,MEDIUM,false,Decreased consumer spending,Increased cost of living,नाराजगी,,,UP Consumer Protection Act 2019,2025-02-12 16:53:38.601,2025-02-05 00:00:00,2025-02-05 00:00:00,,,,,None,cm725h6kn01esu6o4pxfyag9k,cm725dgv4000vu6h4pyaidp0c,cm725h6l901etu6o4srsit71m
cm725h6rn01exu6o4r1z5t8c2,Utilities Issue in वाराणसी,"हमारे क्षेत्र में पानी की सप्लाई बहुत गंदी होती है। पानी में गंदगी और मच्छर के लार्वा होते हैं, जो बीमारी फैला रहे हैं।",,Utilities,Water Distribution,9,Closed,High,MEDIUM,false,Increased healthcare costs,Health hazards,चिंता,,,UP Water Supply Act 2019,2025-02-12 16:53:38.819,2025-02-05 00:00:00,2025-02-05 00:00:00,,,,,Water contamination,cm725h6oc01evu6o4yf4k3ciw,cm725dgaz0008u6h4o1r9mtq7,cm725h6ov01ewu6o4561esrpx
cm725h6uz01f0u6o4ow1ic6ow,Transportation Issue in गाजियाबाद,"सड़क पर ट्रैफिक की समस्या बहुत बढ़ गई है। बसों और ऑटो की संख्या कम है, जिससे यात्रा करना मुश्किल हो गया है।",,Transportation,Bus Services,26,Closed,Medium,MEDIUM,false,Loss of productivity,Inconvenience for daily commuters,गुस्सा,,,UP Public Transport Act 2018,2025-02-12 16:53:38.939,2025-02-05 00:00:00,2025-02-05 00:00:00,,,,,Increased pollution due to private vehicle usage,cm725h6u601eyu6o49yqwf816,cm725dggi000cu6h4gbmwutvf,cm725h6un01ezu6o4qp71qq96
cm725h6zk01f3u6o403in9e84,Education Issue in बरेली,स्कूलों में शिक्षा की गुणवत्ता बहुत खराब हो गई है। शिक्षकों की अनुपस्थिति और पुराने पाठ्यक्रम से बच्चों का भविष्य प्रभावित हो रहा है।,,Education,School Curriculum,6,Open,High,MEDIUM,false,Increased private tuition costs,Poor educational outcomes,निराशा,,,UP Education Act 2014,2025-02-12 16:53:39.104,2025-02-05 00:00:00,2025-02-05 00:00:00,,,,,None,cm725h6xp01f1u6o4itfhuorq,cm725dg9j0007u6h4tzh2udh2,cm725h6z801f2u6o4l6g4q6pw
cm725h73n01f6u6o4h7grbcm3,Law Enforcement Issue in झांसी,हमारे इलाके में अपराध बढ़ते जा रहे हैं। पुलिस कार्रवाई नहीं करती और अपराधियों को सजा नहीं मिलती।,,Law Enforcement,Crime Control,11,In Progress,High,MEDIUM,false,Loss of business due to crime,Increased fear and insecurity among residents,डर,,,UP Police Act 2018,2025-02-12 16:53:39.252,2025-02-05 00:00:00,2025-02-05 00:00:00,,,,,None,cm725h72s01f4u6o4mj1rfhya,cm725dg830006u6h44jyrjmcn,cm725h73d01f5u6o482huqnrt
cm725h77p01f9u6o4j5znae60,Infrastructure Issue in फतेहपुर,"हमारे इलाके में सड़क दुर्घटनाएं लगातार हो रही हैं, और प्रशासन इस पर कोई ठोस कदम नहीं उठा रहा है।",,Infrastructure,Road Maintenance,29,Closed,High,MEDIUM,false,Vehicle repair costs,Increased accidents and injuries,चिंता,,,UP Road Maintenance Act 2017,2025-02-12 16:53:39.397,2025-02-05 00:00:00,2025-02-05 00:00:00,,,,,Air pollution due to traffic congestion,cm725h75r01f7u6o4g0ek7wgs,cm725dg3k0003u6h4e8f3kb9h,cm725h77901f8u6o4g3wt7vfo
cm725h7dn01fcu6o4k7a86et1,Employment Issue in उन्नाव,हमारे क्षेत्र में नौकरी की कोई वैध व्यवस्था नहीं है। युवा वर्ग रोजगार की तलाश में बहुत परेशान है।,,Employment,Job Opportunities,28,In Progress,High,MEDIUM,false,Decreased economic growth,Increased unemployment,निराशा,,,UP Employment Act 2017,2025-02-12 16:53:39.611,2025-02-05 00:00:00,2025-02-05 00:00:00,,,,,None,cm725h7ab01fau6o4qjy11vks,cm725dgto000uu6h4jaf7uft4,cm725h7db01fbu6o4f7tjtbbr
cm725h7gu01ffu6o4483fitu2,Social Welfare Issue in बस्ती,"राशन कार्ड के लिए हमें महीनों तक इंतजार करना पड़ता है, और कभी-कभी कार्ड मिलने में भी दिक्कतें आती हैं।",,Social Welfare,Ration Card Distribution,3,Closed,High,MEDIUM,false,Financial burden on residents,Increased food insecurity,नाराजगी,,,UP Food Security Act 2013,2025-02-12 16:53:39.726,2025-02-05 00:00:00,2025-02-05 00:00:00,,,,,None,cm725h7fu01fdu6o4hvl7yfnn,cm725dgwf000wu6h4xx4n22q9,cm725h7gh01feu6o4ubphmaoj
cm725h7mp01fiu6o4v2cne7l8,Economy Issue in मथुरा,"पेट्रोल और डीजल की कीमतें आसमान छू रही हैं, जिससे यात्री और आम आदमी दोनों परेशान हैं।",,Economy,Fuel Prices,28,In Progress,High,MEDIUM,false,Decreased consumer spending,Increased cost of living,नाराजगी,,,UP Fuel Price Regulation Act 2018,2025-02-12 16:53:39.937,2025-02-05 00:00:00,2025-02-05 00:00:00,,,,,Increased pollution,cm725h7jy01fgu6o47x4lmes5,cm725dgxt000xu6h4670vuanc,cm725h7lg01fhu6o4w4hdaunm
cm725h7re01fku6o469ls2if7,Urban Development Issue in फैजाबाद,"हमारे इलाके में बुनियादी ढांचे की कमी है, जैसे कि सीवर, सड़कें, और स्वच्छता की कोई सुविधा नहीं है।",,Urban Development,Infrastructure,27,In Progress,High,MEDIUM,false,Decreased property values,Decreased quality of life,निराशा,,,UP Urban Development Act 2016,2025-02-12 16:53:40.106,2025-02-05 00:00:00,2025-02-05 00:00:00,,,,,Pollution and health hazards,cm725gga800yku6o4s7rzp8pw,cm725dgk6000fu6h4bwj5qyj4,cm725h7po01fju6o4do7mdu0f
cm725h7u601fnu6o4zkui2h13,Law Enforcement Issue in लखीमपुर,हमारे इलाके में महिलाओं की सुरक्षा को लेकर कोई ठोस कदम नहीं उठाए जा रहे। सड़कें सुनसान रहती हैं और पुलिस का कोई भी ध्यान नहीं है।,,Law Enforcement,Women Safety,9,In Progress,High,MEDIUM,false,Decreased economic participation of women,Increased fear and insecurity among women,डर,,,UP Women Safety Act 2018,2025-02-12 16:53:40.206,2025-02-05 00:00:00,2025-02-05 00:00:00,,,,,None,cm725h7ta01flu6o4wptcugff,cm725dg830006u6h44jyrjmcn,cm725h7tv01fmu6o43dpebgps
cm725h7z601fpu6o4pyrd4rek,Sanitation Issue in गोरखपुर,"स्वच्छता अभियान सिर्फ कागजों तक ही सीमित है, जमीन पर इसका कोई असर नहीं हो रहा है। इलाके में कचरा पड़ा रहता है।",,Sanitation,Garbage Collection,21,In Progress,High,MEDIUM,false,Increased healthcare costs,Health hazards and unhygienic conditions,नाराजगी,,,UP Sanitation Act 2018,2025-02-12 16:53:40.386,2025-02-05 00:00:00,2025-02-05 00:00:00,,,,,Pollution and pest infestation,cm725exh1004eu6o4irurlwiz,cm725dgdh000au6h4fagm9twc,cm725h7yw01fou6o4e0kjvzse
cm725h83301fsu6o4u5ei0bqz,Transportation Issue in लखनऊ,लखनऊ में ट्रेन सुविधा बहुत खराब हो गई है। ट्रेनों में भीड़ बहुत होती है और ट्रेन समय पर नहीं चलती।,,Transportation,Train Services,17,In Progress,Medium,MEDIUM,false,Loss of productivity,Inconvenience for daily commuters,निराशा,,,UP Public Transport Act 2018,2025-02-12 16:53:40.527,2025-02-05 00:00:00,2025-02-05 00:00:00,,,,,Increased pollution due to private vehicle usage,cm725h81601fqu6o455jufpjd,cm725dggi000cu6h4gbmwutvf,cm725h82s01fru6o4x115zn4h
cm725h88v01fvu6o4q1v4xyuj,Finance Issue in कन्नौज,बैंक में कर्मचारियों की कमी है। कस्टमर सर्विस खराब है और लंबी लाइनों के कारण समय बर्बाद होता है।,,Finance,Banking Services,30,Closed,Medium,MEDIUM,false,Loss of productivity,Inconvenience for customers,नाराजगी,,,UP Banking Services Act 2017,2025-02-12 16:53:40.735,2025-02-05 00:00:00,2025-02-05 00:00:00,,,,,None,cm725h87f01ftu6o4jvwnq90q,cm725dgzm000yu6h4ywfzbf9r,cm725h87v01fuu6o4lks1sqyi
cm725h8co01fxu6o41zil9tsp,Health Services Issue in Jhansi,सरकारी अस्पतालों में मरीजों को इलाज देने की कोई व्यवस्था नहीं है। डॉक्टर भी बुरी हालत में हैं।,Health Services,Healthcare,Public Health,28,In Progress,High,MEDIUM,false,Increased medical expenses,Poor health outcomes,Helplessness,,,UP Health Services Act 2015,2025-02-12 16:53:40.872,2025-02-05 00:00:00,2025-02-05 00:00:00,,,,,None,cm725fiur00g6u6o4z0g4ml7s,cm725dg6o0005u6h4jkjbkawz,cm725h8cd01fwu6o4f7r54qfr
cm725h8ky01fyu6o4dcgefzxl,Police & Law Issue in Agra,पुलिस अपराधियों के खिलाफ कोई कार्रवाई नहीं करती। अपराध बढ़ते जा रहे हैं।,Police & Law,Law Enforcement,Crime Control,6,Open,High,MEDIUM,false,Loss of business due to crime,Increased fear and insecurity among residents,Anger,,,UP Police Act 2018,2025-02-12 16:53:41.17,2025-02-05 00:00:00,2025-02-05 00:00:00,,,,,None,cm725euxa0020u6o46xzm7ojk,cm725dg830006u6h44jyrjmcn,cm725fcoz00d8u6o478l1axse
cm725h8th01g0u6o47v943ecg,Education Issue in Moradabad,"स्कूलों में शिक्षकों की बहुत कमी है और जो शिक्षक हैं, उनका बच्चों के प्रति कोई ध्यान नहीं है।",Education,Education,School Curriculum,2,Closed,High,MEDIUM,false,Increased private tuition costs,Poor educational outcomes,Concern,,,UP Education Act 2014,2025-02-12 16:53:41.477,2025-02-05 00:00:00,2025-02-05 00:00:00,,,,,None,cm725gphu014qu6o41gy3c3hs,cm725dg9j0007u6h4tzh2udh2,cm725h8sd01fzu6o4g4co6wtn
cm725h8wn01g1u6o4wagkrt4u,Water Supply Issue in Meerut,पानी की सप्लाई कई बार नहीं आती। पानी का दबाव भी बहुत कम रहता है।,Water Supply,Utilities,Water Distribution,17,Closed,High,MEDIUM,false,Additional water procurement costs,Disruption of daily life and hygiene,Frustration,,,UP Water Supply Act 2019,2025-02-12 16:53:41.591,2025-02-05 00:00:00,2025-02-05 00:00:00,,,,,Water wastage and contamination,cm725eu6h001cu6o4vigm0y34,cm725dgaz0008u6h4o1r9mtq7,cm725fgpv00f3u6o4n7nxf81v
cm725h91001g3u6o4qgutfo1s,Electricity Issue in Bijnor,बिजली की कटौती से हम सभी परेशान हो गए हैं। कई बार दिनभर बिजली चली जाती है।,Electricity,Utilities,Power Distribution,19,Open,High,MEDIUM,false,Increased electricity costs,Disruption of daily activities,Exhaustion,,,UP Electricity Act 2017,2025-02-12 16:53:41.748,2025-02-05 00:00:00,2025-02-05 00:00:00,,,,,Increased generator usage causing pollution,cm725f2tt007qu6o4bez55hkl,cm725dgc70009u6h4pqcjyeb5,cm725h90f01g2u6o429060jbh
cm725h94y01g5u6o4j5bpjnuw,Garbage Issue in Kanpur,कूड़ा सड़कों पर पड़ा रहता है और सफाई कर्मचारियों का कोई ध्यान नहीं है।,Garbage,Sanitation,Garbage Collection,15,In Progress,High,MEDIUM,false,Increased healthcare costs,Health hazards and unhygienic conditions,Disgust,,,UP Sanitation Act 2018,2025-02-12 16:53:41.89,2025-02-05 00:00:00,2025-02-05 00:00:00,,,,,Pollution and pest infestation,cm725euhj001lu6o47cg3cj43,cm725dgdh000au6h4fagm9twc,cm725h93t01g4u6o47p6hojch
cm725h99f01g7u6o4qgv6stwy,Roads Issue in Ghaziabad,सड़कों पर गड्ढे और टूटी-फूटी सड़कें बहुत बढ़ गई हैं। यह दुर्घटनाओं का कारण बन रही हैं।,Roads,Infrastructure,Road Maintenance,26,Closed,High,MEDIUM,false,Vehicle repair costs,Increased accidents and injuries,Irritation,,,UP Road Maintenance Act 2017,2025-02-12 16:53:42.051,2025-02-05 00:00:00,2025-02-05 00:00:00,,,,,Air pollution due to traffic congestion,cm725g11700p3u6o4fjyyfwrg,cm725dg3k0003u6h4e8f3kb9h,cm725h98g01g6u6o4l1ahokh9
cm725h9bo01g8u6o4yoq3kx97,Public Transport Issue in Varanasi,बसों की कमी है। लंबा इंतजार करने के बाद भी बस नहीं आती।,Public Transport,Transportation,Bus Services,17,Closed,Medium,MEDIUM,false,Loss of productivity,Inconvenience for daily commuters,Frustration,,,UP Public Transport Act 2018,2025-02-12 16:53:42.132,2025-02-05 00:00:00,2025-02-05 00:00:00,,,,,Increased pollution due to private vehicle usage,cm725g16600p6u6o44jkzah84,cm725dggi000cu6h4gbmwutvf,cm725f3re008hu6o4o7dmglk0
cm725h9fg01gau6o48rqn6i5r,Health Services Issue in Bareilly,सरकारी अस्पतालों में डॉक्टरों की कमी है और मरीजों को ठीक से इलाज नहीं मिल पाता।,Health Services,Healthcare,Public Health,22,In Progress,High,MEDIUM,false,Increased medical expenses,Poor health outcomes,Helplessness,,,UP Health Services Act 2015,2025-02-12 16:53:42.268,2025-02-05 00:00:00,2025-02-05 00:00:00,,,,,None,cm725eya10055u6o49m2dosn8,cm725dg6o0005u6h4jkjbkawz,cm725h9f701g9u6o4jmmez3yw
cm725h9k201gcu6o4g8knwkir,Police & Law Issue in Gorakhpur,पुलिस का रवैया बहुत ही खराब है। कोई भी शिकायत सुनी नहीं जाती।,Police & Law,Law Enforcement,Crime Control,26,Closed,High,MEDIUM,false,Loss of business due to crime,Increased fear and insecurity among residents,Anger,,,UP Police Act 2018,2025-02-12 16:53:42.434,2025-02-05 00:00:00,2025-02-05 00:00:00,,,,,None,cm725et130009u6o45e2rnkk7,cm725dg830006u6h44jyrjmcn,cm725h9iw01gbu6o4kzg5fqqm
cm725h9pc01geu6o4qw0gjpf2,Education Issue in Saharanpur,स्कूलों में पढ़ाई का स्तर बहुत खराब है। शिक्षक बच्चों को ठीक से पढ़ाने के बजाय अपनी छुट्टियां लेते रहते हैं।,Education,Education,School Curriculum,3,In Progress,High,MEDIUM,false,Increased private tuition costs,Poor educational outcomes,Concern,,,UP Education Act 2014,2025-02-12 16:53:42.624,2025-02-05 00:00:00,2025-02-05 00:00:00,,,,,None,cm725f38o0082u6o47edcxgkg,cm725dg9j0007u6h4tzh2udh2,cm725h9p201gdu6o4s4ucx6k9
cm725h9sw01ggu6o4wvzxcexk,Water Supply Issue in Muzaffarnagar,"पानी की सप्लाई बहुत अस्थिर रहती है। कभी बहुत कम पानी आता है, तो कभी बिल्कुल नहीं आता।",Water Supply,Utilities,Water Distribution,15,Open,High,MEDIUM,false,Additional water procurement costs,Disruption of daily life and hygiene,Frustration,,,UP Water Supply Act 2019,2025-02-12 16:53:42.752,2025-02-05 00:00:00,2025-02-05 00:00:00,,,,,Water wastage and contamination,cm725eu6h001cu6o4vigm0y34,cm725dgaz0008u6h4o1r9mtq7,cm725h9s201gfu6o43as13ddl
cm725h9yh01giu6o4ap0cfenx,Electricity Issue in Aligarh,बिजली की समस्याएं और बढ़ रही हैं। गर्मी में बिजली के बिना रहना बहुत कठिन हो जाता है।,Electricity,Utilities,Power Distribution,14,Open,High,MEDIUM,false,Increased electricity costs,Disruption of daily activities,Exhaustion,,,UP Electricity Act 2017,2025-02-12 16:53:42.953,2025-02-05 00:00:00,2025-02-05 00:00:00,,,,,Increased generator usage causing pollution,cm725g1og00phu6o4zh6rk7qg,cm725dgc70009u6h4pqcjyeb5,cm725h9wy01ghu6o4j6ssh777
cm725ha2o01gku6o4mhxjdm5a,Garbage Issue in Lucknow,कूड़ा उठाने वाली गाड़ी कभी भी समय पर नहीं आती। कूड़ा सड़कों पर पड़ा रहता है।,Garbage,Sanitation,Garbage Collection,20,Closed,High,MEDIUM,false,Increased healthcare costs,Health hazards and unhygienic conditions,Disgust,,,UP Sanitation Act 2018,2025-02-12 16:53:43.104,2025-02-05 00:00:00,2025-02-05 00:00:00,,,,,Pollution and pest infestation,cm725evj6002lu6o49iwg8kf9,cm725dgdh000au6h4fagm9twc,cm725ha2801gju6o4h3frw892
cm725ha6001gmu6o40wrbz2r7,Roads Issue in Agra,सड़कें खस्ता हालत में हैं। गड्ढों के कारण गाड़ी चलाना मुश्किल हो गया है।,Roads,Infrastructure,Road Maintenance,19,Closed,High,MEDIUM,false,Vehicle repair costs,Increased accidents and injuries,Irritation,,,UP Road Maintenance Act 2017,2025-02-12 16:53:43.224,2025-02-05 00:00:00,2025-02-05 00:00:00,,,,,Air pollution due to traffic congestion,cm725evg6002iu6o4g8m3pf7v,cm725dg3k0003u6h4e8f3kb9h,cm725ha4w01glu6o4d1h63d7e
cm725ha9k01gou6o4lmaafcg2,Public Transport Issue in Jhansi,बसों की हालत बहुत खराब हो गई है। सीटें भी बहुत गंदी रहती हैं।,Public Transport,Transportation,Bus Services,15,Open,Medium,MEDIUM,false,Loss of productivity,Inconvenience for daily commuters,Frustration,,,UP Public Transport Act 2018,2025-02-12 16:53:43.352,2025-02-05 00:00:00,2025-02-05 00:00:00,,,,,Increased pollution due to private vehicle usage,cm725espe0000u6o40tsgshuf,cm725dggi000cu6h4gbmwutvf,cm725ha9701gnu6o4axolnwr1
cm725had501gqu6o4xhi67o1x,Health Services Issue in Moradabad,सरकारी अस्पतालों में दवाइयों की कमी और डॉक्टरों की अनुपस्थिति से मरीजों को बहुत तकलीफ होती है।,Health Services,Healthcare,Public Health,6,In Progress,High,MEDIUM,false,Increased medical expenses,Poor health outcomes,Helplessness,,,UP Health Services Act 2015,2025-02-12 16:53:43.481,2025-02-05 00:00:00,2025-02-05 00:00:00,,,,,None,cm725g0lu00oyu6o4is4wx4t9,cm725dg6o0005u6h4jkjbkawz,cm725hac201gpu6o4t2kehd9f
cm725hagl01gsu6o49fkeceug,Police & Law Issue in Meerut,पुलिस अपराधियों के खिलाफ कार्रवाई नहीं करती। स्थिति और भी बिगड़ रही है।,Police & Law,Law Enforcement,Crime Control,27,Open,High,MEDIUM,false,Loss of business due to crime,Increased fear and insecurity among residents,Anger,,,UP Police Act 2018,2025-02-12 16:53:43.606,2025-02-05 00:00:00,2025-02-05 00:00:00,,,,,None,cm725et130009u6o45e2rnkk7,cm725dg830006u6h44jyrjmcn,cm725hafb01gru6o4r21cixpd
cm725hakb01guu6o44ircfacy,Education Issue in Gorakhpur,"स्कूलों में बच्चों को सही शिक्षा नहीं मिल रही। बहुत सी चीजें जो जीवन के लिए जरूरी हैं, वो भी नहीं सिखाई जातीं।",Education,Education,School Curriculum,2,Closed,High,MEDIUM,false,Increased private tuition costs,Poor educational outcomes,Concern,,,UP Education Act 2014,2025-02-12 16:53:43.739,2025-02-05 00:00:00,2025-02-05 00:00:00,,,,,None,cm725f76900aku6o4l8t44bnc,cm725dg9j0007u6h4tzh2udh2,cm725hak001gtu6o47t4laua0
cm725haom01gwu6o4xiu6xk1z,Water Supply Issue in Mathura,पानी की सप्लाई बहुत अस्थिर हो गई है। कई बार पूरे दिन पानी नहीं आता।,Water Supply,Utilities,Water Distribution,12,Closed,High,MEDIUM,false,Additional water procurement costs,Disruption of daily life and hygiene,Frustration,,,UP Water Supply Act 2019,2025-02-12 16:53:43.894,2025-02-05 00:00:00,2025-02-05 00:00:00,,,,,Water wastage and contamination,cm725g2qr00pwu6o4s19pmfay,cm725dgaz0008u6h4o1r9mtq7,cm725hanh01gvu6o46pe330xs
cm725hasx01gyu6o4wxr0j8hr,Electricity Issue in Kanpur,गर्मी के मौसम में बिजली की कटौती बहुत बढ़ गई है। कई बार तो घंटों बिजली चली जाती है।,Electricity,Utilities,Power Distribution,21,In Progress,High,MEDIUM,false,Increased electricity costs,Disruption of daily activities,Exhaustion,,,UP Electricity Act 2017,2025-02-12 16:53:44.049,2025-02-05 00:00:00,2025-02-05 00:00:00,,,,,Increased generator usage causing pollution,cm725g2vg00pzu6o4pkl85lei,cm725dgc70009u6h4pqcjyeb5,cm725hart01gxu6o4xyry5biw
cm725hawv01h0u6o4c8ececjf,Health Services Issue in Kanpur,"Kanpur mein hospitals mein treatment ki quality bilkul bekar ho gayi hai, bahut der tak wait karna padta hai.",Health Services,Healthcare,Public Health,22,Open,High,MEDIUM,false,Increased medical expenses,Poor health outcomes,Concerned,,,UP Health Services Act 2015,2025-02-12 16:53:44.191,2025-02-05 00:00:00,2025-02-05 00:00:00,,,,,None,cm725euu3001xu6o4t56rbsbj,cm725dg6o0005u6h4jkjbkawz,cm725hawk01gzu6o43njrksmh
cm725hb0101h2u6o4oshilpa3,Roads Issue in Agra,"Agra ke main roads pe potholes hai jo kaafi dangerous hai, aur koi bhi repair ka kaam nahi ho raha hai.",Roads,Infrastructure,Road Maintenance,3,In Progress,High,MEDIUM,false,Vehicle repair costs,Increased accidents and injuries,Angry,,,UP Road Maintenance Act 2017,2025-02-12 16:53:44.305,2025-02-05 00:00:00,2025-02-05 00:00:00,,,,,Air pollution due to traffic congestion,cm725g32z00q3u6o49lkygnnz,cm725dg3k0003u6h4e8f3kb9h,cm725hazo01h1u6o44q2leloa
cm725hb4b01h4u6o4hxbis6r8,Water Supply Issue in Moradabad,Moradabad mein paani ki supply kaafi irregular ho gayi hai. Humare ghar mein ek mahine se paani ka issue chal raha hai.,Water Supply,Utilities,Water Distribution,17,In Progress,High,MEDIUM,false,Additional water procurement costs,Disruption of daily life and hygiene,Frustrated,,,UP Water Supply Act 2019,2025-02-12 16:53:44.459,2025-02-05 00:00:00,2025-02-05 00:00:00,,,,,Water wastage and contamination,cm725etmm000uu6o4ozfcze5n,cm725dgaz0008u6h4o1r9mtq7,cm725hb2p01h3u6o47xnxtl1k
cm725hbaj01h6u6o4jlwsplbm,Police & Law Issue in Aligarh,"Aligarh mein police ka response kaafi slow hai. Recently kuch logon ne mujhe darpoks kiya, par police ne koi action nahi liya.",Police & Law,Law Enforcement,Crime Control,19,In Progress,High,MEDIUM,false,Loss of business due to crime,Increased fear and insecurity among residents,Upset,,,UP Police Act 2018,2025-02-12 16:53:44.683,2025-02-05 00:00:00,2025-02-05 00:00:00,,,,,None,cm725fkm600h3u6o4etvgs877,cm725dg830006u6h44jyrjmcn,cm725hb9501h5u6o4yvxdkhba
cm725hbfc01h8u6o470sqsbyg,Utilities Issue in Gorakhpur,"Our water supply is always interrupted, and sometimes we don’t get water for days. This needs to be resolved immediately.",,Utilities,Water Distribution,12,In Progress,High,MEDIUM,false,Additional water procurement costs,Disruption of daily life and hygiene,Irritation,,,UP Water Supply Act 2019,2025-02-12 16:53:44.856,2025-02-05 00:00:00,2025-02-05 00:00:00,,,,,Water wastage and contamination,cm725fiur00g6u6o4z0g4ml7s,cm725dgaz0008u6h4o1r9mtq7,cm725hbe501h7u6o4q3emssnn
cm725hbjg01hbu6o42lmgku7p,Transportation Issue in Lucknow,"Lucknow’s roads are always packed with traffic. It's especially worse during rush hours, and it’s taking up too much of my time.",,Transportation,Traffic Management,18,Open,High,MEDIUM,false,Loss of productivity,Inconvenience for daily commuters,Annoyance,,,UP Traffic Management Act 2018,2025-02-12 16:53:45.004,2025-02-05 00:00:00,2025-02-05 00:00:00,,,,,Increased pollution due to traffic congestion,cm725hbhe01h9u6o46hzzzdgy,cm725dh1e000zu6h4sxki18bd,cm725hbj401hau6o4f9zs8lcp
cm725hbo801heu6o4yv7f594o,Infrastructure Issue in Basti,"Every monsoon, my house gets flooded. The authorities haven’t fixed the drainage system yet, which worsens the situation every year.",,Infrastructure,Flood Control,21,In Progress,High,MEDIUM,false,Increased repair and relocation costs,Displacement and property damage,Fear,,,UP Flood Management Act 2017,2025-02-12 16:53:45.176,2025-02-05 00:00:00,2025-02-05 00:00:00,,,,,Water contamination and soil erosion,cm725hbmw01hcu6o43a6uqhh6,cm725dh2l0010u6h4vffjc33n,cm725hbnv01hdu6o44ujc2rod
cm725hbtg01hhu6o49ddhm7fe,Utilities Issue in Ghaziabad,"The water supplied in my area is contaminated. We are forced to buy bottled water, which is becoming very expensive.",,Utilities,Water Quality,22,Closed,High,MEDIUM,false,Increased healthcare and bottled water costs,Health hazards,Concern,,,UP Water Quality Act 2016,2025-02-12 16:53:45.365,2025-02-05 00:00:00,2025-02-05 00:00:00,,,,,Plastic waste from bottled water,cm725hbrp01hfu6o485gofnug,cm725dgli000gu6h4ldtj08z8,cm725hbsc01hgu6o4a64t5oh5
cm725hbx401hku6o4rfog7ynm,Sanitation Issue in Meerut,The public toilets in our area are always dirty and unusable. This is a major hygiene concern.,,Sanitation,Public Toilets,25,In Progress,High,MEDIUM,false,Increased healthcare costs,Health hazards and unhygienic conditions,Disgust,,,UP Sanitation Act 2018,2025-02-12 16:53:45.497,2025-02-05 00:00:00,2025-02-05 00:00:00,,,,,Pollution and pest infestation,cm725hbvd01hiu6o4edt7lzy5,cm725dgdh000au6h4fagm9twc,cm725hbwd01hju6o4lrikubl0
cm725hc0s01hmu6o4iozkvw8b,Infrastructure Issue in Aligarh,"There are no road safety measures in our area. The roads are narrow, and there are no signages, which makes it dangerous for pedestrians and drivers.",,Infrastructure,Road Safety,6,In Progress,High,MEDIUM,false,Vehicle repair and medical costs,Increased accidents and injuries,Anger,,,UP Road Safety Act 2017,2025-02-12 16:53:45.628,2025-02-05 00:00:00,2025-02-05 00:00:00,,,,,None,cm725hbz801hlu6o4hpymmed2,cm725dh400011u6h42dk827m2,cm725g3cj00q8u6o47244n8w4
cm725hc3n01hnu6o4ym6toi1d,Sanitation Issue in Kanpur,"The sanitation services are terrible. The garbage piles up for days, and it affects the whole neighborhood.",,Sanitation,Garbage Collection,11,In Progress,High,MEDIUM,false,Increased healthcare costs,Health hazards and unhygienic conditions,Anger,,,UP Sanitation Act 2018,2025-02-12 16:53:45.731,2025-02-05 00:00:00,2025-02-05 00:00:00,,,,,Pollution and pest infestation,cm725foih00j5u6o47kpg2ojk,cm725dgdh000au6h4fagm9twc,cm725fjj000gju6o4bq2tc8o4
cm725hc7701hpu6o4i8aufu23,Healthcare Issue in Fatehpur,The government hospitals are understaffed and lack basic facilities. I had to take my wife to a private hospital for treatment.,,Healthcare,Public Health,11,In Progress,High,MEDIUM,false,Increased medical expenses,Poor health outcomes,Disappointment,,,UP Health Services Act 2015,2025-02-12 16:53:45.859,2025-02-05 00:00:00,2025-02-05 00:00:00,,,,,None,cm725gphu014qu6o41gy3c3hs,cm725dg6o0005u6h4jkjbkawz,cm725hc6u01hou6o4y871ei2r
cm725hcal01hru6o4758vw08f,Governance Issue in Varanasi,The police and government offices are full of corruption. I had to pay a bribe for a simple license renewal process.,,Governance,Corruption Control,25,Open,High,MEDIUM,false,Increased costs due to bribes,Erosion of public trust,Frustration,,,UP Anti-Corruption Act 2016,2025-02-12 16:53:45.981,2025-02-05 00:00:00,2025-02-05 00:00:00,,,,,None,cm725eynd005gu6o4resh0jrb,cm725dh5e0012u6h479zkreaz,cm725hc9f01hqu6o42gkmhffk
cm725hcei01htu6o4fufr2z6d,Utilities Issue in Moradabad,"We face severe water scarcity in our area. The water tanker doesn't arrive on time, and the available water is not enough for the whole family.",,Utilities,Water Distribution,10,Closed,High,MEDIUM,false,Additional water procurement costs,Disruption of daily life and hygiene,Frustration,,,UP Water Supply Act 2019,2025-02-12 16:53:46.122,2025-02-05 00:00:00,2025-02-05 00:00:00,,,,,Water wastage and contamination,cm725fvvg00mtu6o4cpabq1b5,cm725dgaz0008u6h4o1r9mtq7,cm725hce801hsu6o4yd38l8by
cm725hcjj01hwu6o4eozd8405,Infrastructure Issue in Lucknow,"The street lights in our locality are not working properly. It’s unsafe to walk after dark, especially for women and children.",,Infrastructure,Street Lighting,2,Closed,High,MEDIUM,false,Increased security costs,Increased accidents and crime,Frustration,,,UP Street Lighting Act 2017,2025-02-12 16:53:46.303,2025-02-05 00:00:00,2025-02-05 00:00:00,,,,,None,cm725hch801huu6o43w30nov5,cm725dh6r0013u6h41cjnqq28,cm725hcj901hvu6o4rr89slnt
cm725hcn101hzu6o4mbxnzxfy,Environment Issue in Noida,"There is constant noise pollution in Noida, especially from construction sites and honking cars. It’s hard to concentrate on work or rest.",,Environment,Noise Control,9,In Progress,High,MEDIUM,false,Increased healthcare costs,Health hazards and stress,Annoyance,,,UP Noise Pollution Act 2016,2025-02-12 16:53:46.429,2025-02-05 00:00:00,2025-02-05 00:00:00,,,,,Noise pollution,cm725hcle01hxu6o4uy6wjs8t,cm725dh7z0014u6h48f1o32jf,cm725hcmr01hyu6o4wzepluy2
cm725hcqi01i1u6o4ekmusrte,Transportation Issue in Meerut,"Public transport is unreliable here. The buses are late, and there are no fixed schedules, which makes commuting a hassle.",,Transportation,Bus Services,19,Closed,Medium,MEDIUM,false,Loss of productivity,Inconvenience for daily commuters,Frustration,,,UP Public Transport Act 2018,2025-02-12 16:53:46.554,2025-02-05 00:00:00,2025-02-05 00:00:00,,,,,Increased pollution due to private vehicle usage,cm725g3z700qmu6o4h6ge3oiu,cm725dggi000cu6h4gbmwutvf,cm725hcq801i0u6o4b82bg3r8
cm725hctz01i3u6o4yofi5ra4,Governance Issue in Varanasi,"Illegal encroachments are happening in my locality. Shops and kiosks are built on footpaths, blocking pathways for pedestrians.",,Governance,Encroachment Control,5,In Progress,High,MEDIUM,false,Loss of business for legal shops,Inconvenience for pedestrians,Anger,,,UP Encroachment Control Act 2017,2025-02-12 16:53:46.679,2025-02-05 00:00:00,2025-02-05 00:00:00,,,,,None,cm725hctb01i2u6o4s5o7qqqc,cm725dh9h0015u6h4t5wwsnen,cm725gfad00xvu6o4kpkj6oat
cm725hcxm01i5u6o4zw5ulvng,Healthcare Issue in Agra,"The hospitals in Agra are overcrowded, and there is a lack of proper medical attention. It takes hours to get even a basic consultation.",,Healthcare,Public Health,9,Closed,High,MEDIUM,false,Increased medical expenses,Poor health outcomes,Frustration,,,UP Health Services Act 2015,2025-02-12 16:53:46.81,2025-02-05 00:00:00,2025-02-05 00:00:00,,,,,None,cm725hcw101i4u6o464pl4j7m,cm725dg6o0005u6h4jkjbkawz,cm725fedq00dxu6o4l4u6f9tb
cm725hd1z01i8u6o46bsuemq6,Utilities Issue in Lucknow,The internet connectivity in my area is very poor. I can't even complete basic tasks like attending online meetings without interruptions.,,Utilities,Internet Services,20,In Progress,High,MEDIUM,false,Increased costs for alternative internet solutions,Disruption of daily activities,Irritation,,,UP Internet Connectivity Act 2018,2025-02-12 16:53:46.968,2025-02-05 00:00:00,2025-02-05 00:00:00,,,,,None,cm725hd0g01i6u6o4zvnycigd,cm725dhax0016u6h4hi9y0qoy,cm725hd0y01i7u6o47fjlokya
cm725hd5x01ibu6o42rh95748,Transportation Issue in Bareilly,The buses in Bareilly are very few and always overcrowded. We need more buses on the routes to ease the travel burden.,,Transportation,Bus Services,15,In Progress,Medium,MEDIUM,false,Loss of productivity,Inconvenience for daily commuters,Annoyance,,,UP Public Transport Act 2018,2025-02-12 16:53:47.109,2025-02-05 00:00:00,2025-02-05 00:00:00,,,,,Increased pollution due to private vehicle usage,cm725hd5501i9u6o4n3z65wry,cm725dggi000cu6h4gbmwutvf,cm725hd5n01iau6o4bltlpsv7
cm725hdbm01ieu6o4svb80op7,Governance Issue in Aligarh,The ration shops are selling food at higher rates and giving poor quality items. This corruption needs to stop immediately.,,Governance,Corruption Control,28,In Progress,High,MEDIUM,false,Increased costs due to corruption,Erosion of public trust,Anger,,,UP Anti-Corruption Act 2016,2025-02-12 16:53:47.314,2025-02-05 00:00:00,2025-02-05 00:00:00,,,,,None,cm725hd8k01icu6o426rs74z9,cm725dh5e0012u6h479zkreaz,cm725hdbb01idu6o4dkgzbp95
cm725hdft01ihu6o4j2z5gnje,Infrastructure Issue in Lucknow,There are no proper parks or recreational spaces in Lucknow for children to play. The ones that do exist are poorly maintained.,,Infrastructure,Public Parks,30,In Progress,High,MEDIUM,false,Increased costs for private recreational activities,Lack of recreational spaces,Disappointment,,,UP Parks and Recreation Act 2017,2025-02-12 16:53:47.465,2025-02-05 00:00:00,2025-02-05 00:00:00,,,,,None,cm725hdem01ifu6o4xhucbr2m,cm725dhc90017u6h4pclrf51x,cm725hdfg01igu6o4l8uxv7og
cm725hdjq01iju6o404y5le9a,Sanitation Issue in Gorakhpur,"There are no public toilets in my locality, and this is a big problem, especially for women. We need proper sanitation facilities.",,Sanitation,Public Toilets,6,Open,High,MEDIUM,false,Increased healthcare costs,Health hazards and unhygienic conditions,Anger,,,UP Sanitation Act 2018,2025-02-12 16:53:47.606,2025-02-05 00:00:00,2025-02-05 00:00:00,,,,,Pollution and pest infestation,cm725fq8d00jxu6o4o6afpu04,cm725dgdh000au6h4fagm9twc,cm725hdjh01iiu6o460ym53vb
cm725hdox01imu6o4ydoa8pck,Education Issue in Meerut,"The schools in our area are overcrowded, and students don't get enough attention from teachers. Education quality is suffering.",,Education,School Curriculum,27,In Progress,High,MEDIUM,false,Increased private tuition costs,Poor educational outcomes,Frustration,,,UP Education Act 2014,2025-02-12 16:53:47.793,2025-02-05 00:00:00,2025-02-05 00:00:00,,,,,None,cm725hdmp01iku6o4gek4aqn5,cm725dg9j0007u6h4tzh2udh2,cm725hdn901ilu6o4yiu0nvxx
cm725hdto01iou6o48y91weka,Infrastructure Issue in Aligarh,The roads in my area are in very bad condition. Potholes everywhere are damaging our vehicles and causing accidents.,,Infrastructure,Road Maintenance,7,In Progress,High,MEDIUM,false,Vehicle repair costs,Increased accidents and injuries,Frustration,,,UP Road Maintenance Act 2017,2025-02-12 16:53:47.964,2025-02-05 00:00:00,2025-02-05 00:00:00,,,,,Air pollution due to traffic congestion,cm725etg4000ou6o4rl07ye6a,cm725dg3k0003u6h4e8f3kb9h,cm725hdtd01inu6o47qbxg63x
cm725he0901iru6o4jo0q4psk,Utilities Issue in Muzaffarnagar,"We are facing a severe shortage of drinking water. The water we get is polluted, and the government has not done anything to address this.",,Utilities,Water Quality,14,Closed,High,MEDIUM,false,Increased healthcare and bottled water costs,Health hazards,Concern,,,UP Water Quality Act 2016,2025-02-12 16:53:48.201,2025-02-05 00:00:00,2025-02-05 00:00:00,,,,,Plastic waste from bottled water,cm725hdxy01ipu6o45042sto7,cm725dgli000gu6h4ldtj08z8,cm725hdz701iqu6o4omu1kr0c
cm725he5601iuu6o469n8lfbs,Utilities Issue in Kanpur,"The power cuts in Kanpur are unbearable, especially during summer. We are left in the dark for hours without any updates.",,Utilities,Power Distribution,9,In Progress,High,MEDIUM,false,Increased electricity costs,Disruption of daily activities,Anger,,,UP Electricity Act 2017,2025-02-12 16:53:48.378,2025-02-05 00:00:00,2025-02-05 00:00:00,,,,,Increased generator usage causing pollution,cm725he2p01isu6o46mwvkq2h,cm725dgc70009u6h4pqcjyeb5,cm725he3i01itu6o4t8ve0x4k
cm725heb201ixu6o4et0fjban,Healthcare Issue in Gorakhpur,"Government hospitals are overcrowded, and there are long waiting times for even the most basic treatments.",,Healthcare,Public Health,30,Closed,High,MEDIUM,false,Increased medical expenses,Poor health outcomes,Frustration,,,UP Health Services Act 2015,2025-02-12 16:53:48.59,2025-02-05 00:00:00,2025-02-05 00:00:00,,,,,None,cm725he8b01ivu6o417ya1dnh,cm725dg6o0005u6h4jkjbkawz,cm725he9q01iwu6o47yvbbtdo
cm725heey01j0u6o4dsx4igra,Transportation Issue in Lucknow,Lucknow’s roads are always jammed. It takes hours to reach even short distances due to the constant traffic.,,Transportation,Traffic Management,22,Open,High,MEDIUM,false,Loss of productivity,Inconvenience for daily commuters,Irritation,,,UP Traffic Management Act 2018,2025-02-12 16:53:48.731,2025-02-05 00:00:00,2025-02-05 00:00:00,,,,,Increased pollution due to traffic congestion,cm725hede01iyu6o4lt87ugbj,cm725dh1e000zu6h4sxki18bd,cm725heep01izu6o4wgo9mps1
cm725heim01j2u6o4qathnzzw,Law Enforcement Issue in Allahabad,There is a rise in crimes such as theft and chain snatching in my locality. We don't feel safe walking on the streets anymore.,,Law Enforcement,Crime Control,7,Open,High,MEDIUM,false,Loss of business due to crime,Increased fear and insecurity among residents,Fear,,,UP Police Act 2018,2025-02-12 16:53:48.862,2025-02-05 00:00:00,2025-02-05 00:00:00,,,,,None,cm725eynd005gu6o4resh0jrb,cm725dg830006u6h44jyrjmcn,cm725hei401j1u6o4ed06fvfg
cm725hemh01j5u6o47acrf0pl,Transportation Issue in Varanasi,"The public transport system in Varanasi is extremely unreliable. Buses and autos are always late, making it difficult to commute.",,Transportation,Bus Services,8,Open,Medium,MEDIUM,false,Loss of productivity,Inconvenience for daily commuters,Disappointment,,,UP Public Transport Act 2018,2025-02-12 16:53:49.002,2025-02-05 00:00:00,2025-02-05 00:00:00,,,,,Increased pollution due to private vehicle usage,cm725heki01j3u6o4asdu0t79,cm725dggi000cu6h4gbmwutvf,cm725helj01j4u6o4nsgq0p0y
cm725heq401j7u6o4im3zwi1c,Infrastructure Issue in Meerut,"Whenever it rains, the roads in our area get flooded, and it takes days for the water to drain out.",,Infrastructure,Flood Control,27,In Progress,High,MEDIUM,false,Increased repair and relocation costs,Disruption of daily life and hygiene,Frustration,,,UP Flood Management Act 2017,2025-02-12 16:53:49.132,2025-02-05 00:00:00,2025-02-05 00:00:00,,,,,Water contamination and soil erosion,cm725fi7v00fwu6o4wssivww4,cm725dh2l0010u6h4vffjc33n,cm725hept01j6u6o46kzzhill
cm725hetr01j9u6o4c9y19dfk,Governance Issue in Fatehpur,"I had to bribe a government official to get my ration card. Corruption is rampant, and the authorities don't seem to care.",,Governance,Corruption Control,13,In Progress,High,MEDIUM,false,Increased costs due to bribes,Erosion of public trust,Disappointment,,,UP Anti-Corruption Act 2016,2025-02-12 16:53:49.263,2025-02-05 00:00:00,2025-02-05 00:00:00,,,,,None,cm725fmku00i3u6o4lzdyqako,cm725dh5e0012u6h479zkreaz,cm725hesq01j8u6o4arnlekoq
cm725heyc01jcu6o4k2xf50od,Sanitation Issue in Agra,"The sanitation in my locality is extremely poor. The garbage is not collected on time, and the streets are always littered.",,Sanitation,Garbage Collection,7,Open,High,MEDIUM,false,Increased healthcare costs,Health hazards and unhygienic conditions,Anger,,,UP Sanitation Act 2018,2025-02-12 16:53:49.428,2025-02-05 00:00:00,2025-02-05 00:00:00,,,,,Pollution and pest infestation,cm725hew901jau6o4y8mfv1d7,cm725dgdh000au6h4fagm9twc,cm725hex901jbu6o4772jhxrl
cm725hf1v01jfu6o40rd902em,Infrastructure Issue in Noida,"The drainage system in Noida is inadequate. During the rainy season, the streets get flooded, causing a lot of inconvenience.",,Infrastructure,Flood Control,9,Open,High,MEDIUM,false,Increased repair and relocation costs,Disruption of daily life and hygiene,Frustration,,,UP Flood Management Act 2017,2025-02-12 16:53:49.555,2025-02-05 00:00:00,2025-02-05 00:00:00,,,,,Water contamination and soil erosion,cm725hf0v01jdu6o4rx3nm05p,cm725dh2l0010u6h4vffjc33n,cm725hf1j01jeu6o4hs8563hw
cm725hf7801jiu6o4mimmre0d,Infrastructure Issue in Lucknow,"There are no public parks in our locality. It’s hard to find a place for kids to play, and adults have no place to relax.",,Infrastructure,Public Parks,20,Closed,High,MEDIUM,false,Increased costs for private recreational activities,Lack of recreational spaces,Frustration,,,UP Parks and Recreation Act 2017,2025-02-12 16:53:49.749,2025-02-05 00:00:00,2025-02-05 00:00:00,,,,,None,cm725hf4z01jgu6o49j1680c1,cm725dhc90017u6h4pclrf51x,cm725hf6701jhu6o4r89la4em
cm725hfbq01jlu6o49cot215j,Economy Issue in Bareilly,There are no job opportunities here. I’ve been looking for work for months but can’t find anything suitable.,,Economy,Employment,9,Closed,High,MEDIUM,false,Loss of income,Increased unemployment,Helplessness,,,UP Employment Act 2016,2025-02-12 16:53:49.91,2025-02-05 00:00:00,2025-02-05 00:00:00,,,,,None,cm725hfaw01jju6o4eq5ch1ik,cm725dgto000uu6h4jaf7uft4,cm725hfbe01jku6o4hqe3w2pc
cm725hfgc01jou6o4ky4m872w,Education Issue in Jhansi,"There are no good schools in my area. The ones available have poor facilities, and the teachers are not qualified.",,Education,School Curriculum,15,In Progress,High,MEDIUM,false,Increased private tuition costs,Poor educational outcomes,Disappointment,,,UP Education Act 2014,2025-02-12 16:53:50.076,2025-02-05 00:00:00,2025-02-05 00:00:00,,,,,None,cm725hfej01jmu6o41c5h2ol9,cm725dg9j0007u6h4tzh2udh2,cm725hff301jnu6o4w813osid
cm725hfkk01jru6o4r89bif9s,Infrastructure Issue in Kanpur,The potholes on the roads are so deep that they damage vehicles and cause accidents. The authorities are not taking any action.,,Infrastructure,Road Maintenance,12,Open,High,MEDIUM,false,Vehicle repair costs,Increased accidents and injuries,Frustration,,,UP Road Maintenance Act 2017,2025-02-12 16:53:50.228,2025-02-05 00:00:00,2025-02-05 00:00:00,,,,,Air pollution due to traffic congestion,cm725hfjt01jpu6o48xi9b36n,cm725dg3k0003u6h4e8f3kb9h,cm725hfka01jqu6o4yb72pqsu
cm725hfoy01juu6o49bwbefjk,Economy Issue in Gorakhpur,The prices of daily essentials like vegetables and fuel have gone up drastically. This is putting a lot of pressure on our monthly budget.,,Economy,Price Control,20,Open,High,MEDIUM,false,Financial strain on households,Increased cost of living,Concern,,,UP Price Control Act 2016,2025-02-12 16:53:50.386,2025-02-05 00:00:00,2025-02-05 00:00:00,,,,,None,cm725hfnc01jsu6o402fggrqq,cm725dhdq0018u6h47pt3qkl8,cm725hfoo01jtu6o4ryyvzanl
cm725hftf01jxu6o464a4mzz1,Utilities Issue in इलाहाबाद,"हमारे इलाके में लगातार बिजली जाती रहती है, जिससे हमारी दिनचर्या बहुत प्रभावित होती है।",,Utilities,Power Distribution,10,In Progress,High,MEDIUM,false,Increased electricity costs,Disruption of daily activities,नाराजगी,,,UP Electricity Act 2017,2025-02-12 16:53:50.547,2025-02-05 00:00:00,2025-02-05 00:00:00,,,,,Increased generator usage causing pollution,cm725hfse01jvu6o4ndkwolhh,cm725dgc70009u6h4pqcjyeb5,cm725hfsz01jwu6o4sqndrjqe
cm725hfyt01k0u6o4bmwgiarx,Sanitation Issue in गाजियाबाद,"हमारे क्षेत्र में गंदगी बहुत फैली हुई है। सफाईकर्मी समय पर काम नहीं करते हैं, जिससे इलाके में बदबू फैलती है।",,Sanitation,Garbage Collection,26,In Progress,High,MEDIUM,false,Increased healthcare costs,Health hazards and unhygienic conditions,गुस्सा,,,UP Sanitation Act 2018,2025-02-12 16:53:50.741,2025-02-05 00:00:00,2025-02-05 00:00:00,,,,,Pollution and pest infestation,cm725hfwr01jyu6o4kftoqjtu,cm725dgdh000au6h4fagm9twc,cm725hfxt01jzu6o4wsm7f57v
cm725hg2n01k3u6o4pzlmhjw4,Healthcare Issue in कानपुर,हमारे शहर में सरकारी अस्पतालों में चिकित्सक और आवश्यक सुविधाओं की भारी कमी है। इलाज के लिए हमें प्राइवेट अस्पताल जाना पड़ता है।,,Healthcare,Public Health,24,In Progress,High,MEDIUM,false,Increased medical expenses,Poor health outcomes,चिंता,,,UP Health Services Act 2015,2025-02-12 16:53:50.878,2025-02-05 00:00:00,2025-02-05 00:00:00,,,,,None,cm725hg1d01k1u6o4eik22gh1,cm725dg6o0005u6h4jkjbkawz,cm725hg1w01k2u6o42dtrak2c
cm725hg6y01k6u6o4427k4oa5,Agriculture Issue in लखनऊ,किसानों को उपज का उचित मूल्य नहीं मिलता। यहां तक कि सरकारी मंडियों में भी भ्रष्टाचार है।,,Agriculture,Farmer Issues,2,Open,High,MEDIUM,false,Loss of income for farmers,Financial strain on farmers,निराशा,,,UP Agriculture Act 2016,2025-02-12 16:53:51.034,2025-02-05 00:00:00,2025-02-05 00:00:00,,,,,None,cm725hg5f01k4u6o4i39yaglv,cm725dhf50019u6h4doj7u8um,cm725hg6n01k5u6o43q8vn8jc
cm725hgaw01k8u6o4behgigr7,इलाहाबाद - थोड़ी सी बारिश होते,थोड़ी सी बारिश होते ही सड़कें जलमग्न हो जाती हैं। चलना मुश्किल हो जाता है!,,,,28,Closed,Low,MEDIUM,false,,,निराश,,,,2025-02-12 16:53:51.176,2025-02-05 00:00:00,2025-02-05 00:00:00,,,,,,cm725gni6013ju6o4pwv2u08t,cm725fl4x00hcu6o4h39z4fls,cm725hg9s01k7u6o45pqr96el
cm725hgfx01kbu6o4x8cqqj70,लखनऊ - हमारे क्षेत्र में सार्वजनिक,हमारे क्षेत्र में सार्वजनिक शौचालय गंदे और बदबूदार हैं। इन्हें साफ नहीं किया जाता।,,,,21,Open,Low,MEDIUM,false,,,शर्मिंदा,,,,2025-02-12 16:53:51.357,2025-02-05 00:00:00,2025-02-05 00:00:00,,,,,,cm725hgdh01k9u6o40iebjzqc,cm725fl4x00hcu6o4h39z4fls,cm725hgez01kau6o467xfxv8d
cm725hgkr01keu6o491ql7gio,गाजियाबाद - हमारे इलाके में पानी,हमारे इलाके में पानी की आपूर्ति बहुत खराब है। पानी गंदा और असुरक्षित है।,,,,29,Open,Low,MEDIUM,false,,,चिंतित,,,,2025-02-12 16:53:51.531,2025-02-05 00:00:00,2025-02-05 00:00:00,,,,,,cm725hgjw01kcu6o4j2yg8qt8,cm725fl4x00hcu6o4h39z4fls,cm725hgki01kdu6o4cv5ppina
cm725hgos01khu6o4hp127rm3,अलीगढ़ - सड़कों की हालत इतनी,सड़कों की हालत इतनी खराब है कि गाड़ी चलाना असंभव हो गया है। पथरीले रास्ते और गड्ढे हैं!,,,,6,In Progress,Low,MEDIUM,false,,,नाराज,,,,2025-02-12 16:53:51.677,2025-02-05 00:00:00,2025-02-05 00:00:00,,,,,,cm725hgmi01kfu6o4dfrwubrx,cm725fl4x00hcu6o4h39z4fls,cm725hgnx01kgu6o45uy5034q
cm725hgrz01kku6o4mbzxfbx7,मुरादाबाद - सरकारी दफ्तरों में बिना,सरकारी दफ्तरों में बिना पैसे दिए काम नहीं होता। यह भ्रष्टाचार हर जगह फैला हुआ है!,,,,27,Closed,Low,MEDIUM,false,,,गुस्सा,,,,2025-02-12 16:53:51.791,2025-02-05 00:00:00,2025-02-05 00:00:00,,,,,,cm725hgqy01kiu6o40o05ndoc,cm725fl4x00hcu6o4h39z4fls,cm725hgrm01kju6o4kudqvqho
cm725hgx401knu6o4nye1ckeb,आगरा - स्थानीय ट्रेनों की समय,"स्थानीय ट्रेनों की समय पर कोई गारंटी नहीं होती। ट्रेनों का आना बहुत लेट होता है, और फिर भी भीड़ होती है।",,,,21,In Progress,Low,MEDIUM,false,,,चिढ़ी हुई,,,,2025-02-12 16:53:51.977,2025-02-05 00:00:00,2025-02-05 00:00:00,,,,,,cm725hgvi01klu6o4lsalrw34,cm725fl4x00hcu6o4h39z4fls,cm725hgw101kmu6o4e66m3awc
cm725hh0p01kqu6o44b6i96tq,वाराणसी - हमारे सरकारी अस्पतालों में,हमारे सरकारी अस्पतालों में चिकित्सा उपकरणों की कमी है और डॉक्टरों की संख्या भी बहुत कम है।,,,,26,Closed,Low,MEDIUM,false,,,निराश,,,,2025-02-12 16:53:52.105,2025-02-05 00:00:00,2025-02-05 00:00:00,,,,,,cm725hgzq01kou6o40hr09f84,cm725fl4x00hcu6o4h39z4fls,cm725hh0901kpu6o40ksqsbtr
cm725hh4901ktu6o4sugfzi73,कानपुर - बिजली के कटने की,"बिजली के कटने की समस्या बहुत बढ़ गई है, और जब बिजली आती है तो वोल्टेज बहुत कम होता है।",,,,22,Open,Low,MEDIUM,false,,,नाराज,,,,2025-02-12 16:53:52.233,2025-02-05 00:00:00,2025-02-05 00:00:00,,,,,,cm725hh3h01kru6o4syudnfw4,cm725fl4x00hcu6o4h39z4fls,cm725hh3z01ksu6o4qsc04l5s
cm725hh8o01kwu6o4urq8nlm7,नोएडा - हमारे इलाके में चोरियों,हमारे इलाके में चोरियों के मामले बढ़ गए हैं। रात के वक्त बाहर जाना डरावना हो गया है।,,,,15,In Progress,Low,MEDIUM,false,,,डरी हुई,,,,2025-02-12 16:53:52.392,2025-02-05 00:00:00,2025-02-05 00:00:00,,,,,,cm725hh6h01kuu6o4cvlkiube,cm725fl4x00hcu6o4h39z4fls,cm725hh8b01kvu6o43vztel0j
cm725hheh01kzu6o4fh7jlzfp,मेरठ - कचरा इकट्ठा करने का,कचरा इकट्ठा करने का काम नियमित नहीं होता। सड़क पर कचरा पड़ा रहता है और बदबू फैलती है।,,,,27,Closed,Low,MEDIUM,false,,,नाराज,,,,2025-02-12 16:53:52.601,2025-02-05 00:00:00,2025-02-05 00:00:00,,,,,,cm725hhb701kxu6o4jqw6mtry,cm725fl4x00hcu6o4h39z4fls,cm725hhbz01kyu6o4ppia404v
cm725hhht01l1u6o4j87mztor,लखनऊ - हमारे इलाके में गंदा,हमारे इलाके में गंदा पानी आता है। इसे पीने से तबियत खराब हो जाती है।,,,,27,Open,Low,MEDIUM,false,,,निराश,,,,2025-02-12 16:53:52.722,2025-02-05 00:00:00,2025-02-05 00:00:00,,,,,,cm725gm2x012mu6o450oc12ry,cm725fl4x00hcu6o4h39z4fls,cm725hhhl01l0u6o4hlwjk54a
cm725hhm501l4u6o450skilf5,"गोरखपुर - सड़कों पर गड्ढे हैं,","सड़कों पर गड्ढे हैं, जिससे गाड़ी चलाना बहुत मुश्किल हो गया है। कई बार गाड़ी पलटने का डर होता है।",,,,23,Open,Low,MEDIUM,false,,,नाराज,,,,2025-02-12 16:53:52.877,2025-02-05 00:00:00,2025-02-05 00:00:00,,,,,,cm725hhkh01l2u6o4p5cqzomm,cm725fl4x00hcu6o4h39z4fls,cm725hhlv01l3u6o43b3gzq79
cm725hhqc01l7u6o4ca8ahjnh,कानपुर - सड़क पर गड्ढे होने,सड़क पर गड्ढे होने के कारण आए दिन दुर्घटनाएं होती रहती हैं।,,,,17,Open,Low,MEDIUM,false,,,चिंतित,,,,2025-02-12 16:53:53.028,2025-02-05 00:00:00,2025-02-05 00:00:00,,,,,,cm725hhpf01l5u6o4xqjgjb96,cm725fl4x00hcu6o4h39z4fls,cm725hhq101l6u6o4asw3rqca
cm725hhv801lau6o4o0cc288y,आगरा - बारिश में सड़कों पर,"बारिश में सड़कों पर पानी भर जाता है, जिससे आने-जाने में मुश्किल होती है।",,,,17,Open,Low,MEDIUM,false,,,गुस्सा,,,,2025-02-12 16:53:53.204,2025-02-05 00:00:00,2025-02-05 00:00:00,,,,,,cm725hhtk01l8u6o4kugwcnud,cm725fl4x00hcu6o4h39z4fls,cm725hhuz01l9u6o4v5cg4f8l
cm725hhxv01lcu6o45v45ojp7,वाराणसी - पानी की आपूर्ति बहुत,"पानी की आपूर्ति बहुत ही खराब है, कभी पूरी तरह से पानी नहीं आता।",,,,6,Closed,Low,MEDIUM,false,,,निराश,,,,2025-02-12 16:53:53.299,2025-02-05 00:00:00,2025-02-05 00:00:00,,,,,,cm725h7fu01fdu6o4hvl7yfnn,cm725fl4x00hcu6o4h39z4fls,cm725hhxi01lbu6o4kbo45z13
cm725hi2q01lfu6o48u00g8py,लखनऊ - हमारे सरकारी अस्पतालों में,हमारे सरकारी अस्पतालों में कोई अच्छा इलाज नहीं मिलता। डॉक्टरों की बहुत कमी है।,,,,22,Closed,Low,MEDIUM,false,,,नाराज,,,,2025-02-12 16:53:53.474,2025-02-05 00:00:00,2025-02-05 00:00:00,,,,,,cm725hi0i01ldu6o40d0cfle8,cm725fl4x00hcu6o4h39z4fls,cm725hi2d01leu6o4niak9igu
cm725hiic01liu6o4u9eune7p,मेरठ - सरकारी दफ्तरों में बिना,सरकारी दफ्तरों में बिना रिश्वत के कोई काम नहीं होता।,,,,10,In Progress,Low,MEDIUM,false,,,गुस्सा,,,,2025-02-12 16:53:54.036,2025-02-05 00:00:00,2025-02-05 00:00:00,,,,,,cm725hih401lgu6o4ffl3bmg1,cm725fl4x00hcu6o4h39z4fls,cm725hii101lhu6o4nux5ao6a
cm725hini01llu6o49enkock1,गोरखपुर - बसों में बहुत भीड़,बसों में बहुत भीड़ होती है और समय पर नहीं आतीं।,,,,9,In Progress,Low,MEDIUM,false,,,निराश,,,,2025-02-12 16:53:54.222,2025-02-05 00:00:00,2025-02-05 00:00:00,,,,,,cm725him601lju6o4c7yajv4v,cm725fl4x00hcu6o4h39z4fls,cm725himq01lku6o4k60wouf1
cm725hir001lnu6o4azjq398t,अलीगढ़ - हमारे इलाके में कचरा,"हमारे इलाके में कचरा हर जगह फैला रहता है, सफाई के कोई इंतजाम नहीं हैं।",,,,29,Closed,Low,MEDIUM,false,,,नाराज,,,,2025-02-12 16:53:54.348,2025-02-05 00:00:00,2025-02-05 00:00:00,,,,,,cm725gga800yku6o4s7rzp8pw,cm725fl4x00hcu6o4h39z4fls,cm725hiqq01lmu6o4belbidh6
cm725hiv801lqu6o4hmqz61x2,इलाहाबाद - बिजली की कटौती बहुत,"बिजली की कटौती बहुत ज्यादा हो रही है, खासकर गर्मी में यह बहुत परेशानी देती है।",,,,24,In Progress,Low,MEDIUM,false,,,नाराज,,,,2025-02-12 16:53:54.5,2025-02-05 00:00:00,2025-02-05 00:00:00,,,,,,cm725hit401lou6o4m0qv15v5,cm725fl4x00hcu6o4h39z4fls,cm725hitp01lpu6o4dwp31m3o
cm725hiz601lsu6o477yeqesn,लखनऊ - हमारे इलाके में पानी,"हमारे इलाके में पानी की बहुत कमी हो गई है, अक्सर पानी नहीं आता।",,,,28,In Progress,Low,MEDIUM,false,,,निराश,,,,2025-02-12 16:53:54.642,2025-02-05 00:00:00,2025-02-05 00:00:00,,,,,,cm725go22013vu6o4dmgq39oq,cm725fl4x00hcu6o4h39z4fls,cm725hiyt01lru6o4dbaoido7
cm725hj5t01lvu6o4o1d8lw3f,झांसी - पुलिस के लोग सही,"पुलिस के लोग सही तरीके से कार्रवाई नहीं करते, अपराधियों को बचाते हैं।",,,,20,In Progress,Low,MEDIUM,false,,,गुस्सा,,,,2025-02-12 16:53:54.882,2025-02-05 00:00:00,2025-02-05 00:00:00,,,,,,cm725hj2n01ltu6o4hjyhtwh6,cm725fl4x00hcu6o4h39z4fls,cm725hj4a01luu6o4gzkn44sv
cm725hj9v01lyu6o44y0b78ne,कानपुर - सड़कों की हालत बहुत,"सड़कों की हालत बहुत खराब है, गड्ढों के कारण दुर्घटनाएं होती रहती हैं।",,,,2,In Progress,Low,MEDIUM,false,,,नाराज,,,,2025-02-12 16:53:55.027,2025-02-05 00:00:00,2025-02-05 00:00:00,,,,,,cm725hj8s01lwu6o4po00q0m6,cm725fl4x00hcu6o4h39z4fls,cm725hj9f01lxu6o4iyrr0xjw
cm725hjed01m0u6o4jol59e5k,आगरा - सरकारी अस्पतालों में इलाज,सरकारी अस्पतालों में इलाज की कोई व्यवस्था नहीं है। निजी अस्पतालों में बहुत महंगा इलाज होता है।,,,,25,Open,Low,MEDIUM,false,,,चिंतित,,,,2025-02-12 16:53:55.189,2025-02-05 00:00:00,2025-02-05 00:00:00,,,,,,cm725glji0127u6o4i9nir1bq,cm725fl4x00hcu6o4h39z4fls,cm725hje301lzu6o45xo2hgzq
cm725hjie01m3u6o400wnspbi,वाराणसी - हमारे इलाके में चोरियां,हमारे इलाके में चोरियां बहुत बढ़ गई हैं। पुलिस कोई कार्रवाई नहीं करती।,,,,2,In Progress,Low,MEDIUM,false,,,डरा हुआ,,,,2025-02-12 16:53:55.334,2025-02-05 00:00:00,2025-02-05 00:00:00,,,,,,cm725hjge01m1u6o42dj9p2ko,cm725fl4x00hcu6o4h39z4fls,cm725hjgw01m2u6o4hrtxxd4y
cm725hjmj01m6u6o4uajjs0i6,मेरठ - हमारे मोहल्ले में सफाई,हमारे मोहल्ले में सफाई नहीं होती। गंदगी हर जगह फैली रहती है।,,,,7,In Progress,Low,MEDIUM,false,,,निराश,,,,2025-02-12 16:53:55.483,2025-02-05 00:00:00,2025-02-05 00:00:00,,,,,,cm725hjl001m4u6o4avsziopk,cm725fl4x00hcu6o4h39z4fls,cm725hjm901m5u6o4uke1a8jj
cm725hjqw01m8u6o48w78lg1q,अलीगढ़ - बिजली की कटौती बहुत,बिजली की कटौती बहुत ज्यादा होती है। यह गर्मी के मौसम में खासकर और भी कठिन हो जाती है।,,,,13,Open,Low,MEDIUM,false,,,निराश,,,,2025-02-12 16:53:55.64,2025-02-05 00:00:00,2025-02-05 00:00:00,,,,,,cm725glf80124u6o4v0ijixeb,cm725fl4x00hcu6o4h39z4fls,cm725hjpv01m7u6o46jg0ymsm
cm725hjvo01mbu6o4vnvjlnn1,लखनऊ - हमारे इलाके में पानी,हमारे इलाके में पानी की बहुत कमी हो रही है। जल आपूर्ति का कोई ठोस उपाय नहीं है।,,,,2,Open,Low,MEDIUM,false,,,नाराज,,,,2025-02-12 16:53:55.812,2025-02-05 00:00:00,2025-02-05 00:00:00,,,,,,cm725hjus01m9u6o4cinl7t78,cm725fl4x00hcu6o4h39z4fls,cm725hjvb01mau6o4g2c4nje2
cm725hk1701mdu6o4zocj7gyq,वाराणसी - सड़कों की हालत बहुत,"सड़कों की हालत बहुत खराब है, यहां गड्ढों की वजह से गाड़ी चलाना मुश्किल हो जाता है।",,,,28,Closed,Low,MEDIUM,false,,,नाराज,,,,2025-02-12 16:53:55.983,2025-02-05 00:00:00,2025-02-05 00:00:00,,,,,,cm725hjzr01mcu6o466eo3om9,cm725fl4x00hcu6o4h39z4fls,cm725exkk004iu6o4cv9uc8gf
cm725hk7p01mgu6o4n4kj57iq,लखनऊ - बसों में बहुत भीड़,"बसों में बहुत भीड़ होती है, सफर करना बहुत कठिन हो गया है।",,,,13,In Progress,Low,MEDIUM,false,,,निराश,,,,2025-02-12 16:53:56.246,2025-02-05 00:00:00,2025-02-05 00:00:00,,,,,,cm725hk5f01meu6o49tx5zpsh,cm725fl4x00hcu6o4h39z4fls,cm725hk6701mfu6o4o76yrlhx
cm725hkcp01mju6o4bg3c0dr2,इलाहाबाद - सरकारी अस्पतालों में कोई,"सरकारी अस्पतालों में कोई सुविधा नहीं है। डॉक्टरों की कमी है, इलाज नहीं हो पाता।",,,,3,Open,Low,MEDIUM,false,,,गुस्सा,,,,2025-02-12 16:53:56.425,2025-02-05 00:00:00,2025-02-05 00:00:00,,,,,,cm725hkak01mhu6o4w3etq7my,cm725fl4x00hcu6o4h39z4fls,cm725hkb601miu6o4cwp4zk65
cm725hkfk01mlu6o4wbastakq,मेरठ - सड़कों पर गड्ढे हैं,सड़कों पर गड्ढे हैं और वाहन चलाना बहुत कठिन हो जाता है।,,,,30,Open,Low,MEDIUM,false,,,चिढ़ी हुई,,,,2025-02-12 16:53:56.528,2025-02-05 00:00:00,2025-02-05 00:00:00,,,,,,cm725g7kc00spu6o4qfgc2e2p,cm725fl4x00hcu6o4h39z4fls,cm725hkf801mku6o47serzfiw
cm725hkks01mnu6o4i7931c1r,अलीगढ़ - हमारे इलाके में कचरा,हमारे इलाके में कचरा बहुत फैलता है। सफाई की कोई व्यवस्था नहीं है।,,,,16,Open,Low,MEDIUM,false,,,निराश,,,,2025-02-12 16:53:56.716,2025-02-05 00:00:00,2025-02-05 00:00:00,,,,,,cm725gm2x012mu6o450oc12ry,cm725fl4x00hcu6o4h39z4fls,cm725hkj501mmu6o4th3wp8yv
cm725hkox01mqu6o4ztatnfz9,कानपुर - हमारे मोहल्ले में कचरा,हमारे मोहल्ले में कचरा उठाने की कोई नियमित व्यवस्था नहीं है।,,,,7,Open,Low,MEDIUM,false,,,गुस्सा,,,,2025-02-12 16:53:56.865,2025-02-05 00:00:00,2025-02-05 00:00:00,,,,,,cm725hkn401mou6o42tg4sq4m,cm725fl4x00hcu6o4h39z4fls,cm725hkns01mpu6o4m0ec1diu
cm725hktp01mtu6o4bydq1ocg,गोरखपुर - हमारे इलाके में अस्पतालों,हमारे इलाके में अस्पतालों की स्थिति बहुत खराब है। कोई इलाज नहीं मिलता।,,,,10,Open,Low,MEDIUM,false,,,नाराज,,,,2025-02-12 16:53:57.037,2025-02-05 00:00:00,2025-02-05 00:00:00,,,,,,cm725hkry01mru6o46ijsw7c2,cm725fl4x00hcu6o4h39z4fls,cm725hktf01msu6o4gk79t081
cm725hkz501mwu6o45w74ebl7,आगरा - हमारी सड़कों की हालत,हमारी सड़कों की हालत बहुत खराब हो गई है। गड्ढे भरे हुए हैं।,,,,25,Closed,Low,MEDIUM,false,,,चिढ़ी हुई,,,,2025-02-12 16:53:57.234,2025-02-05 00:00:00,2025-02-05 00:00:00,,,,,,cm725hkwm01muu6o4m47ui007,cm725fl4x00hcu6o4h39z4fls,cm725hkyd01mvu6o4zizdfjv3
cm725hl4001mzu6o4qy7moj6a,इलाहाबाद - हमारे इलाके में पानी,हमारे इलाके में पानी की सप्लाई नियमित नहीं है। कई बार पानी पूरी तरह से बंद हो जाता है।,,,,20,In Progress,Low,MEDIUM,false,,,निराश,,,,2025-02-12 16:53:57.408,2025-02-05 00:00:00,2025-02-05 00:00:00,,,,,,cm725hl2a01mxu6o4alpdi73w,cm725fl4x00hcu6o4h39z4fls,cm725hl3q01myu6o4hcpls9me
cm725hl8s01n2u6o4gq1cd1ec,वाराणसी - हमारे इलाके में महिलाओं,हमारे इलाके में महिलाओं के खिलाफ अपराध बढ़ गए हैं। पुलिस कोई कार्रवाई नहीं करती।,,,,11,Open,Low,MEDIUM,false,,,डरी हुई,,,,2025-02-12 16:53:57.58,2025-02-05 00:00:00,2025-02-05 00:00:00,,,,,,cm725hl6h01n0u6o4tqx3wfac,cm725fl4x00hcu6o4h39z4fls,cm725hl7201n1u6o47yef64x9
cm725hldm01n4u6o4yh5id10e,लखनऊ - बसों का समय बहुत,बसों का समय बहुत अनियमित है। कभी भी नहीं आतीं।,,,,22,Closed,Low,MEDIUM,false,,,नाराज,,,,2025-02-12 16:53:57.754,2025-02-05 00:00:00,2025-02-05 00:00:00,,,,,,cm725gga800yku6o4s7rzp8pw,cm725fl4x00hcu6o4h39z4fls,cm725hlct01n3u6o4x3afkn83
cm725hliv01n7u6o4d99t6ev4,कानपुर - हमारे इलाके में कोई,हमारे इलाके में कोई अच्छे अस्पताल नहीं हैं। इलाज के लिए बहुत दूर जाना पड़ता है।,,,,13,Closed,Low,MEDIUM,false,,,निराश,,,,2025-02-12 16:53:57.943,2025-02-05 00:00:00,2025-02-05 00:00:00,,,,,,cm725hlh801n5u6o4zuwd768x,cm725fl4x00hcu6o4h39z4fls,cm725hlil01n6u6o4mvdalwlq
cm725hln301nau6o4b4qgp2c5,मेरठ - हमारे इलाके में पानी,"हमारे इलाके में पानी की बहुत कमी हो गई है, और कभी-कभी कई दिन तक पानी नहीं आता।",,,,21,Closed,Low,MEDIUM,false,,,नाराज,,,,2025-02-12 16:53:58.095,2025-02-05 00:00:00,2025-02-05 00:00:00,,,,,,cm725hlm101n8u6o4yidr8a4c,cm725fl4x00hcu6o4h39z4fls,cm725hlmr01n9u6o4sepqzf72
cm725hls601ndu6o45zh8342z,झांसी - हमारे इलाके में सफाई,हमारे इलाके में सफाई का कोई ध्यान नहीं दिया जाता। गंदगी हर जगह फैली रहती है।,,,,21,Closed,Low,MEDIUM,false,,,चिंतित,,,,2025-02-12 16:53:58.279,2025-02-05 00:00:00,2025-02-05 00:00:00,,,,,,cm725hlpn01nbu6o4133hs0ip,cm725fl4x00hcu6o4h39z4fls,cm725hlrh01ncu6o4f8nph0iv
cm725hlwo01ngu6o4zweot9kz,आगरा - सड़कें बहुत खराब हो,"सड़कें बहुत खराब हो गई हैं, गड्ढों के कारण गाड़ी चलाना मुश्किल हो जाता है।",,,,14,Closed,Low,MEDIUM,false,,,गुस्सा,,,,2025-02-12 16:53:58.44,2025-02-05 00:00:00,2025-02-05 00:00:00,,,,,,cm725hlv601neu6o4n5fwku1s,cm725fl4x00hcu6o4h39z4fls,cm725hlw901nfu6o4r0svljo3
cm725hm2m01niu6o48ae1xzhi,गोरखपुर - बिजली की आपूर्ति बहुत,"बिजली की आपूर्ति बहुत खराब है, खासकर रात के समय कई घंटों तक बिजली नहीं आती।",,,,25,Closed,Low,MEDIUM,false,,,नाराज,,,,2025-02-12 16:53:58.654,2025-02-05 00:00:00,2025-02-05 00:00:00,,,,,,cm725goux014gu6o4qel4sbxh,cm725fl4x00hcu6o4h39z4fls,cm725hm1b01nhu6o4kb6u3grl
cm725hm5p01nju6o4605xm0qr,Health Services Issue in Jhansi,सरकारी अस्पतालों में मरीजों को इलाज देने की कोई व्यवस्था नहीं है। डॉक्टर भी बुरी हालत में हैं।,Health Services,Healthcare,Public Health,23,Closed,High,MEDIUM,false,Increased medical expenses,Poor health outcomes,Helplessness,,,UP Health Services Act 2015,2025-02-12 16:53:58.765,2025-02-05 00:00:00,2025-02-05 00:00:00,,,,,None,cm725fiur00g6u6o4z0g4ml7s,cm725dg6o0005u6h4jkjbkawz,cm725f7eq00apu6o4lrc2dkwl
cm725hm9801nlu6o40847ud9o,Police & Law Issue in Agra,पुलिस अपराधियों के खिलाफ कोई कार्रवाई नहीं करती। अपराध बढ़ते जा रहे हैं।,Police & Law,Law Enforcement,Crime Control,23,In Progress,High,MEDIUM,false,Loss of business due to crime,Increased fear and insecurity among residents,Anger,,,UP Police Act 2018,2025-02-12 16:53:58.892,2025-02-05 00:00:00,2025-02-05 00:00:00,,,,,None,cm725euxa0020u6o46xzm7ojk,cm725dg830006u6h44jyrjmcn,cm725hm8z01nku6o4dtcl4znf
cm725hmd101nnu6o4753kc11j,Education Issue in Moradabad,"स्कूलों में शिक्षकों की बहुत कमी है और जो शिक्षक हैं, उनका बच्चों के प्रति कोई ध्यान नहीं है।",Education,Education,School Curriculum,18,In Progress,High,MEDIUM,false,Increased private tuition costs,Poor educational outcomes,Concern,,,UP Education Act 2014,2025-02-12 16:53:59.029,2025-02-05 00:00:00,2025-02-05 00:00:00,,,,,None,cm725gphu014qu6o41gy3c3hs,cm725dg9j0007u6h4tzh2udh2,cm725hmco01nmu6o4drxflxjk
cm725hmhv01npu6o430rmi14e,Water Supply Issue in Meerut,पानी की सप्लाई कई बार नहीं आती। पानी का दबाव भी बहुत कम रहता है।,Water Supply,Utilities,Water Distribution,3,Closed,High,MEDIUM,false,Additional water procurement costs,Disruption of daily life and hygiene,Frustration,,,UP Water Supply Act 2019,2025-02-12 16:53:59.203,2025-02-05 00:00:00,2025-02-05 00:00:00,,,,,Water wastage and contamination,cm725eu6h001cu6o4vigm0y34,cm725dgaz0008u6h4o1r9mtq7,cm725hmhj01nou6o4mp22fdu4
cm725hmlz01nru6o4rtyn4lxj,Electricity Issue in Bijnor,बिजली की कटौती से हम सभी परेशान हो गए हैं। कई बार दिनभर बिजली चली जाती है।,Electricity,Utilities,Power Distribution,12,Open,High,MEDIUM,false,Increased electricity costs,Disruption of daily activities,Exhaustion,,,UP Electricity Act 2017,2025-02-12 16:53:59.351,2025-02-05 00:00:00,2025-02-05 00:00:00,,,,,Increased generator usage causing pollution,cm725f2tt007qu6o4bez55hkl,cm725dgc70009u6h4pqcjyeb5,cm725hmln01nqu6o4hwuwsnln
cm725hmox01ntu6o42jwb8aiv,Garbage Issue in Kanpur,कूड़ा सड़कों पर पड़ा रहता है और सफाई कर्मचारियों का कोई ध्यान नहीं है।,Garbage,Sanitation,Garbage Collection,27,Open,High,MEDIUM,false,Increased healthcare costs,Health hazards and unhygienic conditions,Disgust,,,UP Sanitation Act 2018,2025-02-12 16:53:59.457,2025-02-05 00:00:00,2025-02-05 00:00:00,,,,,Pollution and pest infestation,cm725euhj001lu6o47cg3cj43,cm725dgdh000au6h4fagm9twc,cm725hmok01nsu6o46o557o9s
cm725hmss01nvu6o43gy3anyy,Roads Issue in Ghaziabad,सड़कों पर गड्ढे और टूटी-फूटी सड़कें बहुत बढ़ गई हैं। यह दुर्घटनाओं का कारण बन रही हैं।,Roads,Infrastructure,Road Maintenance,8,Open,High,MEDIUM,false,Vehicle repair costs,Increased accidents and injuries,Irritation,,,UP Road Maintenance Act 2017,2025-02-12 16:53:59.596,2025-02-05 00:00:00,2025-02-05 00:00:00,,,,,Air pollution due to traffic congestion,cm725g11700p3u6o4fjyyfwrg,cm725dg3k0003u6h4e8f3kb9h,cm725hmsi01nuu6o4p3w3d3fi
cm725hmxl01nxu6o4wn96014v,Public Transport Issue in Varanasi,बसों की कमी है। लंबा इंतजार करने के बाद भी बस नहीं आती।,Public Transport,Transportation,Bus Services,28,Open,Medium,MEDIUM,false,Loss of productivity,Inconvenience for daily commuters,Frustration,,,UP Public Transport Act 2018,2025-02-12 16:53:59.769,2025-02-05 00:00:00,2025-02-05 00:00:00,,,,,Increased pollution due to private vehicle usage,cm725g16600p6u6o44jkzah84,cm725dggi000cu6h4gbmwutvf,cm725hmxb01nwu6o40hk5bpvm
cm725hn1n01nzu6o4ggvgmtp5,Health Services Issue in Bareilly,सरकारी अस्पतालों में डॉक्टरों की कमी है और मरीजों को ठीक से इलाज नहीं मिल पाता।,Health Services,Healthcare,Public Health,29,Open,High,MEDIUM,false,Increased medical expenses,Poor health outcomes,Helplessness,,,UP Health Services Act 2015,2025-02-12 16:53:59.915,2025-02-05 00:00:00,2025-02-05 00:00:00,,,,,None,cm725eya10055u6o49m2dosn8,cm725dg6o0005u6h4jkjbkawz,cm725hmzy01nyu6o4ygwlaqoo
cm725hn4r01o1u6o49qoxsmyc,Police & Law Issue in Gorakhpur,पुलिस का रवैया बहुत ही खराब है। कोई भी शिकायत सुनी नहीं जाती।,Police & Law,Law Enforcement,Crime Control,28,Open,High,MEDIUM,false,Loss of business due to crime,Increased fear and insecurity among residents,Anger,,,UP Police Act 2018,2025-02-12 16:54:00.027,2025-02-05 00:00:00,2025-02-05 00:00:00,,,,,None,cm725et130009u6o45e2rnkk7,cm725dg830006u6h44jyrjmcn,cm725hn4501o0u6o43252oaih
cm725hnax01o3u6o4avpzpwc8,Education Issue in Saharanpur,स्कूलों में पढ़ाई का स्तर बहुत खराब है। शिक्षक बच्चों को ठीक से पढ़ाने के बजाय अपनी छुट्टियां लेते रहते हैं।,Education,Education,School Curriculum,29,Open,High,MEDIUM,false,Increased private tuition costs,Poor educational outcomes,Concern,,,UP Education Act 2014,2025-02-12 16:54:00.249,2025-02-05 00:00:00,2025-02-05 00:00:00,,,,,None,cm725f38o0082u6o47edcxgkg,cm725dg9j0007u6h4tzh2udh2,cm725hnao01o2u6o4hsnvgyi0
cm725hner01o5u6o49vuux6ei,Water Supply Issue in Muzaffarnagar,"पानी की सप्लाई बहुत अस्थिर रहती है। कभी बहुत कम पानी आता है, तो कभी बिल्कुल नहीं आता।",Water Supply,Utilities,Water Distribution,26,Closed,High,MEDIUM,false,Additional water procurement costs,Disruption of daily life and hygiene,Frustration,,,UP Water Supply Act 2019,2025-02-12 16:54:00.387,2025-02-05 00:00:00,2025-02-05 00:00:00,,,,,Water wastage and contamination,cm725eu6h001cu6o4vigm0y34,cm725dgaz0008u6h4o1r9mtq7,cm725hnef01o4u6o4s44xhear
cm725hnhy01o7u6o451yx4a3e,Electricity Issue in Aligarh,बिजली की समस्याएं और बढ़ रही हैं। गर्मी में बिजली के बिना रहना बहुत कठिन हो जाता है।,Electricity,Utilities,Power Distribution,7,Closed,High,MEDIUM,false,Increased electricity costs,Disruption of daily activities,Exhaustion,,,UP Electricity Act 2017,2025-02-12 16:54:00.502,2025-02-05 00:00:00,2025-02-05 00:00:00,,,,,Increased generator usage causing pollution,cm725g1og00phu6o4zh6rk7qg,cm725dgc70009u6h4pqcjyeb5,cm725hngz01o6u6o4fzs5t1s9
cm725hnlw01o9u6o4cyfq48w5,Garbage Issue in Lucknow,कूड़ा उठाने वाली गाड़ी कभी भी समय पर नहीं आती। कूड़ा सड़कों पर पड़ा रहता है।,Garbage,Sanitation,Garbage Collection,3,Closed,High,MEDIUM,false,Increased healthcare costs,Health hazards and unhygienic conditions,Disgust,,,UP Sanitation Act 2018,2025-02-12 16:54:00.645,2025-02-05 00:00:00,2025-02-05 00:00:00,,,,,Pollution and pest infestation,cm725evj6002lu6o49iwg8kf9,cm725dgdh000au6h4fagm9twc,cm725hnlk01o8u6o4kmm1rwq0
cm725hnri01obu6o4i6hsassm,Roads Issue in Agra,सड़कें खस्ता हालत में हैं। गड्ढों के कारण गाड़ी चलाना मुश्किल हो गया है।,Roads,Infrastructure,Road Maintenance,17,Open,High,MEDIUM,false,Vehicle repair costs,Increased accidents and injuries,Irritation,,,UP Road Maintenance Act 2017,2025-02-12 16:54:00.846,2025-02-05 00:00:00,2025-02-05 00:00:00,,,,,Air pollution due to traffic congestion,cm725evg6002iu6o4g8m3pf7v,cm725dg3k0003u6h4e8f3kb9h,cm725hnr401oau6o45qjhzc1r
cm725hnvu01odu6o43jqgbamy,Public Transport Issue in Jhansi,बसों की हालत बहुत खराब हो गई है। सीटें भी बहुत गंदी रहती हैं।,Public Transport,Transportation,Bus Services,7,Open,Medium,MEDIUM,false,Loss of productivity,Inconvenience for daily commuters,Frustration,,,UP Public Transport Act 2018,2025-02-12 16:54:01.003,2025-02-05 00:00:00,2025-02-05 00:00:00,,,,,Increased pollution due to private vehicle usage,cm725espe0000u6o40tsgshuf,cm725dggi000cu6h4gbmwutvf,cm725hnuy01ocu6o4w7l769yn
cm725hnzn01ofu6o4ymcvhe0s,Health Services Issue in Moradabad,सरकारी अस्पतालों में दवाइयों की कमी और डॉक्टरों की अनुपस्थिति से मरीजों को बहुत तकलीफ होती है।,Health Services,Healthcare,Public Health,10,Closed,High,MEDIUM,false,Increased medical expenses,Poor health outcomes,Helplessness,,,UP Health Services Act 2015,2025-02-12 16:54:01.139,2025-02-05 00:00:00,2025-02-05 00:00:00,,,,,None,cm725g0lu00oyu6o4is4wx4t9,cm725dg6o0005u6h4jkjbkawz,cm725hnza01oeu6o4p99nhg6m
cm725ho4701ohu6o4ctmsbadg,Police & Law Issue in Meerut,पुलिस अपराधियों के खिलाफ कार्रवाई नहीं करती। स्थिति और भी बिगड़ रही है।,Police & Law,Law Enforcement,Crime Control,3,Closed,High,MEDIUM,false,Loss of business due to crime,Increased fear and insecurity among residents,Anger,,,UP Police Act 2018,2025-02-12 16:54:01.303,2025-02-05 00:00:00,2025-02-05 00:00:00,,,,,None,cm725et130009u6o45e2rnkk7,cm725dg830006u6h44jyrjmcn,cm725ho3x01ogu6o4wbvjjpqv
cm725ho8101oju6o43uf033s3,Education Issue in Gorakhpur,"स्कूलों में बच्चों को सही शिक्षा नहीं मिल रही। बहुत सी चीजें जो जीवन के लिए जरूरी हैं, वो भी नहीं सिखाई जातीं।",Education,Education,School Curriculum,13,In Progress,High,MEDIUM,false,Increased private tuition costs,Poor educational outcomes,Concern,,,UP Education Act 2014,2025-02-12 16:54:01.441,2025-02-05 00:00:00,2025-02-05 00:00:00,,,,,None,cm725f76900aku6o4l8t44bnc,cm725dg9j0007u6h4tzh2udh2,cm725ho7q01oiu6o474nr7dh0
cm725hobe01olu6o4858y5uwu,Water Supply Issue in Mathura,पानी की सप्लाई बहुत अस्थिर हो गई है। कई बार पूरे दिन पानी नहीं आता।,Water Supply,Utilities,Water Distribution,28,In Progress,High,MEDIUM,false,Additional water procurement costs,Disruption of daily life and hygiene,Frustration,,,UP Water Supply Act 2019,2025-02-12 16:54:01.562,2025-02-05 00:00:00,2025-02-05 00:00:00,,,,,Water wastage and contamination,cm725g2qr00pwu6o4s19pmfay,cm725dgaz0008u6h4o1r9mtq7,cm725hoav01oku6o449qqz8h5
cm725hofv01onu6o4i24kjhvv,Electricity Issue in Kanpur,गर्मी के मौसम में बिजली की कटौती बहुत बढ़ गई है। कई बार तो घंटों बिजली चली जाती है।,Electricity,Utilities,Power Distribution,20,Open,High,MEDIUM,false,Increased electricity costs,Disruption of daily activities,Exhaustion,,,UP Electricity Act 2017,2025-02-12 16:54:01.723,2025-02-05 00:00:00,2025-02-05 00:00:00,,,,,Increased generator usage causing pollution,cm725g2vg00pzu6o4pkl85lei,cm725dgc70009u6h4pqcjyeb5,cm725hofc01omu6o4j34qw9rv
cm725hokl01opu6o4jlohibl7,Health Services Issue in Kanpur,"Kanpur mein hospitals mein treatment ki quality bilkul bekar ho gayi hai, bahut der tak wait karna padta hai.",Health Services,Healthcare,Public Health,1,In Progress,High,MEDIUM,false,Increased medical expenses,Poor health outcomes,Concerned,,,UP Health Services Act 2015,2025-02-12 16:54:01.893,2025-02-05 00:00:00,2025-02-05 00:00:00,,,,,None,cm725euu3001xu6o4t56rbsbj,cm725dg6o0005u6h4jkjbkawz,cm725hok801oou6o47x1j9p39
cm725horw01oru6o4ib7qyfeq,Roads Issue in Agra,"Agra ke main roads pe potholes hai jo kaafi dangerous hai, aur koi bhi repair ka kaam nahi ho raha hai.",Roads,Infrastructure,Road Maintenance,23,In Progress,High,MEDIUM,false,Vehicle repair costs,Increased accidents and injuries,Angry,,,UP Road Maintenance Act 2017,2025-02-12 16:54:02.156,2025-02-05 00:00:00,2025-02-05 00:00:00,,,,,Air pollution due to traffic congestion,cm725g32z00q3u6o49lkygnnz,cm725dg3k0003u6h4e8f3kb9h,cm725horn01oqu6o4fzs14rfm
cm725houe01otu6o46aanx2x1,Water Supply Issue in Moradabad,Moradabad mein paani ki supply kaafi irregular ho gayi hai. Humare ghar mein ek mahine se paani ka issue chal raha hai.,Water Supply,Utilities,Water Distribution,4,Open,High,MEDIUM,false,Additional water procurement costs,Disruption of daily life and hygiene,Frustrated,,,UP Water Supply Act 2019,2025-02-12 16:54:02.246,2025-02-05 00:00:00,2025-02-05 00:00:00,,,,,Water wastage and contamination,cm725etmm000uu6o4ozfcze5n,cm725dgaz0008u6h4o1r9mtq7,cm725hou301osu6o4uwyrz0pq
cm725hoye01ovu6o4uhsm1516,Police & Law Issue in Aligarh,"Aligarh mein police ka response kaafi slow hai. Recently kuch logon ne mujhe darpoks kiya, par police ne koi action nahi liya.",Police & Law,Law Enforcement,Crime Control,22,Open,High,MEDIUM,false,Loss of business due to crime,Increased fear and insecurity among residents,Upset,,,UP Police Act 2018,2025-02-12 16:54:02.39,2025-02-05 00:00:00,2025-02-05 00:00:00,,,,,None,cm725fkm600h3u6o4etvgs877,cm725dg830006u6h44jyrjmcn,cm725howu01ouu6o4ejd911yy
cm725hpa701oyu6o4mjvgzk1z,जल आपूर्ति Issue in Agra,Pehle toh paani ka quality itna bekar hai ki peene layak nahi hai. Agra mein paani peena kaise ho sakta hai?,,जल आपूर्ति,जल गुणवत्ता,27,In Progress,उच्च,MEDIUM,false,मध्यम - पीने के पानी पर अतिरिक्त खर्च,उच्च - जन स्वास्थ्य पर गंभीर प्रभाव,Frustrated,,,"['जल शुद्धिकरण मानक', 'जल गुणवत्ता नियम']",2025-02-12 16:54:02.815,2025-02-05 00:00:00,2025-02-05 00:00:00,,,,,मध्यम - जल स्रोतों का प्रदूषण,cm725f76900aku6o4l8t44bnc,cm725hp1x01owu6o46gwd8ibx,cm725hp7201oxu6o4ox9n2b51
cm725hpco01p0u6o4dd8ny9mf,स्वास्थ्य Issue in Lucknow,Lucknow ke government hospital mein facilities bilkul khatam ho gayi hain. Doctor bhi properly available nahi hain!,,स्वास्थ्य,चिकित्सा सेवाएं,16,In Progress,उच्च,MEDIUM,false,उच्च - निजी अस्पतालों पर खर्च,उच्च - आम जनता का स्वास्थ्य प्रभावित,Angry,,,"['सार्वजनिक स्वास्थ्य नीति', 'अस्पताल प्रबंधन नियम']",2025-02-12 16:54:02.905,2025-02-05 00:00:00,2025-02-05 00:00:00,,,,,निम्न - सीमित प्रभाव,cm725fwlr00n6u6o4fkqgna0l,cm725dgpg000ru6h4pja8ts0a,cm725hpcf01ozu6o4waa3eluu
cm725hpgh01p3u6o4m7s3box5,सुरक्षा Issue in Varanasi,"Varanasi mein raat ke waqt galiyon mein chale jana bilkul unsafe ho gaya hai, bahut zyada loot-paat hoti hai!",,सुरक्षा,नागरिक सुरक्षा,22,In Progress,उच्च,MEDIUM,false,मध्यम - सुरक्षा उपायों पर खर्च,उच्च - नागरिक सुरक्षा प्रभावित,Fearful,,,"['नागरिक सुरक्षा अधिनियम', 'पुलिस नियम']",2025-02-12 16:54:03.041,2025-02-05 00:00:00,2025-02-05 00:00:00,,,,,निम्न - कोई प्रत्यक्ष प्रभाव नहीं,cm725hpei01p1u6o4ioy1b4ca,cm725dgqu000su6h4g27ffdzk,cm725hpg501p2u6o4jb0gki8i
cm725hpj901p4u6o4kqhn1qr3,स्वच्छता Issue in Kanpur,"Kanpur mein gali gali kachra hi kachra pada rehta hai, safai nahi ho rahi hai!",,स्वच्छता,कचरा प्रबंधन,21,Closed,उच्च,MEDIUM,false,मध्यम - स्वास्थ्य संबंधी खर्च,उच्च - सार्वजनिक स्वास्थ्य पर प्रभाव,Disgusted,,,"['स्वच्छ भारत अभियान', 'कचरा प्रबंधन नियम']",2025-02-12 16:54:03.142,2025-02-05 00:00:00,2025-02-05 00:00:00,,,,,उच्च - पर्यावरण प्रदूषण,cm725fhxg00fqu6o4onsoxav3,cm725gcgx00w1u6o446wznswt,cm725ft8n00lku6o4cpicw2xa
cm725hpow01p7u6o47ei6aruw,नागरिक सुविधाएं Issue in Ghaziabad,Ghaziabad mein public restrooms bilkul gande hote hain. Koi cleaning ka system nahi hai!,,नागरिक सुविधाएं,सार्वजनिक शौचालय,1,Open,मध्यम,MEDIUM,false,निम्न - सीमित आर्थिक प्रभाव,उच्च - सार्वजनिक सुविधाओं का प्रभाव,Annoyed,,,"['सार्वजनिक स्वच्छता नियम', 'शहरी विकास नीति']",2025-02-12 16:54:03.344,2025-02-05 00:00:00,2025-02-05 00:00:00,,,,,मध्यम - स्वच्छता संबंधी प्रभाव,cm725evst002tu6o4nf43xk4o,cm725hplz01p5u6o4lsir0e48,cm725hpoh01p6u6o4k12n2may
cm725hptz01pau6o4yv17sdm8,यातायात Issue in Noida,"Noida mein har time traffic jam hota hai, aur koi proper traffic control nahi hai!",,यातायात,यातायात प्रबंधन,16,In Progress,उच्च,MEDIUM,false,उच्च - ईंधन और समय की बर्बादी,उच्च - यातायात व्यवस्था प्रभावित,Irritated,,,"['यातायात नियंत्रण नियम', 'सड़क सुरक्षा नीति']",2025-02-12 16:54:03.527,2025-02-05 00:00:00,2025-02-05 00:00:00,,,,,उच्च - वाहन प्रदूषण,cm725hbvd01hiu6o4edt7lzy5,cm725hps101p8u6o4kbt5hwdn,cm725hpto01p9u6o4rwxi2qjl
cm725hpxw01pcu6o4q5dg7ql9,सार्वजनिक स्वास्थ्य Issue in Allahabad,"Allahabad mein public places pe sanitation facilities bilkul nahi hai, log kaise healthy rahenge?",,सार्वजनिक स्वास्थ्य,स्वच्छता सुविधाएं,12,In Progress,उच्च,MEDIUM,false,मध्यम - स्वास्थ्य देखभाल पर अतिरिक्त खर्च,उच्च - सार्वजनिक स्वास्थ्य का व्यापक प्रभाव,Worried,,,"['सार्वजनिक स्वास्थ्य नीति', 'स्वच्छता नियम']",2025-02-12 16:54:03.668,2025-02-05 00:00:00,2025-02-05 00:00:00,,,,,मध्यम - स्वच्छता संबंधी प्रभाव,cm725f46g008su6o4uwrwobrs,cm725dgpg000ru6h4pja8ts0a,cm725hpxk01pbu6o4adfvx119
cm725hq0n01peu6o4hgut0eh1,कानून व्यवस्था Issue in Meerut,Meerut mein baar baar theft aur dacoity ke cases ho rahe hain. Humari safety ka koi khayal nahi rakha ja raha!,,कानून व्यवस्था,नागरिक सुरक्षा,25,Open,उच्च,MEDIUM,false,मध्यम - सुरक्षा उपायों पर खर्च,उच्च - नागरिक सुरक्षा को खतरा,Fearful,,,"['पुलिस अधिनियम', 'सुरक्षा नियम']",2025-02-12 16:54:03.767,2025-02-05 00:00:00,2025-02-05 00:00:00,,,,,निम्न - कोई विशेष प्रभाव नहीं,cm725etjv000ru6o4daczpuqa,cm725dgqu000su6h4g27ffdzk,cm725hq0f01pdu6o48i8w9i1x
cm725hq6l01pgu6o475icjuam,स्वच्छता Issue in Mathura,"Mathura mein kachra collection bilkul time pe nahi hota, kabhi kachra galiyon mein bhi pada rehta hai.",,स्वच्छता,कचरा प्रबंधन,18,In Progress,उच्च,MEDIUM,false,मध्यम - स्वास्थ्य संबंधी खर्च,उच्च - सार्वजनिक स्वास्थ्य पर प्रभाव,Disappointed,,,"['स्वच्छ भारत अभियान', 'कचरा प्रबंधन नियम']",2025-02-12 16:54:03.981,2025-02-05 00:00:00,2025-02-05 00:00:00,,,,,उच्च - पर्यावरण प्रदूषण,cm725fiur00g6u6o4z0g4ml7s,cm725gcgx00w1u6o446wznswt,cm725hq3w01pfu6o4mvc01gym
cm725hqcv01pku6o4446cy8eb,बिजली आपूर्ति Issue in Bareilly,"Bareilly mein baar baar electricity cut ho jata hai, ghar ka kaam kaise karein?",,बिजली आपूर्ति,बिजली कटौती,11,In Progress,उच्च,MEDIUM,false,मध्यम - वैकल्पिक ऊर्जा स्रोतों पर खर्च,उच्च - जनजीवन प्रभावित,Frustrated,,,"['बिजली आपूर्ति नियम', 'ऊर्जा संरक्षण नीति']",2025-02-12 16:54:04.207,2025-02-05 00:00:00,2025-02-05 00:00:00,,,,,निम्न - सीमित प्रभाव,cm725hqc401piu6o4pm5zuu08,cm725hqa701phu6o42i2gr7zg,cm725hqcm01pju6o4i3m0yr4t
cm725hqgf01pnu6o43ttwii2c,परिवहन Issue in Agra,Agra mein bus aur auto ki frequency bahut low hai. Aise kaise public ko transport milega?,,परिवहन,सार्वजनिक परिवहन,24,Closed,उच्च,MEDIUM,false,मध्यम - वैकल्पिक परिवहन पर खर्च,उच्च - जनजीवन प्रभावित,Angry,,,"['सार्वजनिक परिवहन नीति', 'यातायात नियम']",2025-02-12 16:54:04.336,2025-02-05 00:00:00,2025-02-05 00:00:00,,,,,निम्न - सीमित प्रभाव,cm725hqfm01plu6o4pem4bxgl,cm725gcpm00w7u6o4lor42o0u,cm725hqg501pmu6o4dogj1sh7
cm725hqma01pru6o4bod2fcj2,पर्यावरण Issue in Lucknow,Lucknow mein har jagah loudspeakers ki awaaz sunayi deti hai. Kahan se shanti milegi?,,पर्यावरण,ध्वनि प्रदूषण,2,Open,मध्यम,MEDIUM,false,निम्न - सीमित प्रभाव,उच्च - जनजीवन प्रभावित,Annoyed,,,"['ध्वनि प्रदूषण नियंत्रण नियम', 'पर्यावरण संरक्षण अधिनियम']",2025-02-12 16:54:04.546,2025-02-05 00:00:00,2025-02-05 00:00:00,,,,,मध्यम - ध्वनि प्रदूषण,cm725hqlf01ppu6o4fbbz7meq,cm725hqjh01pou6o4hn0kliog,cm725hqly01pqu6o4ogl1l4uu
cm725hqqe01puu6o4hohkllj4,जल आपूर्ति Issue in Varanasi,"Varanasi mein paani supply nahi milta, din bhar paani ke liye line lagani padti hai.",,जल आपूर्ति,जल वितरण,30,In Progress,उच्च,MEDIUM,false,मध्यम - वैकल्पिक जल स्रोतों पर खर्च,उच्च - जनजीवन प्रभावित,Frustrated,,,"['जल आपूर्ति नीति', 'जल संरक्षण नियम']",2025-02-12 16:54:04.694,2025-02-05 00:00:00,2025-02-05 00:00:00,,,,,मध्यम - जल स्रोतों का दोहन,cm725hqov01psu6o4oe087rnu,cm725hp1x01owu6o46gwd8ibx,cm725hqq301ptu6o4qstzxqya
cm725hqus01pxu6o42g3kzldc,स्वास्थ्य Issue in Kanpur,"Kanpur mein government hospital mein doctors ki shortage hai, emergency mein kaise ilaj milega?",,स्वास्थ्य,चिकित्सा सेवाएं,8,In Progress,उच्च,MEDIUM,false,उच्च - निजी अस्पतालों पर खर्च,उच्च - जन स्वास्थ्य प्रभावित,Disgusted,,,"['सार्वजनिक स्वास्थ्य नीति', 'अस्पताल प्रबंधन नियम']",2025-02-12 16:54:04.852,2025-02-05 00:00:00,2025-02-05 00:00:00,,,,,निम्न - सीमित प्रभाव,cm725hqsn01pvu6o4dkxpmkxk,cm725dgpg000ru6h4pja8ts0a,cm725hqtu01pwu6o4y77efd0d
cm725hqyb01q0u6o4hjo1cu5v,यातायात Issue in Gorakhpur,"Gorakhpur mein sadak pe bohot khadde hain, accidents ke chances badh rahe hain!",,यातायात,सड़क सुरक्षा,8,In Progress,उच्च,MEDIUM,false,मध्यम - वाहन मरम्मत पर खर्च,उच्च - जनजीवन प्रभावित,Fearful,,,"['सड़क सुरक्षा नीति', 'यातायात नियम']",2025-02-12 16:54:04.979,2025-02-05 00:00:00,2025-02-05 00:00:00,,,,,निम्न - सीमित प्रभाव,cm725hqwj01pyu6o43ub11vdf,cm725hps101p8u6o4kbt5hwdn,cm725hqx001pzu6o4pidst3wk
cm725hr2701q3u6o43ukya264,परिवहन Issue in Noida,Noida mein metro ka rush unbearable ho gaya hai. Logon ko space nahi milta.,,परिवहन,सार्वजनिक परिवहन,26,In Progress,उच्च,MEDIUM,false,मध्यम - वैकल्पिक परिवहन पर खर्च,उच्च - जनजीवन प्रभावित,Irritated,,,"['सार्वजनिक परिवहन नीति', 'यातायात नियम']",2025-02-12 16:54:05.119,2025-02-05 00:00:00,2025-02-05 00:00:00,,,,,निम्न - सीमित प्रभाव,cm725hr1e01q1u6o4zgio34xy,cm725gcpm00w7u6o4lor42o0u,cm725hr1v01q2u6o4fo23ygn4
cm725hr6801q6u6o4mjcldu3n,प्रशासन Issue in Meerut,"Meerut ke offices mein kaafi corruption chal raha hai, koi kaam bina paisa diye nahi hota!",,प्रशासन,भ्रष्टाचार,10,In Progress,उच्च,MEDIUM,false,उच्च - भ्रष्टाचार के कारण आर्थिक नुकसान,उच्च - जनजीवन प्रभावित,Angry,,,"['भ्रष्टाचार निवारण अधिनियम', 'नैतिक आचरण नियम']",2025-02-12 16:54:05.265,2025-02-05 00:00:00,2025-02-05 00:00:00,,,,,निम्न - सीमित प्रभाव,cm725hr5801q4u6o4bzhg4vt7,cm725dhjp001ku6h46h56cs13,cm725hr5x01q5u6o4o4bvpjhm
cm725hrau01q8u6o48lnc4nig,सुरक्षा Issue in Mathura,Mathura mein raat ko ghar se bahar jaana risky ho gaya hai. Crime badh gaya hai.,,सुरक्षा,नागरिक सुरक्षा,21,In Progress,उच्च,MEDIUM,false,मध्यम - सुरक्षा उपायों पर खर्च,उच्च - नागरिक सुरक्षा प्रभावित,Fearful,,,"['नागरिक सुरक्षा अधिनियम', 'पुलिस नियम']",2025-02-12 16:54:05.43,2025-02-05 00:00:00,2025-02-05 00:00:00,,,,,निम्न - कोई प्रत्यक्ष प्रभाव नहीं,cm725espe0000u6o40tsgshuf,cm725dgqu000su6h4g27ffdzk,cm725hr9s01q7u6o44ydfcpfq
cm725hrdw01qau6o4lypq2nmv,स्वच्छता Issue in Aligarh,"Aligarh ke school mein washroom bilkul gande hote hain, humare bacche kaise use karein?",,स्वच्छता,स्कूल स्वच्छता,5,Open,उच्च,MEDIUM,false,मध्यम - स्वास्थ्य देखभाल पर खर्च,उच्च - जन स्वास्थ्य प्रभावित,Disgusted,,,"['स्वच्छ भारत अभियान', 'स्वच्छता नियम']",2025-02-12 16:54:05.54,2025-02-05 00:00:00,2025-02-05 00:00:00,,,,,मध्यम - स्वच्छता संबंधी प्रभाव,cm725g99r00u2u6o4orqbl58b,cm725dgse000tu6h4upm5zpn9,cm725hrcz01q9u6o44kcy8txs
cm725hrjc01qcu6o4pi93x89l,बिजली आपूर्ति Issue in Agra,"Agra mein barish ke baad electricity baar baar chale jaati hai, ghar ke kaam kaise ho?",,बिजली आपूर्ति,बिजली कटौती,8,Closed,उच्च,MEDIUM,false,मध्यम - वैकल्पिक ऊर्जा स्रोतों पर खर्च,उच्च - जनजीवन प्रभावित,Frustrated,,,"['बिजली आपूर्ति नियम', 'ऊर्जा संरक्षण नीति']",2025-02-12 16:54:05.737,2025-02-05 00:00:00,2025-02-05 00:00:00,,,,,निम्न - सीमित प्रभाव,cm725euec001iu6o4lkh68e2v,cm725hqa701phu6o42i2gr7zg,cm725hri901qbu6o4zclo6a2v
cm725hrnn01qfu6o4joobc9r4,परिवहन Issue in Lucknow,"Lucknow mein public transport ki situation bahut kharab hai, time par bus ya auto milta hi nahi!",,परिवहन,सार्वजनिक परिवहन,14,Open,उच्च,MEDIUM,false,मध्यम - वैकल्पिक परिवहन पर खर्च,उच्च - जनजीवन प्रभावित,Irritated,,,"['सार्वजनिक परिवहन नीति', 'यातायात नियम']",2025-02-12 16:54:05.891,2025-02-05 00:00:00,2025-02-05 00:00:00,,,,,निम्न - सीमित प्रभाव,cm725hrly01qdu6o4jzf7ejer,cm725gcpm00w7u6o4lor42o0u,cm725hrmj01qeu6o45g0o5nq4
cm725hrs401qiu6o4zc7u9omo,स्वच्छता Issue in Bareilly,"Bareilly mein gande kachre ka pile-up ho gaya hai, safai ke liye koi effort nahi ho raha!",,स्वच्छता,कचरा प्रबंधन,11,In Progress,उच्च,MEDIUM,false,मध्यम - स्वास्थ्य संबंधी खर्च,उच्च - सार्वजनिक स्वास्थ्य पर प्रभाव,Disgusted,,,"['स्वच्छ भारत अभियान', 'कचरा प्रबंधन नियम']",2025-02-12 16:54:06.052,2025-02-05 00:00:00,2025-02-05 00:00:00,,,,,उच्च - पर्यावरण प्रदूषण,cm725hrr501qgu6o4gthz1s8a,cm725gcgx00w1u6o446wznswt,cm725hrrs01qhu6o4eeuxh7q4
cm725hs1y01qlu6o4tnyy5im3,जल आपूर्ति Issue in Varanasi,"Varanasi mein paani ka pressure bilkul kam hai, kaafi dinon se normal paani supply nahi mil rahi!",,जल आपूर्ति,जल वितरण,18,Closed,उच्च,MEDIUM,false,मध्यम - वैकल्पिक जल स्रोतों पर खर्च,उच्च - जनजीवन प्रभावित,Frustrated,,,"['जल आपूर्ति नीति', 'जल संरक्षण नियम']",2025-02-12 16:54:06.406,2025-02-05 00:00:00,2025-02-05 00:00:00,,,,,मध्यम - जल स्रोतों का दोहन,cm725hrv201qju6o4fer0dtp4,cm725hp1x01owu6o46gwd8ibx,cm725hrw601qku6o4j7d7kb60
cm725hsgz01qou6o4d4ft4304,सुरक्षा Issue in Allahabad,"Allahabad mein raat ko sadak pe nikalna unsafe ho gaya hai, road pe dacoits ka activity badh gayi hai!",,सुरक्षा,नागरिक सुरक्षा,25,In Progress,उच्च,MEDIUM,false,मध्यम - सुरक्षा उपायों पर खर्च,उच्च - नागरिक सुरक्षा प्रभावित,Fearful,,,"['नागरिक सुरक्षा अधिनियम', 'पुलिस नियम']",2025-02-12 16:54:06.948,2025-02-05 00:00:00,2025-02-05 00:00:00,,,,,निम्न - कोई प्रत्यक्ष प्रभाव नहीं,cm725hsfs01qmu6o4mqyb5eg1,cm725dgqu000su6h4g27ffdzk,cm725hsgo01qnu6o4zhevimze
cm725hsjj01qqu6o409sm52s6,यातायात Issue in Noida,"Noida mein traffic ka situation har din worse ho raha hai, kuch control nahi ho raha!",,यातायात,यातायात प्रबंधन,13,Closed,उच्च,MEDIUM,false,उच्च - ईंधन और समय की बर्बादी,उच्च - यातायात व्यवस्था प्रभावित,Annoyed,,,"['यातायात नियंत्रण नियम', 'सड़क सुरक्षा नीति']",2025-02-12 16:54:07.04,2025-02-05 00:00:00,2025-02-05 00:00:00,,,,,उच्च - वाहन प्रदूषण,cm725fjp500glu6o41jvpfq6x,cm725hps101p8u6o4kbt5hwdn,cm725hsj901qpu6o4hrzh9fyl
cm725hsm001qsu6o47aho6exy,स्वास्थ्य Issue in Kanpur,"Kanpur mein health services itni poor ho gayi hain, hospital mein doctors ka attendance bhi nahi hai!",,स्वास्थ्य,चिकित्सा सेवाएं,6,Closed,उच्च,MEDIUM,false,उच्च - निजी अस्पतालों पर खर्च,उच्च - जन स्वास्थ्य प्रभावित,Disappointed,,,"['सार्वजनिक स्वास्थ्य नीति', 'अस्पताल प्रबंधन नियम']",2025-02-12 16:54:07.128,2025-02-05 00:00:00,2025-02-05 00:00:00,,,,,निम्न - सीमित प्रभाव,cm725hslj01qru6o4idrgyfph,cm725dgpg000ru6h4pja8ts0a,cm725hok801oou6o47x1j9p39
cm725hson01qvu6o44q2iwxvv,जल आपूर्ति Issue in Lucknow,"Lucknow mein paani ka quality bilkul khatam hai, itna ganda paani mil raha hai!",,जल आपूर्ति,जल गुणवत्ता,2,In Progress,उच्च,MEDIUM,false,मध्यम - पीने के पानी पर अतिरिक्त खर्च,उच्च - जन स्वास्थ्य पर गंभीर प्रभाव,Frustrated,,,"['जल शुद्धिकरण मानक', 'जल गुणवत्ता नियम']",2025-02-12 16:54:07.223,2025-02-05 00:00:00,2025-02-05 00:00:00,,,,,मध्यम - जल स्रोतों का प्रदूषण,cm725hsnu01qtu6o4ub7p03bn,cm725hp1x01owu6o46gwd8ibx,cm725hsoe01quu6o42wxdzvdy
cm725hsrk01qyu6o4nr4cn88o,बिजली आपूर्ति Issue in Gorakhpur,"Gorakhpur mein baar baar electricity ka supply band ho jata hai, kaafi dinon se problem chal raha hai!",,बिजली आपूर्ति,बिजली कटौती,1,In Progress,उच्च,MEDIUM,false,मध्यम - वैकल्पिक ऊर्जा स्रोतों पर खर्च,उच्च - जनजीवन प्रभावित,Angry,,,"['बिजली आपूर्ति नियम', 'ऊर्जा संरक्षण नीति']",2025-02-12 16:54:07.329,2025-02-05 00:00:00,2025-02-05 00:00:00,,,,,निम्न - सीमित प्रभाव,cm725hsqd01qwu6o4pivd9rnl,cm725hqa701phu6o42i2gr7zg,cm725hsr801qxu6o4mfxx8w9s
cm725hsur01r1u6o49n7txswg,परिवहन Issue in Agra,"Agra mein public transport ki situation bilkul khatam ho gayi hai, buses late chalti hain aur overcrowded hoti hain!",,परिवहन,सार्वजनिक परिवहन,21,Open,उच्च,MEDIUM,false,मध्यम - वैकल्पिक परिवहन पर खर्च,उच्च - जनजीवन प्रभावित,Irritated,,,"['सार्वजनिक परिवहन नीति', 'यातायात नियम']",2025-02-12 16:54:07.443,2025-02-05 00:00:00,2025-02-05 00:00:00,,,,,निम्न - सीमित प्रभाव,cm725hsty01qzu6o4elys1cre,cm725gcpm00w7u6o4lor42o0u,cm725hsug01r0u6o4z2c66ra0
cm725hsxx01r3u6o4cf3vodxr,पर्यावरण Issue in Meerut,"Meerut mein har jagah loudspeakers ki awaaz sunayi deti hai, yeh noise pollution ka level kam nahi ho raha!",,पर्यावरण,ध्वनि प्रदूषण,15,Closed,मध्यम,MEDIUM,false,निम्न - सीमित प्रभाव,उच्च - जनजीवन प्रभावित,Annoyed,,,"['ध्वनि प्रदूषण नियंत्रण नियम', 'पर्यावरण संरक्षण अधिनियम']",2025-02-12 16:54:07.557,2025-02-05 00:00:00,2025-02-05 00:00:00,,,,,मध्यम - ध्वनि प्रदूषण,cm725f0xi006ju6o4lt8k68pp,cm725hqjh01pou6o4hn0kliog,cm725hsxi01r2u6o4ifmjbtrc
cm725ht1501r6u6o48e8pa8xb,स्वच्छता Issue in Aligarh,"Aligarh mein public toilets ki condition bahut khatam ho gayi hai, bilkul safai nahi hai!",,स्वच्छता,सार्वजनिक शौचालय,9,Closed,उच्च,MEDIUM,false,मध्यम - स्वास्थ्य देखभाल पर खर्च,उच्च - जन स्वास्थ्य प्रभावित,Disgusted,,,"['स्वच्छ भारत अभियान', 'स्वच्छता नियम']",2025-02-12 16:54:07.673,2025-02-05 00:00:00,2025-02-05 00:00:00,,,,,मध्यम - स्वच्छता संबंधी प्रभाव,cm725hszq01r4u6o4mfbj6skq,cm725gcgx00w1u6o446wznswt,cm725ht0v01r5u6o4xml59rpf
cm725ht4l01r9u6o4i7fn4qsd,यातायात Issue in Lucknow,"Lucknow ke roads mein kaafi potholes hain, khadde bharne ki koi dikkat nahi hai!",,यातायात,सड़क सुरक्षा,13,Closed,उच्च,MEDIUM,false,मध्यम - वाहन मरम्मत पर खर्च,उच्च - जनजीवन प्रभावित,Frustrated,,,"['सड़क सुरक्षा नीति', 'यातायात नियम']",2025-02-12 16:54:07.797,2025-02-05 00:00:00,2025-02-05 00:00:00,,,,,निम्न - सीमित प्रभाव,cm725ht3c01r7u6o4j88kxypz,cm725hps101p8u6o4kbt5hwdn,cm725ht4501r8u6o4zadi91n2
cm725ht7k01rcu6o4h9orgnq1,स्वच्छता Issue in Mathura,"Mathura mein garbage collection ki facility bilkul khatam ho gayi hai, galiyon mein kachra bhar gaya hai!",,स्वच्छता,कचरा प्रबंधन,9,Closed,उच्च,MEDIUM,false,मध्यम - स्वास्थ्य संबंधी खर्च,उच्च - सार्वजनिक स्वास्थ्य पर प्रभाव,Disappointed,,,"['स्वच्छ भारत अभियान', 'कचरा प्रबंधन नियम']",2025-02-12 16:54:07.904,2025-02-05 00:00:00,2025-02-05 00:00:00,,,,,उच्च - पर्यावरण प्रदूषण,cm725ht6u01rau6o45adaso7k,cm725gcgx00w1u6o446wznswt,cm725ht7b01rbu6o47gn9d92a
cm725htba01rfu6o4759oc4w3,प्रशासन Issue in Kanpur,"Kanpur ke officials mein corruption bahut badh gaya hai, bina paisa diye koi kaam nahi hota!",,प्रशासन,भ्रष्टाचार,29,Open,उच्च,MEDIUM,false,उच्च - भ्रष्टाचार के कारण आर्थिक नुकसान,उच्च - जनजीवन प्रभावित,Angry,,,"['भ्रष्टाचार निवारण अधिनियम', 'नैतिक आचरण नियम']",2025-02-12 16:54:08.038,2025-02-05 00:00:00,2025-02-05 00:00:00,,,,,निम्न - सीमित प्रभाव,cm725ht9x01rdu6o4db9puqou,cm725dhjp001ku6h46h56cs13,cm725htax01reu6o41ymc71k5
cm725htdw01riu6o4b1x6d5r3,कानून व्यवस्था Issue in Varanasi,"Varanasi mein night time mein ghar ke bahar jaana unsafe ho gaya hai, koi safety measures nahi hain!",,कानून व्यवस्था,नागरिक सुरक्षा,12,Closed,उच्च,MEDIUM,false,मध्यम - सुरक्षा उपायों पर खर्च,उच्च - नागरिक सुरक्षा को खतरा,Fearful,,,"['पुलिस अधिनियम', 'सुरक्षा नियम']",2025-02-12 16:54:08.132,2025-02-05 00:00:00,2025-02-05 00:00:00,,,,,निम्न - कोई विशेष प्रभाव नहीं,cm725htd701rgu6o4ltdhe7mr,cm725dgqu000su6h4g27ffdzk,cm725htdn01rhu6o46vgf51w5
cm725hthb01rlu6o4ygf49ozw,नागरिक सुविधाएं Issue in Agra,Agra mein public washrooms itne gande hote hain ki unhe use karna bilkul impossible ho gaya hai!,,नागरिक सुविधाएं,सार्वजनिक शौचालय,4,In Progress,मध्यम,MEDIUM,false,निम्न - सीमित आर्थिक प्रभाव,उच्च - सार्वजनिक सुविधाओं का प्रभाव,Annoyed,,,"['सार्वजनिक स्वच्छता नियम', 'शहरी विकास नीति']",2025-02-12 16:54:08.255,2025-02-05 00:00:00,2025-02-05 00:00:00,,,,,मध्यम - स्वच्छता संबंधी प्रभाव,cm725htge01rju6o4l7p0gk1l,cm725hplz01p5u6o4lsir0e48,cm725hth001rku6o49ry9npb5
cm725htjz01rou6o4mwdlae5c,यातायात Issue in Noida,"Noida mein road blockages har din hoti hain, aur traffic management ka koi solution nahi nikala gaya!",,यातायात,यातायात प्रबंधन,3,In Progress,उच्च,MEDIUM,false,उच्च - ईंधन और समय की बर्बादी,उच्च - यातायात व्यवस्था प्रभावित,Irritated,,,"['यातायात नियंत्रण नियम', 'सड़क सुरक्षा नीति']",2025-02-12 16:54:08.351,2025-02-05 00:00:00,2025-02-05 00:00:00,,,,,उच्च - वाहन प्रदूषण,cm725htj901rmu6o4opg3l65s,cm725hps101p8u6o4kbt5hwdn,cm725htjp01rnu6o49naphodw
cm725htn401rqu6o4jg4g9v67,Roads Issue in Jhansi,सड़क की हालत बहुत खराब है। गड्ढों में गाड़ियां फंस जाती हैं। अधिकारियों को कोई फर्क नहीं पड़ता।,Roads,Infrastructure,Road Maintenance,22,Open,High,MEDIUM,false,"Vehicle maintenance costs, transportation delays",High impact on daily commute and public safety,Irritation,,,UP Road Maintenance Policy 2021,2025-02-12 16:54:08.464,2025-02-05 00:00:00,2025-02-05 00:00:00,,,,,"Increased dust pollution, water logging during rains",cm725espe0000u6o40tsgshuf,cm725dg3k0003u6h4e8f3kb9h,cm725htmo01rpu6o40s139z1w
cm725htpv01rsu6o4neusxfra,Public Transport Issue in Mathura,"बसों में सफर करना बहुत कठिन हो गया है। बहुत भीड़ होती है, और बस समय पर नहीं आती।",Public Transport,Transportation,Bus Services,19,Open,Medium,MEDIUM,false,"Lost work hours, increased transportation costs",Affects daily commuters and workers,Annoyance,,,UP Public Transport Regulation 2020,2025-02-12 16:54:08.563,2025-02-05 00:00:00,2025-02-05 00:00:00,,,,,Higher carbon emissions due to overcrowding,cm725esuf0003u6o4xgsfqsck,cm725dg560004u6h4g36ue2gh,cm725htpc01rru6o4yk81l4z4
cm725htt801ruu6o4a0s9g4ve,Health Services Issue in Lucknow,"सरकारी अस्पतालों में डॉक्टरों की कमी है, और जब डॉक्टर होते हैं तो इलाज बहुत धीमा होता है।",Health Services,Healthcare,Hospital Services,24,Closed,High,MEDIUM,false,"Increased healthcare costs, lost work hours",Affects patient health and well-being,Helplessness,,,UP Health Services Improvement Act 2019,2025-02-12 16:54:08.683,2025-02-05 00:00:00,2025-02-05 00:00:00,,,,,None,cm725g0lu00oyu6o4is4wx4t9,cm725dg6o0005u6h4jkjbkawz,cm725htsh01rtu6o4bwi066nz
cm725htvv01rwu6o4i87s0gas,Police & Law Issue in Agra,पुलिस कभी भी आपराधिक घटनाओं पर जल्दी प्रतिक्रिया नहीं देती। शिकायत करने पर भी कोई कार्रवाई नहीं होती।,Police & Law,Law and Order,Police Services,2,Closed,High,MEDIUM,false,Increased crime-related costs,Affects public safety and trust in law enforcement,Frustration,,,UP Police Reform Act 2020,2025-02-12 16:54:08.779,2025-02-05 00:00:00,2025-02-05 00:00:00,,,,,None,cm725ezgy005uu6o4lsw2iddh,cm725dg830006u6h44jyrjmcn,cm725htvm01rvu6o4fr7if4gg
cm725htyl01ryu6o434lhzruv,Education Issue in Ghaziabad,"स्कूलों में पर्याप्त शिक्षक नहीं हैं और जो हैं, वे भी पाठ्यक्रम पूरा नहीं कर पाते।",Education,Education,School Services,9,Open,Medium,MEDIUM,false,Increased private tuition costs,Affects student learning and future prospects,Concern,,,UP Education Improvement Act 2018,2025-02-12 16:54:08.878,2025-02-05 00:00:00,2025-02-05 00:00:00,,,,,None,cm725hdxy01ipu6o45042sto7,cm725dg9j0007u6h4tzh2udh2,cm725htyc01rxu6o4dua1ngt5
cm725hu1b01s0u6o4exhuybfb,Water Supply Issue in Meerut,पानी की सप्लाई कभी नियमित नहीं रहती। कई बार तो पूरे दिन पानी नहीं आता।,Water Supply,Utilities,Water Supply,24,In Progress,High,MEDIUM,false,Increased water procurement costs,Affects daily living and hygiene,Disappointment,,,UP Water Supply Regulation 2019,2025-02-12 16:54:08.975,2025-02-05 00:00:00,2025-02-05 00:00:00,,,,,Water wastage,cm725fiur00g6u6o4z0g4ml7s,cm725dgaz0008u6h4o1r9mtq7,cm725hu1001rzu6o4qnf21b6i
cm725hu4101s2u6o4it3ffmhn,Electricity Issue in Bijnor,बिजली की समस्या लगातार बढ़ती जा रही है। गर्मी में बिजली की कमी और ज्यादा महसूस हो रही है।,Electricity,Utilities,Electricity Supply,11,Closed,High,MEDIUM,false,"Increased electricity costs, appliance damage",Affects daily living and comfort,Exhaustion,,,UP Electricity Supply Act 2020,2025-02-12 16:54:09.074,2025-02-05 00:00:00,2025-02-05 00:00:00,,,,,Increased use of generators,cm725et78000fu6o4prqzrin9,cm725dgc70009u6h4pqcjyeb5,cm725hu3t01s1u6o44nbibnbo
cm725hu6i01s4u6o4h71thzvz,Garbage Issue in Lucknow,"कूड़ा हर जगह फैला हुआ है, और सफाई कर्मचारियों का ध्यान नहीं है।",Garbage,Sanitation,Garbage Collection,9,Closed,High,MEDIUM,false,Increased cleaning costs,Affects public health and hygiene,Disgust,,,UP Sanitation Act 2018,2025-02-12 16:54:09.162,2025-02-05 00:00:00,2025-02-05 00:00:00,,,,,Pollution and disease spread,cm725hede01iyu6o4lt87ugbj,cm725dgdh000au6h4fagm9twc,cm725hu6801s3u6o4d2wrcrmm
cm725hu9s01s7u6o4c6ac4cij,Roads Issue in Aligarh,सड़कों पर गड्ढे इतने बढ़ चुके हैं कि गाड़ी चलाना मुश्किल हो गया है।,Roads,Infrastructure,Road Maintenance,27,Closed,High,MEDIUM,false,"Vehicle maintenance costs, transportation delays",High impact on daily commute and public safety,Anger,,,UP Road Maintenance Policy 2021,2025-02-12 16:54:09.28,2025-02-05 00:00:00,2025-02-05 00:00:00,,,,,"Increased dust pollution, water logging during rains",cm725hu8o01s5u6o4pzqwejqh,cm725dg3k0003u6h4e8f3kb9h,cm725hu9a01s6u6o4v0cbh40h
cm725hucj01s9u6o4fyoskprw,Public Transport Issue in Gorakhpur,"ट्रेनें अक्सर देरी से आती हैं, और कभी-कभी पूरी तरह से रद्द हो जाती हैं।",Public Transport,Transportation,Train Services,17,Open,Medium,MEDIUM,false,"Lost work hours, increased transportation costs",Affects daily commuters and workers,Irritation,,,UP Public Transport Regulation 2020,2025-02-12 16:54:09.379,2025-02-05 00:00:00,2025-02-05 00:00:00,,,,,Higher carbon emissions due to overcrowding,cm725et4a000cu6o41zd7iqyb,cm725dg560004u6h4g36ue2gh,cm725huc801s8u6o4ild7jvu4
cm725huf001sbu6o49fmut3kl,Health Services Issue in Jhansi,"अस्पतालों में सुविधाओं की भारी कमी है। डॉक्टरों की बहुत कमी है, और इलाज ठीक से नहीं हो पाता।",Health Services,Healthcare,Hospital Services,6,In Progress,High,MEDIUM,false,"Increased healthcare costs, lost work hours",Affects patient health and well-being,Frustration,,,UP Health Services Improvement Act 2019,2025-02-12 16:54:09.468,2025-02-05 00:00:00,2025-02-05 00:00:00,,,,,None,cm725huek01sau6o4ul2uy9np,cm725dg6o0005u6h4jkjbkawz,cm725fci100d6u6o4zt4rhbcq
cm725huhi01sdu6o4tdehfhla,Police & Law Issue in Kanpur,पुलिस अपनी जिम्मेदारी निभाने में नाकाम है। अपराधियों के खिलाफ कोई कड़ी कार्रवाई नहीं होती।,Police & Law,Law and Order,Police Services,25,In Progress,High,MEDIUM,false,Increased crime-related costs,Affects public safety and trust in law enforcement,Anger,,,UP Police Reform Act 2020,2025-02-12 16:54:09.557,2025-02-05 00:00:00,2025-02-05 00:00:00,,,,,None,cm725hr5801q4u6o4bzhg4vt7,cm725dg830006u6h44jyrjmcn,cm725huh801scu6o44p7uhujl
cm725huk601seu6o43lmr7eg4,Education Issue in Varanasi,स्कूलों में गुणवत्ता वाली शिक्षा नहीं दी जाती। शिक्षक भी हमेशा अनुपस्थित रहते हैं।,Education,Education,School Services,22,Closed,Medium,MEDIUM,false,Increased private tuition costs,Affects student learning and future prospects,Concern,,,UP Education Improvement Act 2018,2025-02-12 16:54:09.654,2025-02-05 00:00:00,2025-02-05 00:00:00,,,,,None,cm725fsng00l9u6o47n2xgem9,cm725dg9j0007u6h4tzh2udh2,cm725h11f01beu6o4whk6eewt
cm725hun501sgu6o4uyc2f93n,Water Supply Issue in Faizabad,"पानी की सप्लाई में बहुत गंदगी आती है। नल से गंदा पानी आता है, और ये कई बार होता है।",Water Supply,Utilities,Water Supply,14,Open,High,MEDIUM,false,Increased water procurement costs,Affects daily living and hygiene,Frustration,,,UP Water Supply Regulation 2019,2025-02-12 16:54:09.762,2025-02-05 00:00:00,2025-02-05 00:00:00,,,,,Water wastage,cm725f76900aku6o4l8t44bnc,cm725dgaz0008u6h4o1r9mtq7,cm725humx01sfu6o4jlp137gk
cm725hur601siu6o4zae1g30h,Electricity Issue in Muzaffarnagar,बिजली की कटौती दिन-ब-दिन बढ़ती जा रही है। गर्मी में बिजली के बिना रहना बहुत मुश्किल है।,Electricity,Utilities,Electricity Supply,20,Closed,High,MEDIUM,false,"Increased electricity costs, appliance damage",Affects daily living and comfort,Exhaustion,,,UP Electricity Supply Act 2020,2025-02-12 16:54:09.906,2025-02-05 00:00:00,2025-02-05 00:00:00,,,,,Increased use of generators,cm725euxa0020u6o46xzm7ojk,cm725dgc70009u6h4pqcjyeb5,cm725huqr01shu6o4sj0uist0
cm725huuj01sku6o4i2btntfc,Garbage Issue in Mathura,कूड़े का ढेर हर गली में फैला है। सफाई कर्मचारियों को इस पर ध्यान देना चाहिए।,Garbage,Sanitation,Garbage Collection,24,Open,High,MEDIUM,false,Increased cleaning costs,Affects public health and hygiene,Disgust,,,UP Sanitation Act 2018,2025-02-12 16:54:10.027,2025-02-05 00:00:00,2025-02-05 00:00:00,,,,,Pollution and disease spread,cm725ezao005ru6o4uc41b0o6,cm725dgdh000au6h4fagm9twc,cm725huu801sju6o467s6suw7
cm725huww01smu6o49khxctki,Roads Issue in Saharanpur,सड़कों में गड्ढों की भरमार है। लोगों को चलने में परेशानी हो रही है।,Roads,Infrastructure,Road Maintenance,18,Open,High,MEDIUM,false,"Vehicle maintenance costs, transportation delays",High impact on daily commute and public safety,Irritation,,,UP Road Maintenance Policy 2021,2025-02-12 16:54:10.113,2025-02-05 00:00:00,2025-02-05 00:00:00,,,,,"Increased dust pollution, water logging during rains",cm725f2tt007qu6o4bez55hkl,cm725dg3k0003u6h4e8f3kb9h,cm725huwn01slu6o4snk7m2ug
cm725huzo01sou6o49y5agyxz,Public Transport Issue in Meerut,"बसों में भीड़ बहुत होती है, और समय पर बसें नहीं मिलतीं। यात्रियों को भारी दिक्कतों का सामना करना पड़ता है।",Public Transport,Transportation,Bus Services,30,Closed,Medium,MEDIUM,false,"Lost work hours, increased transportation costs",Affects daily commuters and workers,Frustration,,,UP Public Transport Regulation 2020,2025-02-12 16:54:10.212,2025-02-05 00:00:00,2025-02-05 00:00:00,,,,,Higher carbon emissions due to overcrowding,cm725f5pl009tu6o40edhczcn,cm725dg560004u6h4g36ue2gh,cm725huzf01snu6o47lrc5o12
cm725hv2l01squ6o4vq9h7lcd,Health Services Issue in Aligarh,सरकारी अस्पतालों में बुनियादी सुविधाएं तक नहीं हैं। मरीजों को इलाज के लिए घंटों इंतजार करना पड़ता है।,Health Services,Healthcare,Hospital Services,25,In Progress,High,MEDIUM,false,"Increased healthcare costs, lost work hours",Affects patient health and well-being,Helplessness,,,UP Health Services Improvement Act 2019,2025-02-12 16:54:10.317,2025-02-05 00:00:00,2025-02-05 00:00:00,,,,,None,cm725euhj001lu6o47cg3cj43,cm725dg6o0005u6h4jkjbkawz,cm725hv2301spu6o4e335w5xc
cm725hv5801ssu6o46mfbb6si,Water Supply Issue in Bareilly,"पानी की सप्लाई कभी भी स्थिर नहीं रहती। कभी बहुत कम पानी आता है, तो कभी बिल्कुल नहीं।",Water Supply,Utilities,Water Supply,24,In Progress,High,MEDIUM,false,Increased water procurement costs,Affects daily living and hygiene,Frustration,,,UP Water Supply Regulation 2019,2025-02-12 16:54:10.413,2025-02-05 00:00:00,2025-02-05 00:00:00,,,,,Water wastage,cm725eyhw005bu6o4nr5y9j2x,cm725dgaz0008u6h4o1r9mtq7,cm725hv4t01sru6o4x2rmawcd
cm725hv7p01suu6o4kvdm5vba,Electricity Issue in Agra,बिजली की कटौती इतनी ज्यादा हो गई है कि घर में बच्चों को पढ़ाई करने में भी परेशानी होती है।,Electricity,Utilities,Electricity Supply,9,Closed,High,MEDIUM,false,"Increased electricity costs, appliance damage",Affects daily living and comfort,Exhaustion,,,UP Electricity Supply Act 2020,2025-02-12 16:54:10.502,2025-02-05 00:00:00,2025-02-05 00:00:00,,,,,Increased use of generators,cm725etmm000uu6o4ozfcze5n,cm725dgc70009u6h4pqcjyeb5,cm725hv7f01stu6o4m6e43kq4
cm725hvav01swu6o4vkpr95nm,Garbage Issue in Lucknow,कूड़ा उठाने वाली गाड़ी समय पर नहीं आती। कई दिनों तक सड़कों पर कूड़ा पड़ा रहता है।,Garbage,Sanitation,Garbage Collection,10,Closed,High,MEDIUM,false,Increased cleaning costs,Affects public health and hygiene,Disgust,,,UP Sanitation Act 2018,2025-02-12 16:54:10.615,2025-02-05 00:00:00,2025-02-05 00:00:00,,,,,Pollution and disease spread,cm725f5dw009lu6o4h3jtobda,cm725dgdh000au6h4fagm9twc,cm725hvad01svu6o4o69cfnp8
cm725hvei01syu6o4hja3o3az,Roads Issue in Kanpur,सड़कें बहुत ही खराब हो गई हैं। गड्ढों के कारण गाड़ी चलाना मुश्किल हो गया है।,Roads,Infrastructure,Road Maintenance,14,Open,High,MEDIUM,false,"Vehicle maintenance costs, transportation delays",High impact on daily commute and public safety,Anger,,,UP Road Maintenance Policy 2021,2025-02-12 16:54:10.746,2025-02-05 00:00:00,2025-02-05 00:00:00,,,,,"Increased dust pollution, water logging during rains",cm725euu3001xu6o4t56rbsbj,cm725dg3k0003u6h4e8f3kb9h,cm725hve801sxu6o4vs0gl5sv
cm725hvhz01t0u6o4hm4vbokg,Public Transport Issue in Varanasi,बसों की बहुत कमी है। कई बार घंटों इंतजार करने के बाद भी बस नहीं आती।,Public Transport,Transportation,Bus Services,8,Closed,Medium,MEDIUM,false,"Lost work hours, increased transportation costs",Affects daily commuters and workers,Frustration,,,UP Public Transport Regulation 2020,2025-02-12 16:54:10.871,2025-02-05 00:00:00,2025-02-05 00:00:00,,,,,Higher carbon emissions due to overcrowding,cm725g99r00u2u6o4orqbl58b,cm725dg560004u6h4g36ue2gh,cm725hvhf01szu6o4czvx5yls
cm725hvkx01t2u6o48zstfe61,Health Services Issue in Gorakhpur,"सरकारी अस्पतालों में सफाई की स्थिति बहुत खराब है। डॉक्टरों की कमी भी है, जिससे इलाज में देरी होती है।",Health Services,Healthcare,Hospital Services,9,Open,High,MEDIUM,false,"Increased healthcare costs, lost work hours",Affects patient health and well-being,Helplessness,,,UP Health Services Improvement Act 2019,2025-02-12 16:54:10.978,2025-02-05 00:00:00,2025-02-05 00:00:00,,,,,None,cm725f5i0009ou6o4g86w530y,cm725dg6o0005u6h4jkjbkawz,cm725hvka01t1u6o4pa0pn38v
cm725hvns01t4u6o4i0a16axh,Police & Law Issue in Aligarh,"पुलिस का रवैया बहुत ही अपमानजनक है। यदि कोई शिकायत करता है, तो उसे गंभीरता से नहीं लिया जाता।",Police & Law,Law and Order,Police Services,7,Open,High,MEDIUM,false,Increased crime-related costs,Affects public safety and trust in law enforcement,Anger,,,UP Police Reform Act 2020,2025-02-12 16:54:11.081,2025-02-05 00:00:00,2025-02-05 00:00:00,,,,,None,cm725evst002tu6o4nf43xk4o,cm725dg830006u6h44jyrjmcn,cm725hvnc01t3u6o470bc85e0
cm725hvqd01t6u6o4j9y1g0np,Education Issue in Faizabad,"स्कूलों में शिक्षकों की कमी है, और जो शिक्षक हैं, वे भी बच्चों को ठीक से पढ़ाई नहीं कराते।",Education,Education,School Services,19,In Progress,Medium,MEDIUM,false,Increased private tuition costs,Affects student learning and future prospects,Concern,,,UP Education Improvement Act 2018,2025-02-12 16:54:11.173,2025-02-05 00:00:00,2025-02-05 00:00:00,,,,,None,cm725fuj900m6u6o4t05efsvu,cm725dg9j0007u6h4tzh2udh2,cm725hvpw01t5u6o44jv1dx85
cm725hvtk01t8u6o4a5np5wv6,Water Supply Issue in Saharanpur,"पानी की सप्लाई कभी नियमित नहीं रहती। कई बार तो पूरे दिन पानी नहीं आता, जिससे दिनचर्या बिगड़ जाती है।",Water Supply,Utilities,Water Supply,7,In Progress,High,MEDIUM,false,Increased water procurement costs,Affects daily living and hygiene,Frustration,,,UP Water Supply Regulation 2019,2025-02-12 16:54:11.289,2025-02-05 00:00:00,2025-02-05 00:00:00,,,,,Water wastage,cm725gphu014qu6o41gy3c3hs,cm725dgaz0008u6h4o1r9mtq7,cm725hvsz01t7u6o4bodnns4q
cm725hvw401tau6o4ld6ms37o,Water Supply Issue in Kanpur,पानी की सप्लाई हर दिन अस्थिर रहती है। कभी भी पानी का दबाव कम होता है तो कभी पूरा दिन पानी नहीं आता।,Water Supply,Utilities,Water Supply,24,Open,High,MEDIUM,false,Increased water procurement costs,Affects daily living and hygiene,Frustration,,,UP Water Supply Regulation 2019,2025-02-12 16:54:11.38,2025-02-05 00:00:00,2025-02-05 00:00:00,,,,,Water wastage and contamination,cm725ewp6003nu6o4s77lym5c,cm725dgaz0008u6h4o1r9mtq7,cm725hvvv01t9u6o43nacokj1
cm725hvyo01tdu6o4mx7gugub,Electricity Issue in Agra,बिजली की कटौती से घर में बहुत दिक्कत हो रही है। खासकर रात के समय तो बिजली कभी भी नहीं आती।,Electricity,Utilities,Electricity,26,Closed,High,MEDIUM,false,"Loss of productivity, appliance damage",Disrupts daily activities and comfort,Exhaustion,,,UP Electricity Supply Act 2020,2025-02-12 16:54:11.473,2025-02-05 00:00:00,2025-02-05 00:00:00,,,,,"Increased generator usage, air pollution",cm725hvxw01tbu6o4xxg725ky,cm725dgc70009u6h4pqcjyeb5,cm725hvyf01tcu6o4rst7iexe
cm725hw1a01tfu6o4dqznfo19,Garbage Issue in Aligarh,कूड़े का ढेर हमेशा सड़कों पर पड़ा रहता है और सफाई कर्मचारियों का कोई ध्यान नहीं रहता।,Garbage,Sanitation,Waste Management,23,Open,High,MEDIUM,false,Municipal cleaning costs,Public health hazard,Disgust,,,UP Sanitation Act 2018,2025-02-12 16:54:11.567,2025-02-05 00:00:00,2025-02-05 00:00:00,,,,,Soil and water pollution,cm725esxi0006u6o498e39glu,cm725dg1z0002u6h4amagnkym,cm725hw1101teu6o4pm9o6fbe
cm725hw4601thu6o4oaifmbvn,Roads Issue in Noida,"सड़कों में बड़े-बड़े गड्ढे हो गए हैं, जिससे गाड़ी चलाने में बहुत कठिनाई होती है।",Roads,Infrastructure,Road Maintenance,13,Closed,High,MEDIUM,false,"Vehicle damage, transport delays",Traffic congestion and accidents,Anger,,,UP Road Infrastructure Act 2021,2025-02-12 16:54:11.67,2025-02-05 00:00:00,2025-02-05 00:00:00,,,,,Dust pollution,cm725gphu014qu6o41gy3c3hs,cm725dg3k0003u6h4e8f3kb9h,cm725hw3w01tgu6o4hhcab4ao
cm725hw8n01tju6o4dkom144j,Public Transport Issue in Meerut,"बसें बहुत कम चलती हैं और जो चलती हैं, उनमें हमेशा भीड़ रहती है। यह यात्रियों के लिए परेशानी का कारण बनता है।",Public Transport,Transportation,Public Transport,19,Open,Medium,MEDIUM,false,Lost work hours,Affects commuter convenience,Frustration,,,UP Transport Policy 2020,2025-02-12 16:54:11.831,2025-02-05 00:00:00,2025-02-05 00:00:00,,,,,Increased carbon emissions,cm725eu6h001cu6o4vigm0y34,cm725dg560004u6h4g36ue2gh,cm725hw6g01tiu6o49qn0hkic
cm725hwht01tlu6o4ifatiybb,Health Services Issue in Varanasi,सरकारी अस्पतालों में बहुत भीड़ रहती है और डॉक्टर भी जल्दी से मरीजों को नहीं देख पाते।,Health Services,Healthcare,Medical Services,26,In Progress,High,MEDIUM,false,Additional healthcare costs,Compromised healthcare access,Helplessness,,,UP Healthcare Act 2019,2025-02-12 16:54:12.161,2025-02-05 00:00:00,2025-02-05 00:00:00,,,,,None,cm725ezgy005uu6o4lsw2iddh,cm725dg6o0005u6h4jkjbkawz,cm725hwhf01tku6o4rseu7e0m
cm725hwkn01tnu6o40ai6lien,Police & Law Issue in Moradabad,पुलिस अपराधियों के खिलाफ कोई सख्त कार्रवाई नहीं करती। अपराधी खुलेआम घूमते हैं और पुलिस का ध्यान नहीं जाता।,Police & Law,Law Enforcement,Police Services,9,In Progress,High,MEDIUM,false,Property and business losses,Decreased public safety,Anger,,,UP Police Act 2020,2025-02-12 16:54:12.263,2025-02-05 00:00:00,2025-02-05 00:00:00,,,,,None,cm725hwk001tmu6o4sc0ve02y,cm725dg830006u6h44jyrjmcn,cm725grpd015xu6o4hid2yr3j
cm725hwnv01tqu6o435j0084a,Education Issue in Ghaziabad,स्कूलों में बच्चों को सही तरीके से पढ़ाई नहीं कराई जा रही। शिक्षक भी समय से नहीं आते।,Education,Education,School Management,19,Open,Medium,MEDIUM,false,Additional tuition costs,Poor education quality,Concern,,,UP Education Act 2018,2025-02-12 16:54:12.379,2025-02-05 00:00:00,2025-02-05 00:00:00,,,,,None,cm725hwn201tou6o4h3oexz8h,cm725dg9j0007u6h4tzh2udh2,cm725hwnj01tpu6o4ml621bc5
cm725hwqn01tsu6o4rlbkzxm9,Water Supply Issue in Gorakhpur,पानी की सप्लाई कई बार पूरे दिन के लिए बंद हो जाती है और फिर गंदा पानी आता है।,Water Supply,Utilities,Water Supply,4,Closed,High,MEDIUM,false,Increased water procurement costs,Affects daily living and hygiene,Frustration,,,UP Water Supply Regulation 2019,2025-02-12 16:54:12.479,2025-02-05 00:00:00,2025-02-05 00:00:00,,,,,Water wastage and contamination,cm725fiur00g6u6o4z0g4ml7s,cm725dgaz0008u6h4o1r9mtq7,cm725hwqb01tru6o4x0fqm379
cm725hwtc01tuu6o49maseqov,Electricity Issue in Bareilly,बिजली की लगातार कटौती से काम करना बहुत मुश्किल हो जाता है। गर्मियों में तो स्थिति और भी खराब हो जाती है।,Electricity,Utilities,Electricity,15,Closed,High,MEDIUM,false,"Loss of productivity, appliance damage",Disrupts daily activities and comfort,Exhaustion,,,UP Electricity Supply Act 2020,2025-02-12 16:54:12.576,2025-02-05 00:00:00,2025-02-05 00:00:00,,,,,"Increased generator usage, air pollution",cm725huek01sau6o4ul2uy9np,cm725dgc70009u6h4pqcjyeb5,cm725hwsz01ttu6o4j3lpgyot
cm725hwwu01txu6o4i6iktuur,Garbage Issue in Kanpur,कूड़े का ढेर सड़कों पर पड़ा रहता है और सफाई कर्मचारी इसे उठाने के लिए कोई प्रयास नहीं करते।,Garbage,Sanitation,Waste Management,29,Closed,High,MEDIUM,false,Municipal cleaning costs,Public health hazard,Disgust,,,UP Sanitation Act 2018,2025-02-12 16:54:12.701,2025-02-05 00:00:00,2025-02-05 00:00:00,,,,,Soil and water pollution,cm725hwvo01tvu6o48b7uz10s,cm725dg1z0002u6h4amagnkym,cm725hwwc01twu6o4el9s4q0t
cm725hwzk01u0u6o41yxwtu3n,Roads Issue in Lucknow,सड़कों पर गड्ढे बहुत बढ़ गए हैं। यह गड्ढे दुर्घटनाओं का कारण बनते हैं।,Roads,Infrastructure,Road Maintenance,3,In Progress,High,MEDIUM,false,"Vehicle damage, transport delays",Traffic congestion and accidents,Irritation,,,UP Road Infrastructure Act 2021,2025-02-12 16:54:12.8,2025-02-05 00:00:00,2025-02-05 00:00:00,,,,,Dust pollution,cm725hwyr01tyu6o45vmkidv6,cm725dg3k0003u6h4e8f3kb9h,cm725hwzb01tzu6o4u2j98lql
cm725hx2g01u2u6o466or5syv,Public Transport Issue in Allahabad,बसों का समय बहुत अस्थिर है और कभी भी बसें निर्धारित समय पर नहीं आतीं।,Public Transport,Transportation,Public Transport,27,Open,Medium,MEDIUM,false,Lost work hours,Affects commuter convenience,Annoyance,,,UP Transport Policy 2020,2025-02-12 16:54:12.905,2025-02-05 00:00:00,2025-02-05 00:00:00,,,,,Increased carbon emissions,cm725f51h009du6o459ulgp44,cm725dg560004u6h4g36ue2gh,cm725hx2301u1u6o400zpx9bf
cm725hx5601u4u6o4zpif7c75,Health Services Issue in Faizabad,अस्पतालों में साफ-सफाई की स्थिति बहुत खराब है। डॉक्टर भी समय से नहीं आते।,Health Services,Healthcare,Medical Services,25,Open,High,MEDIUM,false,Additional healthcare costs,Compromised healthcare access,Helplessness,,,UP Healthcare Act 2019,2025-02-12 16:54:13.002,2025-02-05 00:00:00,2025-02-05 00:00:00,,,,,None,cm725ev9o002cu6o4vo32qp63,cm725dg6o0005u6h4jkjbkawz,cm725hx4r01u3u6o4atdwcm7c
cm725hx7v01u6u6o4q2mx0icv,Police & Law Issue in Mathura,पुलिस को अपराधियों की जानकारी होते हुए भी वे कोई कार्रवाई नहीं करते। अपराध बढ़ रहे हैं और पुलिस कोई कदम नहीं उठा रही।,Police & Law,Law Enforcement,Police Services,4,Closed,High,MEDIUM,false,Property and business losses,Decreased public safety,Anger,,,UP Police Act 2020,2025-02-12 16:54:13.099,2025-02-05 00:00:00,2025-02-05 00:00:00,,,,,None,cm725et130009u6o45e2rnkk7,cm725dg830006u6h44jyrjmcn,cm725hx7k01u5u6o4nbxa0cgf
cm725hxa701u8u6o4sfr6a6vh,Education Issue in Agra,"स्कूलों में बच्चों के लिए पर्याप्त शिक्षा सामग्री नहीं है। इसके अलावा, शिक्षक भी बच्चों को ठीक से पढ़ाते नहीं हैं।",Education,Education,School Management,2,In Progress,Medium,MEDIUM,false,Additional tuition costs,Poor education quality,Concern,,,UP Education Act 2018,2025-02-12 16:54:13.183,2025-02-05 00:00:00,2025-02-05 00:00:00,,,,,None,cm725f38o0082u6o47edcxgkg,cm725dg9j0007u6h4tzh2udh2,cm725hx9x01u7u6o4dxxnc8v7
cm725hxct01uau6o4mppa6hjp,Water Supply Issue in Allahabad,"पानी की सप्लाई बहुत अस्थिर हो गई है। कभी बहुत कम पानी आता है, कभी बिल्कुल नहीं आता।",Water Supply,Utilities,Water Supply,18,Closed,High,MEDIUM,false,Increased water procurement costs,Affects daily living and hygiene,Frustration,,,UP Water Supply Regulation 2019,2025-02-12 16:54:13.278,2025-02-05 00:00:00,2025-02-05 00:00:00,,,,,Water wastage and contamination,cm725eyuw005mu6o4jjky6ii7,cm725dgaz0008u6h4o1r9mtq7,cm725hxck01u9u6o47ipqzaa6
cm725hxfi01ucu6o4yv2j6hkt,Electricity Issue in Saharanpur,गर्मी के मौसम में बिजली की कटौती से घर के लोग बहुत परेशान हो गए हैं। कई बार तो घंटों बिजली चली जाती है।,Electricity,Utilities,Electricity,12,Open,High,MEDIUM,false,"Loss of productivity, appliance damage",Disrupts daily activities and comfort,Exhaustion,,,UP Electricity Supply Act 2020,2025-02-12 16:54:13.374,2025-02-05 00:00:00,2025-02-05 00:00:00,,,,,"Increased generator usage, air pollution",cm725fi2900ftu6o4z2b4gk0q,cm725dgc70009u6h4pqcjyeb5,cm725hxf601ubu6o45du2rnz1
cm725hxil01ufu6o4g34rl2fj,Garbage Issue in Bijnor,कूड़ा सड़कों पर पड़ा रहता है और सफाई कर्मचारी इसे उठाने का कोई काम नहीं करते।,Garbage,Sanitation,Waste Management,2,In Progress,High,MEDIUM,false,Municipal cleaning costs,Public health hazard,Disgust,,,UP Sanitation Act 2018,2025-02-12 16:54:13.485,2025-02-05 00:00:00,2025-02-05 00:00:00,,,,,Soil and water pollution,cm725hxhg01udu6o4xfahpgtt,cm725dg1z0002u6h4amagnkym,cm725hxi701ueu6o4re605nb3
cm725hxlx01uiu6o4hm1ff0sm,Roads Issue in Mathura,सड़कों की हालत बहुत खराब हो गई है। गड्ढों के कारण गाड़ी चलाना बेहद खतरनाक हो गया है।,Roads,Infrastructure,Road Maintenance,7,Open,High,MEDIUM,false,"Vehicle damage, transport delays",Traffic congestion and accidents,Irritation,,,UP Road Infrastructure Act 2021,2025-02-12 16:54:13.605,2025-02-05 00:00:00,2025-02-05 00:00:00,,,,,Dust pollution,cm725hxki01ugu6o4fvx4ez70,cm725dg3k0003u6h4e8f3kb9h,cm725hxli01uhu6o4hu1etvm1
cm725hxpd01ulu6o45x81du9j,Public Transport Issue in Moradabad,"बसें समय पर नहीं आती और जब आती हैं, तो उनमें बहुत भीड़ होती है।",Public Transport,Transportation,Public Transport,28,Open,Medium,MEDIUM,false,Lost work hours,Affects commuter convenience,Frustration,,,UP Transport Policy 2020,2025-02-12 16:54:13.729,2025-02-05 00:00:00,2025-02-05 00:00:00,,,,,Increased carbon emissions,cm725hxod01uju6o453q68w2h,cm725dg560004u6h4g36ue2gh,cm725hxow01uku6o4w1pfdhd6
cm725hxs601unu6o42kxz2n3c,Water Supply Issue in Lucknow,"The water supply in our area has been irregular for the past few weeks. We are facing difficulties in daily chores, and the authorities have not responded adequately.",Water Supply,Utilities,Water Distribution,12,Open,High,MEDIUM,false,Additional water procurement costs,Disruption of daily life and hygiene,Frustration,,,UP Water Supply Act 2019,2025-02-12 16:54:13.831,2025-02-05 00:00:00,2025-02-05 00:00:00,,,,,Water wastage and contamination,cm725gadx00uqu6o4afewh89f,cm725dgaz0008u6h4o1r9mtq7,cm725hxrs01umu6o4m58ha4hp
cm725hxum01upu6o4vrxw4fu8,Electricity Issue in Kanpur,"We have been facing frequent power cuts, especially during the evening. This has disrupted our daily activities and is affecting students studying for exams.",Electricity,Utilities,Power Supply,14,Closed,High,MEDIUM,false,Loss of productivity and business hours,Disruption of daily activities and education,Anger,,,UP Electricity Distribution Act 2020,2025-02-12 16:54:13.918,2025-02-05 00:00:00,2025-02-05 00:00:00,,,,,Increased generator usage causing pollution,cm725gai700utu6o4x2uzrkhv,cm725dhlg001lu6h4i24bf51k,cm725hxud01uou6o47okwowxo
cm725hxx001uru6o4sy04ibvx,Garbage Issue in Varanasi,"The garbage collection has been delayed for over a week in our locality, leading to unhygienic conditions. The authorities need to take immediate action.",Garbage,Sanitation,Waste Management,5,Closed,High,MEDIUM,false,Increased health-related expenses,Unhygienic living conditions,Disappointment,,,UP Sanitation Act 2018,2025-02-12 16:54:14.005,2025-02-05 00:00:00,2025-02-05 00:00:00,,,,,Pollution and pest infestation,cm725et130009u6o45e2rnkk7,cm725dgdh000au6h4fagm9twc,cm725hxwn01uqu6o4fkt8apcu
cm725hxzg01utu6o482h76sul,Roads Issue in Agra,The roads in our area are filled with potholes and have not been repaired in months. This is causing inconvenience and accidents for daily commuters.,Roads,Infrastructure,Road Maintenance,11,Open,High,MEDIUM,false,Vehicle repair costs,Increased accidents and injuries,Irritation,,,UP Road Maintenance Act 2017,2025-02-12 16:54:14.092,2025-02-05 00:00:00,2025-02-05 00:00:00,,,,,Air pollution due to traffic congestion,cm725esuf0003u6o4xgsfqsck,cm725dg3k0003u6h4e8f3kb9h,cm725hxz601usu6o4uoqoi0bi
cm725hy2b01uvu6o41l3pgodc,Public Transport Issue in Meerut,"The buses in our city are always delayed. During rush hours, it's nearly impossible to find a seat, and there are not enough buses operating.",Public Transport,Transportation,Public Transport,11,Open,Medium,MEDIUM,false,Loss of productivity,Inconvenience for daily commuters,Frustration,,,UP Public Transport Act 2016,2025-02-12 16:54:14.195,2025-02-05 00:00:00,2025-02-05 00:00:00,,,,,Increased pollution due to private vehicle usage,cm725eyhw005bu6o4nr5y9j2x,cm725dggi000cu6h4gbmwutvf,cm725hy2001uuu6o4yq40gvqs
cm725hy4z01uxu6o419tui3ar,Health Services Issue in Allahabad,"The government hospital in our area lacks proper medical staff and facilities. The patients are often left unattended, and the situation is becoming unbearable.",Health Services,Healthcare,Public Health,3,In Progress,High,MEDIUM,false,Increased medical expenses,Poor health outcomes,Concern,,,UP Health Services Act 2015,2025-02-12 16:54:14.291,2025-02-05 00:00:00,2025-02-05 00:00:00,,,,,None,cm725eyuw005mu6o4jjky6ii7,cm725dg6o0005u6h4jkjbkawz,cm725hy4m01uwu6o4pl6kvqad
cm725hy7g01uzu6o4214hggar,Police & Law Issue in Ghaziabad,"The police in our locality are extremely slow in responding to emergencies. Even after calling for help, the authorities took over an hour to arrive.",Police & Law,Law Enforcement,Police Services,27,Open,High,MEDIUM,false,Loss of time and resources in following up complaints,Decreased public trust in law enforcement,Anger,,,UP Police Modernization Act 2021,2025-02-12 16:54:14.38,2025-02-05 00:00:00,2025-02-05 00:00:00,,,,,None,cm725ezao005ru6o4uc41b0o6,cm725dgfe000bu6h40byv631f,cm725hy7501uyu6o4jgfpfan6
cm725hyae01v1u6o46b1g21ab,Education Issue in Noida,"The schools in our area are severely understaffed. Classes are often cancelled, and the students suffer due to poor infrastructure and a lack of teachers.",Education,Education,School Infrastructure,19,Closed,High,MEDIUM,false,Increased private tuition costs,Poor educational outcomes,Frustration,,,UP Education Act 2014,2025-02-12 16:54:14.486,2025-02-05 00:00:00,2025-02-05 00:00:00,,,,,None,cm725g99r00u2u6o4orqbl58b,cm725dg9j0007u6h4tzh2udh2,cm725hya201v0u6o4pr1ihsse
cm725hyd101v3u6o465s19042,Water Supply Issue in Lucknow,"We are experiencing water shortage in our locality every alternate day. The situation is worsening, especially during the summer months.",Water Supply,Utilities,Water Distribution,27,Open,High,MEDIUM,false,Additional water procurement costs,Disruption of daily life and hygiene,Anger,,,UP Water Supply Act 2019,2025-02-12 16:54:14.581,2025-02-05 00:00:00,2025-02-05 00:00:00,,,,,Water wastage and contamination,cm725gadx00uqu6o4afewh89f,cm725dgaz0008u6h4o1r9mtq7,cm725hycs01v2u6o40qxz1oua
cm725hyfq01v5u6o4d2f919oa,Electricity Issue in Faizabad,"We face power cuts in our area almost daily, sometimes multiple times a day. The power supply is highly unreliable, affecting both work and daily routines.",Electricity,Utilities,Power Supply,28,In Progress,High,MEDIUM,false,Loss of productivity and business hours,Disruption of daily activities and education,Frustration,,,UP Electricity Distribution Act 2020,2025-02-12 16:54:14.678,2025-02-05 00:00:00,2025-02-05 00:00:00,,,,,Increased generator usage causing pollution,cm725gai700utu6o4x2uzrkhv,cm725dhlg001lu6h4i24bf51k,cm725hyfc01v4u6o4qnx5wfii
cm725hyiw01v7u6o4zd2j7l1b,Garbage Issue in Aligarh,"There is an ever-growing pile of garbage near our locality. The authorities are not clearing it up, and it's creating a foul smell, attracting pests and insects.",Garbage,Sanitation,Waste Management,20,Open,High,MEDIUM,false,Increased health-related expenses,Unhygienic living conditions,Disgust,,,UP Sanitation Act 2018,2025-02-12 16:54:14.793,2025-02-05 00:00:00,2025-02-05 00:00:00,,,,,Pollution and pest infestation,cm725et130009u6o45e2rnkk7,cm725dgdh000au6h4fagm9twc,cm725hyik01v6u6o4ocmh24x0
cm725hyl201v8u6o4adadi6p6,Roads Issue in Bareilly,"The roads are in a dilapidated state with many potholes, and the repairs are rarely carried out. This is a serious safety hazard for everyone, especially at night.",Roads,Infrastructure,Road Maintenance,24,In Progress,High,MEDIUM,false,Vehicle repair costs,Increased accidents and injuries,Irritation,,,UP Road Maintenance Act 2017,2025-02-12 16:54:14.87,2025-02-05 00:00:00,2025-02-05 00:00:00,,,,,Air pollution due to traffic congestion,cm725esuf0003u6o4xgsfqsck,cm725dg3k0003u6h4e8f3kb9h,cm725fobq00j1u6o4j986l7rs
cm725hynp01vau6o43h4zuvqq,Public Transport Issue in Mathura,"The public buses are always overcrowded, especially during peak hours. There are no additional buses, and it's difficult to travel comfortably.",Public Transport,Transportation,Public Transport,16,Closed,Medium,MEDIUM,false,Loss of productivity,Inconvenience for daily commuters,Annoyance,,,UP Public Transport Act 2016,2025-02-12 16:54:14.965,2025-02-05 00:00:00,2025-02-05 00:00:00,,,,,Increased pollution due to private vehicle usage,cm725eyhw005bu6o4nr5y9j2x,cm725dggi000cu6h4gbmwutvf,cm725hynd01v9u6o4qjoa7eew
cm725hyqi01vcu6o441xu2xp0,Health Services Issue in Saharanpur,"The government hospital has extremely poor facilities. There are long waiting hours for patients, and the staff is often unavailable when needed.",Health Services,Healthcare,Public Health,12,Open,High,MEDIUM,false,Increased medical expenses,Poor health outcomes,Anger,,,UP Health Services Act 2015,2025-02-12 16:54:15.067,2025-02-05 00:00:00,2025-02-05 00:00:00,,,,,None,cm725eyuw005mu6o4jjky6ii7,cm725dg6o0005u6h4jkjbkawz,cm725hyq601vbu6o40w3sweed
cm725hyte01veu6o4rrtfrnhq,Police & Law Issue in Agra,"The local police are not doing enough to prevent crimes in the area. Many incidents are going unreported, and when reported, the action is slow and ineffective.",Police & Law,Law Enforcement,Police Services,3,In Progress,High,MEDIUM,false,Loss of time and resources in following up complaints,Decreased public trust in law enforcement,Frustration,,,UP Police Modernization Act 2021,2025-02-12 16:54:15.17,2025-02-05 00:00:00,2025-02-05 00:00:00,,,,,None,cm725ezao005ru6o4uc41b0o6,cm725dgfe000bu6h40byv631f,cm725hyst01vdu6o4j932am9i
cm725hyvs01vgu6o43ji8f3i9,Education Issue in Gorakhpur,"Our school lacks basic infrastructure, such as proper classrooms and sufficient teaching materials. The school is also facing a shortage of qualified teachers.",Education,Education,School Infrastructure,12,Closed,High,MEDIUM,false,Increased private tuition costs,Poor educational outcomes,Frustration,,,UP Education Act 2014,2025-02-12 16:54:15.256,2025-02-05 00:00:00,2025-02-05 00:00:00,,,,,None,cm725g99r00u2u6o4orqbl58b,cm725dg9j0007u6h4tzh2udh2,cm725hyvi01vfu6o44b73wm4q
cm725hyzd01viu6o4cn6g9v6a,Water Supply Issue in Moradabad,"There are regular water shortages in our area, and the water we get is contaminated. It is becoming increasingly difficult to rely on the municipal supply.",Water Supply,Utilities,Water Distribution,15,Closed,High,MEDIUM,false,Additional water procurement costs,Disruption of daily life and hygiene,Anger,,,UP Water Supply Act 2019,2025-02-12 16:54:15.385,2025-02-05 00:00:00,2025-02-05 00:00:00,,,,,Water wastage and contamination,cm725gadx00uqu6o4afewh89f,cm725dgaz0008u6h4o1r9mtq7,cm725hyyc01vhu6o4vf3p2m3w
cm725hz2801vku6o4ozdtz0ts,Electricity Issue in Badaun,"Power cuts are affecting us daily. Our locality is experiencing power outages for hours, and there’s no prior information about when the electricity will be restored.",Electricity,Utilities,Power Supply,5,Open,High,MEDIUM,false,Loss of productivity and business hours,Disruption of daily activities and education,Irritation,,,UP Electricity Distribution Act 2020,2025-02-12 16:54:15.488,2025-02-05 00:00:00,2025-02-05 00:00:00,,,,,Increased generator usage causing pollution,cm725gai700utu6o4x2uzrkhv,cm725dhlg001lu6h4i24bf51k,cm725hz1r01vju6o4urcbxy72
cm725hz4y01vmu6o4alo4bdhy,Garbage Issue in Meerut,"The garbage collection has been delayed for weeks, and the pile-up of waste is causing an unbearable stench in our neighborhood.",Garbage,Sanitation,Waste Management,12,In Progress,High,MEDIUM,false,Increased health-related expenses,Unhygienic living conditions,Disappointment,,,UP Sanitation Act 2018,2025-02-12 16:54:15.586,2025-02-05 00:00:00,2025-02-05 00:00:00,,,,,Pollution and pest infestation,cm725et130009u6o45e2rnkk7,cm725dgdh000au6h4fagm9twc,cm725hz4n01vlu6o4rtq93m91
cm725hz7l01vou6o4a3ag48hk,Roads Issue in Jaunpur,"The road conditions in our area are very poor, and the ongoing construction work has only made matters worse. It’s difficult to drive or even walk without risk of injury.",Roads,Infrastructure,Road Maintenance,4,Open,High,MEDIUM,false,Vehicle repair costs,Increased accidents and injuries,Frustration,,,UP Road Maintenance Act 2017,2025-02-12 16:54:15.681,2025-02-05 00:00:00,2025-02-05 00:00:00,,,,,Air pollution due to traffic congestion,cm725esuf0003u6o4xgsfqsck,cm725dg3k0003u6h4e8f3kb9h,cm725hz7801vnu6o4ae3ommhi
cm725hzaw01vru6o4aptx7u3l,Water Supply Issue in इलाहाबाद,"पानी की सप्लाई बिल्कुल बंद रहती है, कई बार पूरे दिन पानी नहीं आता।",Water Supply,Utilities,Water Distribution,11,Closed,High,MEDIUM,false,Additional water procurement costs,Disruption of daily life and hygiene,Angry,,,UP Water Supply Act 2019,2025-02-12 16:54:15.8,2025-02-05 00:00:00,2025-02-05 00:00:00,,,,,Water wastage and contamination,cm725hz9u01vpu6o4zwy78lcp,cm725dgaz0008u6h4o1r9mtq7,cm725hzai01vqu6o4fb6ur0ph
cm725hzdp01vuu6o4fosd6xsp,Traffic Issue in गोरखपुर,"रोड पर इतनी भीड़ हो जाती है, कि गाड़ी चलाना भी मुश्किल हो जाता है। खासकर ऑफिस के वक्त।",Traffic,Transportation,Traffic Management,16,Open,Medium,MEDIUM,false,Loss of productivity,Inconvenience for daily commuters,Stressed,,,UP Traffic Management Act 2016,2025-02-12 16:54:15.902,2025-02-05 00:00:00,2025-02-05 00:00:00,,,,,Increased pollution due to traffic congestion,cm725hzcp01vsu6o43ziojkag,cm725dghl000du6h43wv647un,cm725hzd801vtu6o4tqll3vs0
cm725hzgs01vxu6o4xmbu90cv,Law Enforcement Issue in नोएडा,यहां रात्रि में कई बार लड़ाई-झगड़े होते हैं और पुलिस का कोई ध्यान नहीं रहता।,Law Enforcement,Law Enforcement,Police Services,15,Open,High,MEDIUM,false,Loss of time and resources in following up complaints,Decreased public trust in law enforcement,Concerned,,,UP Police Modernization Act 2021,2025-02-12 16:54:16.012,2025-02-05 00:00:00,2025-02-05 00:00:00,,,,,None,cm725hzfs01vvu6o4aloo9yme,cm725dgfe000bu6h40byv631f,cm725hzgc01vwu6o4tqi565be
cm725hzju01vzu6o4bvaecb3p,Public Amenities Issue in आगरा,"सार्वजनिक टॉयलेट्स की स्थिति बहुत खराब है, साफ-सफाई का कोई इंतजाम नहीं है।",Public Amenities,Sanitation,Public Amenities,14,In Progress,High,MEDIUM,false,Increased health-related expenses,Unhygienic living conditions,Disappointed,,,UP Sanitation Act 2018,2025-02-12 16:54:16.123,2025-02-05 00:00:00,2025-02-05 00:00:00,,,,,Pollution and pest infestation,cm725gw5c018su6o4u4kadyby,cm725dgdh000au6h4fagm9twc,cm725hzjm01vyu6o4bmkd6iye
cm725hzmj01w2u6o4s7yw6ygw,Safety Issue in मेरठ,"महिलाओं के लिए यहां सार्वजनिक स्थानों पर सुरक्षा बहुत कम है, आए दिन छेड़छाड़ की घटनाएं हो रही हैं।",Safety,Law Enforcement,Public Safety,22,In Progress,High,MEDIUM,false,Loss of public safety,Increased crime rates,Worried,,,UP Safety Act 2019,2025-02-12 16:54:16.219,2025-02-05 00:00:00,2025-02-05 00:00:00,,,,,None,cm725hzlp01w0u6o4dwpvhm9s,cm725dgfe000bu6h40byv631f,cm725hzm501w1u6o4ppc4dh5p
cm725hzpt01w5u6o46fkccvq1,Health Services Issue in मुरादाबाद,"हमारे इलाके में अस्पतालों की हालत बहुत खराब है, ना तो डॉक्टर हैं और ना ही दवाइयां मिलती हैं।",Health Services,Healthcare,Public Health,30,Open,High,MEDIUM,false,Increased medical expenses,Poor health outcomes,Helpless,,,UP Health Services Act 2015,2025-02-12 16:54:16.337,2025-02-05 00:00:00,2025-02-05 00:00:00,,,,,None,cm725hzor01w3u6o4tf9fdfnv,cm725dg6o0005u6h4jkjbkawz,cm725hzph01w4u6o4lk7cgtxx
cm725hzsj01w8u6o49b6yc15t,Waste Management Issue in कानपुर,"कचरा उठाने वाली गाड़ियां कभी नहीं आतीं, पूरा मोहल्ला गंदगी से भरा हुआ है।",Waste Management,Sanitation,Waste Management,29,Closed,High,MEDIUM,false,Increased health-related expenses,Unhygienic living conditions,Frustrated,,,UP Sanitation Act 2018,2025-02-12 16:54:16.435,2025-02-05 00:00:00,2025-02-05 00:00:00,,,,,Pollution and pest infestation,cm725hzrl01w6u6o4mazjlvip,cm725dgdh000au6h4fagm9twc,cm725hzs201w7u6o449ug8wsp
cm725hzvo01wbu6o4rwcvthzz,Public Infrastructure Issue in बरेली,"महिलाओं के लिए वॉशरूम की सुविधाएं बहुत कम हैं और जो हैं, वो भी गंदे रहते हैं।",Public Infrastructure,Sanitation,Public Amenities,11,In Progress,High,MEDIUM,false,Increased health-related expenses,Unhygienic living conditions,Annoyed,,,UP Sanitation Act 2018,2025-02-12 16:54:16.549,2025-02-05 00:00:00,2025-02-05 00:00:00,,,,,Pollution and pest infestation,cm725hzuo01w9u6o4ttsdxwl7,cm725dgdh000au6h4fagm9twc,cm725hzvb01wau6o43cj8elnv
cm725hzyu01weu6o4odz341jl,Infrastructure Issue in जौनपुर,"हमारे इलाके की बिजली व्यवस्था बिल्कुल फेल हो गई है, ग्रीष्मकाल में घंटों बिजली कटौती होती है।",Infrastructure,Utilities,Power Supply,27,In Progress,High,MEDIUM,false,Loss of productivity and business hours,Disruption of daily activities and education,Disappointed,,,UP Electricity Distribution Act 2020,2025-02-12 16:54:16.663,2025-02-05 00:00:00,2025-02-05 00:00:00,,,,,Increased generator usage causing pollution,cm725hzxq01wcu6o4jh1530qt,cm725dhlg001lu6h4i24bf51k,cm725hzyb01wdu6o4ij60hb83
cm725i02b01whu6o4i6mblyif,Law Enforcement Issue in गाजियाबाद,"पुलिस स्टेशन में जाते हैं तो कोई सुनवाई नहीं होती, लोगों को किसी भी प्रकार का सहयोग नहीं मिलता।",Law Enforcement,Law Enforcement,Police Services,1,In Progress,High,MEDIUM,false,Loss of time and resources in following up complaints,Decreased public trust in law enforcement,Concerned,,,UP Police Modernization Act 2021,2025-02-12 16:54:16.787,2025-02-05 00:00:00,2025-02-05 00:00:00,,,,,None,cm725i00z01wfu6o4twzvq91e,cm725dgfe000bu6h40byv631f,cm725i01y01wgu6o4ucbr9ko7
cm725i04v01wju6o4y6a2uyyf,Utilities Issue in Lucknow,"Yaar, Lucknow mein paani ka bahut dikkat ho rahi hai. Raat ko paani nahi milta. Bahut pareshani ho rahi hai.",,Utilities,Water Distribution,28,Open,High,MEDIUM,false,Additional water procurement costs,Disruption of daily life and hygiene,Anger,,,UP Water Supply Act 2019,2025-02-12 16:54:16.879,2025-02-05 00:00:00,2025-02-05 00:00:00,,,,,Water wastage and contamination,cm725fiur00g6u6o4z0g4ml7s,cm725dgaz0008u6h4o1r9mtq7,cm725i04l01wiu6o4haphx3z7
cm725i07o01wlu6o4c2785wc3,Healthcare Issue in Kanpur,"Kanpur ke hospital mein doctor kaafi busy hote hain. Jaldi se checkup nahi hota, aur time waste ho jata hai.",,Healthcare,Hospital Management,13,Open,High,MEDIUM,false,"Loss of work hours, increased healthcare costs",Delayed medical treatment and health risks,Frustration,,,UP Public Health Services Act 2020,2025-02-12 16:54:16.98,2025-02-05 00:00:00,2025-02-05 00:00:00,,,,,None,cm725flom00hmu6o4gaydk2u4,cm725dg6o0005u6h4jkjbkawz,cm725i07e01wku6o4z7o78lus
cm725i0b701wnu6o4ijkj3yxm,Law Enforcement Issue in Agra,"Agra mein gali gali mein police ka koi asar nahi hai. Chhote chhote crime ho rahe hain, par koi action nahi ho raha.",,Law Enforcement,Crime Control,4,Open,High,MEDIUM,false,Loss of business due to crime,Increased fear and insecurity among residents,Fear,,,UP Police Act 2018,2025-02-12 16:54:17.107,2025-02-05 00:00:00,2025-02-05 00:00:00,,,,,None,cm725f55i009gu6o4s77mowir,cm725dg830006u6h44jyrjmcn,cm725i0al01wmu6o4q3ol6pmn
cm725i0dy01wpu6o4uh47tk66,Utilities Issue in Varanasi,Varanasi mein bijli ka connection bahut weak hai. Kabhi bhi light chali jati hai aur kaafi time baad aati hai.,,Utilities,Power Distribution,4,Closed,High,MEDIUM,false,Increased electricity costs,Disruption of daily activities,Helpless,,,UP Electricity Act 2017,2025-02-12 16:54:17.206,2025-02-05 00:00:00,2025-02-05 00:00:00,,,,,None,cm725fjhh00giu6o4b1kc37ek,cm725dgc70009u6h4pqcjyeb5,cm725i0dm01wou6o4rbzs6j2o
cm725i0gp01wru6o4ze770ojt,Infrastructure Issue in Bareilly,"Bareilly ke main roads bilkul khatam ho gaye hain. Gaadi chalana mushkil ho gaya hai, har jagah potholes hain.",,Infrastructure,Road Maintenance,6,Open,High,MEDIUM,false,Vehicle repair costs,Increased travel time and accidents,Annoyance,,,UP Road Maintenance Act 2016,2025-02-12 16:54:17.305,2025-02-05 00:00:00,2025-02-05 00:00:00,,,,,None,cm725hxki01ugu6o4fvx4ez70,cm725dg3k0003u6h4e8f3kb9h,cm725i0gg01wqu6o4jz66o7ua
cm725i0je01wuu6o40nhs6j6o,Transportation Issue in Noida,Noida mein bus services bilkul nahi hain. Pichle 3 mahine se koi bus timely nahi aayi.,,Transportation,Bus Services,9,In Progress,High,MEDIUM,false,Loss of work hours and productivity,Disruption of daily commute and business,Frustration,,,UP Public Transport Act 2018,2025-02-12 16:54:17.403,2025-02-05 00:00:00,2025-02-05 00:00:00,,,,,Increased air pollution from traffic,cm725i0il01wsu6o474xxqz12,cm725dggi000cu6h4gbmwutvf,cm725i0j301wtu6o4gp7b3mgi
cm725i0mj01wxu6o4ibcu16lw,Sanitation Issue in Aligarh,Aligarh mein garbage collection kaafi gadbad hai. Gali gali kachra pada rehta hai aur smell aati hai.,,Sanitation,Garbage Collection,8,Closed,High,MEDIUM,false,Increased healthcare costs,Health hazards and unhygienic conditions,Disgust,,,UP Sanitation Act 2019,2025-02-12 16:54:17.515,2025-02-05 00:00:00,2025-02-05 00:00:00,,,,,Pollution and contamination,cm725i0lk01wvu6o4k573tp3s,cm725dgdh000au6h4fagm9twc,cm725i0m801wwu6o41bdxs8ro
cm725i0ov01wzu6o41w498fzw,Healthcare Issue in Meerut,"Meerut mein government hospital mein sabhi medicines nahi milti. I had to buy from outside, which is very costly.",,Healthcare,Hospital Management,24,In Progress,High,MEDIUM,false,Increased healthcare costs,Delayed medical treatment and health risks,Disappointment,,,UP Public Health Services Act 2020,2025-02-12 16:54:17.599,2025-02-05 00:00:00,2025-02-05 00:00:00,,,,,None,cm725fkm600h3u6o4etvgs877,cm725dg6o0005u6h4jkjbkawz,cm725i0od01wyu6o45tflhze4
cm725i0sk01x2u6o4vz5v3lim,Education Issue in Ghaziabad,Ghaziabad ke schools mein quality of education down ho gayi hai. Bachche padhayi mein interested nahi rahte.,,Education,School Management,13,In Progress,High,MEDIUM,false,Increased tuition costs,Decline in educational standards,Concern,,,UP Education Act 2015,2025-02-12 16:54:17.732,2025-02-05 00:00:00,2025-02-05 00:00:00,,,,,None,cm725i0r601x0u6o4ro3uq97h,cm725dg9j0007u6h4tzh2udh2,cm725i0s201x1u6o4lanyhqn3
cm725i0x501x4u6o44qe856i6,Law Enforcement Issue in Moradabad,Moradabad mein police ka response bahut slow hai. Crime badh raha hai aur log dar se ghar nahi nikal rahe.,,Law Enforcement,Crime Control,12,Open,High,MEDIUM,false,Loss of business due to crime,Increased fear and insecurity among residents,Fear,,,UP Police Act 2018,2025-02-12 16:54:17.898,2025-02-05 00:00:00,2025-02-05 00:00:00,,,,,None,cm725fa0b00c1u6o4iigzn7pk,cm725dg830006u6h44jyrjmcn,cm725i0wt01x3u6o465twqr6q
cm725i10l01x7u6o44vk2xt21,Utilities Issue in Mathura,"Mathura mein paani ka pressure kaafi low hai. Subah-subah paani aata hai, lekin bahut kam quantity mein.",,Utilities,Water Distribution,14,Closed,High,MEDIUM,false,Additional water procurement costs,Disruption of daily life and hygiene,Anger,,,UP Water Supply Act 2019,2025-02-12 16:54:18.021,2025-02-05 00:00:00,2025-02-05 00:00:00,,,,,Water wastage and contamination,cm725i0zi01x5u6o4pb5zndcw,cm725dgaz0008u6h4o1r9mtq7,cm725i10501x6u6o4fs3vmlvz
cm725i14901xau6o48vpo5qap,Utilities Issue in Agra,Agra mein light jaane ka time fix nahi hai. Din mein light chali jati hai aur subah tak nahi aati.,,Utilities,Power Distribution,26,In Progress,High,MEDIUM,false,Increased electricity costs,Disruption of daily activities,Annoyance,,,UP Electricity Act 2017,2025-02-12 16:54:18.153,2025-02-05 00:00:00,2025-02-05 00:00:00,,,,,None,cm725i13g01x8u6o4zkrxbwmw,cm725dgc70009u6h4pqcjyeb5,cm725i13x01x9u6o4r1pxq5eo
cm725i17j01xdu6o4tj7xnc22,Sanitation Issue in Kanpur,"Kanpur mein garbage ka system bohot bekar hai. Ghar ke aas-paas kachra padah rehta hai, koi safai nahi hoti.",,Sanitation,Garbage Collection,29,In Progress,High,MEDIUM,false,Increased healthcare costs,Health hazards and unhygienic conditions,Disgust,,,UP Sanitation Act 2019,2025-02-12 16:54:18.271,2025-02-05 00:00:00,2025-02-05 00:00:00,,,,,Pollution and contamination,cm725i16j01xbu6o4t3ylu5ug,cm725dgdh000au6h4fagm9twc,cm725i17001xcu6o4qklybqaq
cm725i1ax01xgu6o44ckb07hx,Transportation Issue in Lucknow,Lucknow mein public transport ka system itna inefficient hai ki aapko bus ya auto ke liye lambe time tak wait karna padta hai.,,Transportation,Bus Services,7,In Progress,High,MEDIUM,false,Loss of work hours and productivity,Disruption of daily commute and business,Frustration,,,UP Public Transport Act 2018,2025-02-12 16:54:18.393,2025-02-05 00:00:00,2025-02-05 00:00:00,,,,,Increased air pollution from traffic,cm725i19e01xeu6o41pvnkd9i,cm725dggi000cu6h4gbmwutvf,cm725i1ad01xfu6o4689soadk
cm725i1e201xju6o4b8u2bgkl,Infrastructure Issue in Badaun,Badaun mein roads bohot khatarnak hain. Gaddhe aur potholes se gaddi chalana mushkil ho gaya hai.,,Infrastructure,Road Maintenance,12,Open,High,MEDIUM,false,Vehicle repair costs,Increased travel time and accidents,Anger,,,UP Road Maintenance Act 2016,2025-02-12 16:54:18.507,2025-02-05 00:00:00,2025-02-05 00:00:00,,,,,None,cm725i1d601xhu6o4ol3895ge,cm725dg3k0003u6h4e8f3kb9h,cm725i1ds01xiu6o4c22lqt3c
cm725i1h501xmu6o4omadf3ey,Law Enforcement Issue in Firozabad,Firozabad mein police patrolling kaafi weak hai. Logon ko dar lagta hai kyunki crime badh gaya hai.,,Law Enforcement,Crime Control,21,Closed,High,MEDIUM,false,Loss of business due to crime,Increased fear and insecurity among residents,Frustration,,,UP Police Act 2018,2025-02-12 16:54:18.617,2025-02-05 00:00:00,2025-02-05 00:00:00,,,,,None,cm725i1g801xku6o4n25h0xnn,cm725dg830006u6h44jyrjmcn,cm725i1gr01xlu6o4e7gywmt6
cm725i1jo01xou6o4gryzpuw8,Utilities Issue in Varanasi,Varanasi mein bijli jaane ke baad kaafi time lagta hai aane mein. Kaafi baar dikhata hai ‘Load Shedding’,,Utilities,Power Distribution,16,Open,High,MEDIUM,false,Increased electricity costs,Disruption of daily activities,Frustration,,,UP Electricity Act 2017,2025-02-12 16:54:18.708,2025-02-05 00:00:00,2025-02-05 00:00:00,,,,,None,cm725hcw101i4u6o464pl4j7m,cm725dgc70009u6h4pqcjyeb5,cm725i1jf01xnu6o4vgayeqq3
cm725i1mf01xru6o44q1b5cg0,Utilities Issue in Ayodhya,Ayodhya mein paani ki supply kaafi kam ho gayi hai. Pani ke tanker kaafi time baad aate hain.,,Utilities,Water Distribution,12,Closed,High,MEDIUM,false,Additional water procurement costs,Disruption of daily life and hygiene,Anger,,,UP Water Supply Act 2019,2025-02-12 16:54:18.808,2025-02-05 00:00:00,2025-02-05 00:00:00,,,,,Water wastage and contamination,cm725i1ln01xpu6o47osbihut,cm725dgaz0008u6h4o1r9mtq7,cm725i1m701xqu6o4dqnf4nfn
cm725i1po01xuu6o44k38lmjd,Sanitation Issue in Shahjahanpur,Shahjahanpur mein garbage collection kaafi irregular hai. Kachra gali gali mein padah rehta hai.,,Sanitation,Garbage Collection,18,Closed,High,MEDIUM,false,Increased healthcare costs,Health hazards and unhygienic conditions,Disgust,,,UP Sanitation Act 2019,2025-02-12 16:54:18.924,2025-02-05 00:00:00,2025-02-05 00:00:00,,,,,Pollution and contamination,cm725i1or01xsu6o4sxqk9vyt,cm725dgdh000au6h4fagm9twc,cm725i1pd01xtu6o4np6bgmv8
cm725i1sk01xxu6o4umoi0yyj,Healthcare Issue in Aligarh,Aligarh ke hospital mein emergency services bilkul nahi hain. Jab zarurat hoti hai toh koi help nahi milti.,,Healthcare,Hospital Management,11,In Progress,High,MEDIUM,false,Increased healthcare costs,Delayed medical treatment and health risks,Concern,,,UP Public Health Services Act 2020,2025-02-12 16:54:19.029,2025-02-05 00:00:00,2025-02-05 00:00:00,,,,,None,cm725i1rn01xvu6o4vt39hlt9,cm725dg6o0005u6h4jkjbkawz,cm725i1s601xwu6o4t9wd0arb
cm725i1v801y0u6o4cry7ffl8,Infrastructure Issue in Bareilly,"Bareilly mein roads itni khatarnak hain, gaadi chalana impossible ho gaya hai. Bohot accidents ho rahe hain.",,Infrastructure,Road Maintenance,16,In Progress,High,MEDIUM,false,Vehicle repair costs,Increased travel time and accidents,Anger,,,UP Road Maintenance Act 2016,2025-02-12 16:54:19.124,2025-02-05 00:00:00,2025-02-05 00:00:00,,,,,None,cm725i1uc01xyu6o4e4km7fsz,cm725dg3k0003u6h4e8f3kb9h,cm725i1us01xzu6o4ypwt0d0i
cm725i1yf01y3u6o4stpq7v89,Utilities Issue in लखनऊ,"यार, लखनऊ में पानी की बहुत दिक्कत हो रही है। रात को पानी नहीं मिलता। बहुत परेशानी हो रही है।",,Utilities,Water Distribution,11,In Progress,High,MEDIUM,false,Additional water procurement costs,Disruption of daily life and hygiene,गुस्सा,,,UP Water Supply Act 2019,2025-02-12 16:54:19.239,2025-02-05 00:00:00,2025-02-05 00:00:00,,,,,Water wastage and contamination,cm725i1xf01y1u6o4jhldxobz,cm725dgaz0008u6h4o1r9mtq7,cm725i1y201y2u6o4ib1hu8m3
cm725i21g01y6u6o4apm99v9o,Healthcare Issue in कानपुर,"कानपुर के अस्पताल में डॉक्टर काफी व्यस्त रहते हैं। जल्दी से चेकअप नहीं होता, और समय बर्बाद हो जाता है।",,Healthcare,Hospital Management,5,Open,High,MEDIUM,false,"Loss of work hours, increased healthcare costs",Delayed medical treatment and health risks,निराशा,,,UP Public Health Services Act 2020,2025-02-12 16:54:19.348,2025-02-05 00:00:00,2025-02-05 00:00:00,,,,,None,cm725i20i01y4u6o434x8r3ra,cm725dg6o0005u6h4jkjbkawz,cm725i21401y5u6o4qx033v23
cm725i24d01y9u6o4tfjv2fbz,Law Enforcement Issue in आगरा,"आगरा में गलियों में पुलिस का कोई असर नहीं है। छोटे-छोटे अपराध हो रहे हैं, पर कोई एक्शन नहीं हो रहा।",,Law Enforcement,Crime Control,29,Open,High,MEDIUM,false,Loss of business due to crime,Increased fear and insecurity among residents,डर,,,UP Police Act 2018,2025-02-12 16:54:19.454,2025-02-05 00:00:00,2025-02-05 00:00:00,,,,,None,cm725i23l01y7u6o4ov0ahgxh,cm725dg830006u6h44jyrjmcn,cm725i24201y8u6o4tc1733v2
cm725i28201ycu6o4qn1kp9b2,Utilities Issue in वाराणसी,वाराणसी में बिजली का कनेक्शन बहुत कमजोर है। कभी भी लाइट चली जाती है और काफी समय बाद आती है।,,Utilities,Power Distribution,7,Closed,High,MEDIUM,false,Increased electricity costs,Disruption of daily activities,निराशा,,,UP Electricity Act 2017,2025-02-12 16:54:19.586,2025-02-05 00:00:00,2025-02-05 00:00:00,,,,,None,cm725i26u01yau6o4s2si4al8,cm725dgc70009u6h4pqcjyeb5,cm725i27t01ybu6o4ql34wma3
cm725i2az01yfu6o4q00eqesh,Infrastructure Issue in बरेली,"बरेली के मुख्य मार्ग पूरी तरह से खराब हो गए हैं। गाड़ी चलाना मुश्किल हो गया है, हर जगह गड्ढे हैं।",,Infrastructure,Road Maintenance,14,Closed,High,MEDIUM,false,Vehicle repair costs,Increased travel time and accidents,नाराजगी,,,UP Road Maintenance Act 2016,2025-02-12 16:54:19.691,2025-02-05 00:00:00,2025-02-05 00:00:00,,,,,None,cm725i2a101ydu6o48x7l9s2u,cm725dg3k0003u6h4e8f3kb9h,cm725i2am01yeu6o4fk7bdd8x
cm725i2dv01yiu6o48cuuzshu,Transportation Issue in नोएडा,नोएडा में बस सेवाएं बिल्कुल नहीं हैं। पिछले 3 महीने से कोई बस समय पर नहीं आई।,,Transportation,Bus Services,8,Closed,High,MEDIUM,false,Loss of work hours and productivity,Disruption of daily commute and business,निराशा,,,UP Public Transport Act 2018,2025-02-12 16:54:19.795,2025-02-05 00:00:00,2025-02-05 00:00:00,,,,,Increased air pollution from traffic,cm725i2cs01ygu6o49fj2jmlp,cm725dggi000cu6h4gbmwutvf,cm725i2df01yhu6o434v4larv
cm725i2h501yku6o4hcqlfmnr,Infrastructure Issue in Lucknow,"Yaar, roads pe itni badhi potholes hain, gadi chalana mushkil ho gaya hai.",,Infrastructure,Road Maintenance,11,In Progress,High,MEDIUM,false,Vehicle repair costs,Increased travel time and accidents,Frustrated,,,UP Road Maintenance Act 2017,2025-02-12 16:54:19.913,2025-02-05 00:00:00,2025-02-05 00:00:00,,,,,Dust pollution,cm725fiur00g6u6o4z0g4ml7s,cm725dg3k0003u6h4e8f3kb9h,cm725i2gl01yju6o4xc64663q
cm725i2jm01ylu6o4t1i0uujp,Utilities Issue in Kanpur,"Roz naya paani ka problem ho raha hai, baar baar pipeline toot jaati hai.",,Utilities,Water Distribution,15,Closed,High,MEDIUM,false,Increased water procurement costs,Disruption of daily life and hygiene,Annoyed,,,UP Water Supply Act 2019,2025-02-12 16:54:20.002,2025-02-05 00:00:00,2025-02-05 00:00:00,,,,,Water wastage and contamination,cm725eynd005gu6o4resh0jrb,cm725dgaz0008u6h4o1r9mtq7,cm725fd5j00dgu6o4x9599rts
cm725i2m701ynu6o4eyfjhesy,Utilities Issue in Varanasi,"Bijli baar baar chalti rehti hai, din bhar ke kaam kaise karein?",,Utilities,Power Distribution,16,Open,High,MEDIUM,false,Increased electricity costs,Disruption of daily activities,Angry,,,UP Electricity Act 2017,2025-02-12 16:54:20.095,2025-02-05 00:00:00,2025-02-05 00:00:00,,,,,Increased generator usage causing pollution,cm725gh6a00z7u6o4lfcbobgi,cm725dgc70009u6h4pqcjyeb5,cm725i2lq01ymu6o49ffmnrx2
cm725i2p101ypu6o4ldy1kacn,Healthcare Issue in Agra,"Hospital mein doctors ki kami hai, main apne bache ko le jaa rahi thi, lekin time pe doctor nahi mile.",,Healthcare,Hospital Management,3,In Progress,High,MEDIUM,false,Increased healthcare costs,Delayed medical treatment and health risks,Worried,,,UP Public Health Services Act 2020,2025-02-12 16:54:20.198,2025-02-05 00:00:00,2025-02-05 00:00:00,,,,,None,cm725flom00hmu6o4gaydk2u4,cm725dg6o0005u6h4jkjbkawz,cm725i2ot01you6o4zy6dj4c3
cm725i2rm01yru6o4cm2oytlr,Education Issue in Meerut,"School ki fees bahut zyada ho gayi hai, kaise manage karein?",,Education,School Fees,23,Closed,Medium,MEDIUM,false,Higher education costs,Increased financial burden on families,Frustrated,,,UP Education Act 2015,2025-02-12 16:54:20.29,2025-02-05 00:00:00,2025-02-05 00:00:00,,,,,None,cm725ghd600zcu6o4ccqjh9kq,cm725dg9j0007u6h4tzh2udh2,cm725i2r801yqu6o4oknen1t5
cm725i2u601ytu6o48h2smfx3,Transportation Issue in Allahabad,"Traffic jam itna zyada hai, office time pe jaana mushkil ho gaya hai.",,Transportation,Traffic Management,11,In Progress,Medium,MEDIUM,false,Loss of productivity,Inconvenience for daily commuters,Irritated,,,UP Traffic Management Act 2016,2025-02-12 16:54:20.382,2025-02-05 00:00:00,2025-02-05 00:00:00,,,,,Increased pollution due to traffic congestion,cm725fsng00l9u6o47n2xgem9,cm725dghl000du6h43wv647un,cm725i2tx01ysu6o4s0uzecef
cm725i2wc01yvu6o4av0cfq0z,Governance Issue in Ghaziabad,"Sarkari office mein kaam karna mushkil ho gaya hai, har jagah daam dena padta hai.",,Governance,Corruption Control,14,Open,High,MEDIUM,false,Increased costs due to bribery,Decreased public trust in government services,Disappointed,,,UP Anti-Corruption Act 2018,2025-02-12 16:54:20.46,2025-02-05 00:00:00,2025-02-05 00:00:00,,,,,None,cm725ghk900zgu6o497qf3ptn,cm725dgiu000eu6h40hxar6vi,cm725i2w301yuu6o4vhysngn6
cm725i2z401yxu6o4uvp8wfoj,Sanitation Issue in Bareilly,"Safai kaafi kam hai, galiyan gandagi se bhari rehti hain.",,Sanitation,Garbage Collection,20,In Progress,High,MEDIUM,false,Increased healthcare costs,Health hazards and unhygienic conditions,Disgusted,,,UP Sanitation Act 2018,2025-02-12 16:54:20.56,2025-02-05 00:00:00,2025-02-05 00:00:00,,,,,Pollution and contamination,cm725ghnq00zju6o4fzzqhpet,cm725dgdh000au6h4fagm9twc,cm725i2yq01ywu6o4obtkxb3n
cm725i32301yzu6o44l06ahvt,Utilities Issue in Lucknow,"Paani ka pressure bahut kam hai, subah ka time kaisa bekar ho gaya hai.",,Utilities,Water Distribution,27,Closed,High,MEDIUM,false,Increased water procurement costs,Disruption of daily life and hygiene,Frustrated,,,UP Water Supply Act 2019,2025-02-12 16:54:20.668,2025-02-05 00:00:00,2025-02-05 00:00:00,,,,,Water wastage and contamination,cm725ghqs00zmu6o4a34ar4mv,cm725dgaz0008u6h4o1r9mtq7,cm725i31v01yyu6o43exkm26k
cm725i34n01z1u6o4f0ap4th3,Law Enforcement Issue in Kanpur,"Raat ko ghar ke paas gunde ghoomte hain, dar lagta hai unse.",,Law Enforcement,Crime Control,19,Closed,High,MEDIUM,false,Loss of business due to crime,Increased fear and insecurity among residents,Fearful,,,UP Police Act 2018,2025-02-12 16:54:20.759,2025-02-05 00:00:00,2025-02-05 00:00:00,,,,,None,cm725ghu800zpu6o42bhwmsvl,cm725dg830006u6h44jyrjmcn,cm725i34801z0u6o4s0vjjyou
cm725i36w01z2u6o42t1o8t0t,Transportation Issue in Varanasi,"Bus ki frequency bahut kam hai, kaafi der tak rukna padta hai.",,Transportation,Bus Services,17,Open,Medium,MEDIUM,false,Loss of productivity,Inconvenience for daily commuters,Annoyed,,,UP Public Transport Act 2018,2025-02-12 16:54:20.84,2025-02-05 00:00:00,2025-02-05 00:00:00,,,,,Increased pollution due to private vehicle usage,cm725ghys00zsu6o42kwwuvtq,cm725dggi000cu6h4gbmwutvf,cm725g5sh00rju6o41pe81d4k
cm725i39l01z4u6o47jg13ksq,Healthcare Issue in Agra,"Health center mein medicine ka stock kabhi nahi rehta, kaise ilaj karein?",,Healthcare,Hospital Management,2,In Progress,High,MEDIUM,false,Increased healthcare costs,Delayed medical treatment and health risks,Concerned,,,UP Public Health Services Act 2020,2025-02-12 16:54:20.938,2025-02-05 00:00:00,2025-02-05 00:00:00,,,,,None,cm725gi2c00zvu6o4iez2rkyr,cm725dg6o0005u6h4jkjbkawz,cm725i39d01z3u6o4rl1fwab4
cm725i3cq01z6u6o4wmqi6i53,Utilities Issue in Lucknow,"Bijli ki jaati hui supply kabhi bhi aa jaati hai, koi timing nahi hai.",,Utilities,Power Distribution,3,In Progress,High,MEDIUM,false,Increased electricity costs,Disruption of daily activities,Annoyed,,,UP Electricity Act 2017,2025-02-12 16:54:21.05,2025-02-05 00:00:00,2025-02-05 00:00:00,,,,,Increased generator usage causing pollution,cm725frmr00kqu6o4sicqsn7s,cm725dgc70009u6h4pqcjyeb5,cm725i3c901z5u6o4zqgb6azz
cm725i3fy01z8u6o4xatbb838,Sanitation Issue in Ghaziabad,"Gali mein kachra gira rehta hai, safai wali team nahi aati.",,Sanitation,Garbage Collection,24,Open,High,MEDIUM,false,Increased healthcare costs,Health hazards and unhygienic conditions,Frustrated,,,UP Sanitation Act 2018,2025-02-12 16:54:21.166,2025-02-05 00:00:00,2025-02-05 00:00:00,,,,,Pollution and contamination,cm725gia10100u6o4rpxqoul1,cm725dgdh000au6h4fagm9twc,cm725i3fj01z7u6o4kvwtrfgx
cm725i3j301zau6o49306pgnr,Governance Issue in Meerut,Sarkari kaam karane ke liye hamesha paisa dena padta hai.,,Governance,Corruption Control,25,In Progress,High,MEDIUM,false,Increased costs due to bribery,Decreased public trust in government services,Angry,,,UP Anti-Corruption Act 2018,2025-02-12 16:54:21.279,2025-02-05 00:00:00,2025-02-05 00:00:00,,,,,None,cm725ewp6003nu6o4s77lym5c,cm725dgiu000eu6h40hxar6vi,cm725i3ip01z9u6o43ezdg7uu
cm725i3mf01zcu6o4a3f0kfb4,Infrastructure Issue in Bareilly,Sadak par itni badhiya khadiyaan hain ki chalna mushkil ho gaya hai.,,Infrastructure,Road Maintenance,19,In Progress,High,MEDIUM,false,Vehicle repair costs,Increased travel time and accidents,Annoyed,,,UP Road Maintenance Act 2017,2025-02-12 16:54:21.399,2025-02-05 00:00:00,2025-02-05 00:00:00,,,,,Dust pollution,cm725gifj0105u6o4wl9u1uuq,cm725dg3k0003u6h4e8f3kb9h,cm725i3lz01zbu6o4kukzxvg5
cm725i3p501zeu6o42sjihjco,Transportation Issue in Allahabad,"Bina kisi reason ke traffic jam lag jaata hai, samajh nahi aata kyun.",,Transportation,Traffic Management,25,Closed,Medium,MEDIUM,false,Loss of productivity,Inconvenience for daily commuters,Frustrated,,,UP Traffic Management Act 2016,2025-02-12 16:54:21.497,2025-02-05 00:00:00,2025-02-05 00:00:00,,,,,Increased pollution due to traffic congestion,cm725gij10108u6o4565bxnqt,cm725dghl000du6h43wv647un,cm725i3ou01zdu6o42lu5rf9p
cm725i3te01zgu6o4dz347tvv,Utilities Issue in Kanpur,"Raat ko paani nahi aata, subah subah paani ka pressure bhi bahut kam rehta hai.",,Utilities,Water Distribution,11,Closed,High,MEDIUM,false,Increased water procurement costs,Disruption of daily life and hygiene,Irritated,,,UP Water Supply Act 2019,2025-02-12 16:54:21.651,2025-02-05 00:00:00,2025-02-05 00:00:00,,,,,Water wastage and contamination,cm725gimf010bu6o4gnpjsog6,cm725dgaz0008u6h4o1r9mtq7,cm725i3sp01zfu6o4ds3gsldc
cm725i3wa01zhu6o4u7k5en94,Law Enforcement Issue in Lucknow,"Jab raat ko ghar jaata hoon, lagta hai kuch galat ho jaayega, dar lagta hai.",,Law Enforcement,Crime Control,24,Closed,High,MEDIUM,false,Loss of business due to crime,Increased fear and insecurity among residents,Fearful,,,UP Police Act 2018,2025-02-12 16:54:21.754,2025-02-05 00:00:00,2025-02-05 00:00:00,,,,,None,cm725giq4010eu6o41okknhcy,cm725dg830006u6h44jyrjmcn,cm725gqoq015du6o4uowmajkj
cm725i3yv01zju6o4ecad916c,Governance Issue in Varanasi,"Jab bhi passport ke liye apply kiya, system kabhi bhi down ho jaata hai.",,Governance,Public Services,25,Closed,Medium,MEDIUM,false,Increased costs due to system inefficiencies,Decreased public trust in government services,Disappointed,,,UP Public Services Act 2017,2025-02-12 16:54:21.847,2025-02-05 00:00:00,2025-02-05 00:00:00,,,,,None,cm725git4010hu6o4vm3cfzqg,cm725dhmz001mu6h4g3gzaxyy,cm725i3ye01ziu6o40y84lb4x
cm725i41a01zlu6o4uazfn5h2,Law Enforcement Issue in Kanpur,"Kuch din pehle hi gali mein chori hui thi, police ne kuch nahi kiya.",,Law Enforcement,Crime Control,24,Closed,High,MEDIUM,false,Loss of business due to crime,Increased fear and insecurity among residents,Scared,,,UP Police Act 2018,2025-02-12 16:54:21.934,2025-02-05 00:00:00,2025-02-05 00:00:00,,,,,None,cm725gai700utu6o4x2uzrkhv,cm725dg830006u6h44jyrjmcn,cm725i41101zku6o47emzrfwv
cm725i44g01zou6o4vfnptht9,Law Enforcement Issue in Meerut,"Jab se ghar ke bahar ek gang ka dikhayi dena start hua hai, sabhi kaafi dar mein rehte hain.",,Law Enforcement,Crime Control,16,In Progress,High,MEDIUM,false,Loss of business due to crime,Increased fear and insecurity among residents,Helpless,,,UP Police Act 2018,2025-02-12 16:54:22.048,2025-02-05 00:00:00,2025-02-05 00:00:00,,,,,None,cm725i43i01zmu6o4v41p53oy,cm725dg830006u6h44jyrjmcn,cm725i44101znu6o44y2z4dpt
cm725i47801zqu6o4717z8re9,Law Enforcement Issue in Allahabad,Raat ko thoda andhera hone par chori ki wajah se humesha dar rehta hai.,,Law Enforcement,Crime Control,20,Open,High,MEDIUM,false,Loss of business due to crime,Increased fear and insecurity among residents,Fearful,,,UP Police Act 2018,2025-02-12 16:54:22.149,2025-02-05 00:00:00,2025-02-05 00:00:00,,,,,None,cm725f55i009gu6o4s77mowir,cm725dg830006u6h44jyrjmcn,cm725i46p01zpu6o4lsvhecta
cm725i49z01zsu6o4uzutm0e2,Law Enforcement Issue in Lucknow,"Police ke paas call kiya tha, lekin 3 ghante tak koi jawab nahi aaya.",,Law Enforcement,Crime Control,28,In Progress,High,MEDIUM,false,Loss of business due to crime,Increased fear and insecurity among residents,Angry,,,UP Police Act 2018,2025-02-12 16:54:22.247,2025-02-05 00:00:00,2025-02-05 00:00:00,,,,,None,cm725i49f01zru6o4jdt4pn92,cm725dg830006u6h44jyrjmcn,cm725ewmy003lu6o4j5jiahdj
cm725i4ci01zuu6o4wjt1dtpe,Law Enforcement Issue in Agra,"Raat ke waqt gali mein log drugs bech rahe hain, dar lagta hai.",,Law Enforcement,Crime Control,26,In Progress,High,MEDIUM,false,Loss of business due to crime,Increased fear and insecurity among residents,Fearful,,,UP Police Act 2018,2025-02-12 16:54:22.338,2025-02-05 00:00:00,2025-02-05 00:00:00,,,,,None,cm725fmku00i3u6o4lzdyqako,cm725dg830006u6h44jyrjmcn,cm725i4c401ztu6o4qztbvg6d
cm725i4f001zwu6o4cjb2t1o3,Infrastructure Issue in Ghaziabad,Sadak par potholes itni badh gayi hain ki driving bilkul unsafe ho gayi hai.,,Infrastructure,Road Maintenance,20,Closed,High,MEDIUM,false,Vehicle repair costs,Increased travel time and accidents,Frustrated,,,UP Road Maintenance Act 2017,2025-02-12 16:54:22.428,2025-02-05 00:00:00,2025-02-05 00:00:00,,,,,Dust pollution,cm725fgta00f5u6o4grjqg5rs,cm725dg3k0003u6h4e8f3kb9h,cm725i4eo01zvu6o4i4a5ctwk
cm725i4im01zzu6o4nihpzb9s,Utilities Issue in Varanasi,"Paani ka supply kabhi bhi bandh ho jaata hai, koi time schedule nahi hai.",,Utilities,Water Distribution,25,In Progress,High,MEDIUM,false,Increased water procurement costs,Disruption of daily life and hygiene,Annoyed,,,UP Water Supply Act 2019,2025-02-12 16:54:22.558,2025-02-05 00:00:00,2025-02-05 00:00:00,,,,,Water wastage and contamination,cm725i4hb01zxu6o4kpam4k4j,cm725dgaz0008u6h4o1r9mtq7,cm725i4i601zyu6o4y3oor4ev
cm725i4lj0202u6o4yxnt3zdl,Law Enforcement Issue in Lucknow,"Raat ko baar baar gali mein awaaz aati hai, lagta hai kuch gundagardi ho rahi hai.",,Law Enforcement,Crime Control,20,Closed,High,MEDIUM,false,Loss of business due to crime,Increased fear and insecurity among residents,Helpless,,,UP Police Act 2018,2025-02-12 16:54:22.664,2025-02-05 00:00:00,2025-02-05 00:00:00,,,,,None,cm725i4kr0200u6o4zmenmmji,cm725dg830006u6h44jyrjmcn,cm725i4l80201u6o4pzpxs6t2
cm725i4oj0204u6o4abzl45zn,Law Enforcement Issue in Meerut,"Police ko baar baar bataya, lekin ab tak unhone kisi ko arrest nahi kiya.",,Law Enforcement,Crime Control,16,In Progress,High,MEDIUM,false,Loss of business due to crime,Increased fear and insecurity among residents,Angry,,,UP Police Act 2018,2025-02-12 16:54:22.771,2025-02-05 00:00:00,2025-02-05 00:00:00,,,,,None,cm725et130009u6o45e2rnkk7,cm725dg830006u6h44jyrjmcn,cm725i4o30203u6o42qtaf95x
cm725i4r20206u6o4wf9tp2wd,Utilities Issue in Kanpur,"The water supply in my area is irregular, especially during summer. We often face dry taps for days, and it's really hard to manage.",,Utilities,Water Distribution,29,Closed,High,MEDIUM,false,Additional water procurement costs,Disruption of daily life and hygiene,Frustration,,,UP Water Supply Act 2019,2025-02-12 16:54:22.863,2025-02-05 00:00:00,2025-02-05 00:00:00,,,,,Water wastage and contamination,cm725fiur00g6u6o4z0g4ml7s,cm725dgaz0008u6h4o1r9mtq7,cm725i4qp0205u6o4z804flo6
cm725i4tr0208u6o4d7570f3a,Transportation Issue in Lucknow,"Lucknow roads are always congested, and the traffic jams are so long, it takes me hours to reach my workplace.",,Transportation,Traffic Management,22,Closed,Medium,MEDIUM,false,Loss of productivity,Inconvenience for daily commuters,Annoyance,,,UP Traffic Management Act 2016,2025-02-12 16:54:22.959,2025-02-05 00:00:00,2025-02-05 00:00:00,,,,,Increased pollution due to traffic congestion,cm725fhxg00fqu6o4onsoxav3,cm725dghl000du6h43wv647un,cm725i4td0207u6o4yf3i0ezi
cm725i4wo020au6o4o84o3xgz,Infrastructure Issue in Varanasi,The roads in my locality are in a very bad condition. The potholes are too deep and it's a nightmare to drive on them.,,Infrastructure,Road Maintenance,2,In Progress,High,MEDIUM,false,Vehicle repair costs,Increased accidents and injuries,Anger,,,UP Road Maintenance Act 2017,2025-02-12 16:54:23.064,2025-02-05 00:00:00,2025-02-05 00:00:00,,,,,Air pollution due to traffic congestion,cm725gphu014qu6o41gy3c3hs,cm725dg3k0003u6h4e8f3kb9h,cm725i4w70209u6o49vr0k5vw
cm725i4zf020cu6o4ziy52f6n,Utilities Issue in Agra,"Frequent power cuts in Agra are making life unbearable, especially in this hot weather. We can’t even sleep at night due to this issue.",,Utilities,Power Distribution,29,Closed,High,MEDIUM,false,Increased electricity costs,Disruption of daily activities,Frustration,,,UP Electricity Act 2017,2025-02-12 16:54:23.163,2025-02-05 00:00:00,2025-02-05 00:00:00,,,,,Increased generator usage causing pollution,cm725f71v00ahu6o46gi58jcf,cm725dgc70009u6h4pqcjyeb5,cm725i4z3020bu6o4oaz82gu4
cm725i522020eu6o4c53rohqi,Healthcare Issue in Ghaziabad,"The government hospitals are understaffed, and the quality of care is substandard. My father couldn't get proper treatment for his illness.",,Healthcare,Public Health,24,Open,High,MEDIUM,false,Increased medical expenses,Poor health outcomes,Disappointment,,,UP Health Services Act 2015,2025-02-12 16:54:23.258,2025-02-05 00:00:00,2025-02-05 00:00:00,,,,,None,cm725i51f020du6o4192sfemj,cm725dg6o0005u6h4jkjbkawz,cm725i0s201x1u6o4lanyhqn3
cm725i54u020hu6o4e6j2obe1,Sanitation Issue in Meerut,"The garbage is never collected on time. It's scattered all around, making the whole area look filthy. It’s a serious health hazard.",,Sanitation,Garbage Collection,11,Open,High,MEDIUM,false,Increased healthcare costs,Health hazards and unhygienic conditions,Disgust,,,UP Sanitation Act 2018,2025-02-12 16:54:23.358,2025-02-05 00:00:00,2025-02-05 00:00:00,,,,,Pollution and contamination,cm725i53z020fu6o418y4077t,cm725dgdh000au6h4fagm9twc,cm725i54k020gu6o4fzyyedl3
cm725i579020ju6o4tktyq6q1,Governance Issue in Allahabad,"I had to pay a bribe to get my work done in the government office. This corruption is everywhere, and it’s frustrating.",,Governance,Corruption Control,11,Closed,High,MEDIUM,false,Increased costs due to bribery,Decreased public trust in government services,Frustration,,,UP Anti-Corruption Act 2018,2025-02-12 16:54:23.445,2025-02-05 00:00:00,2025-02-05 00:00:00,,,,,None,cm725evst002tu6o4nf43xk4o,cm725dgiu000eu6h40hxar6vi,cm725i56y020iu6o4c1hg053m
cm725i59b020ku6o4v0oayouu,Sanitation Issue in Kanpur,There is no proper sanitation in my locality. The public toilets are either broken or too dirty to use. This needs immediate attention.,,Sanitation,Public Amenities,18,In Progress,High,MEDIUM,false,Increased healthcare costs,Health hazards and unhygienic conditions,Anger,,,UP Sanitation Act 2018,2025-02-12 16:54:23.519,2025-02-05 00:00:00,2025-02-05 00:00:00,,,,,Pollution and contamination,cm725flom00hmu6o4gaydk2u4,cm725dgdh000au6h4fagm9twc,cm725gin0010cu6o4sm27wnhx
cm725i5bu020mu6o4zyehqjnk,Employment Issue in Bareilly,"There are no job opportunities here, and the government doesn't seem to care. I have been searching for work for months without any luck.",,Employment,Job Opportunities,26,Closed,High,MEDIUM,false,Loss of income,Increased financial instability,Helplessness,,,UP Employment Act 2017,2025-02-12 16:54:23.61,2025-02-05 00:00:00,2025-02-05 00:00:00,,,,,None,cm725flys00hsu6o4zk94uxmn,cm725dgto000uu6h4jaf7uft4,cm725i5bg020lu6o4fgmhaco8
cm725i5eo020ou6o44s82dx9q,Education Issue in Jaunpur,The schools here are overcrowded and lack proper infrastructure. My younger brother couldn't even get a good education because of this.,,Education,School Infrastructure,17,Open,High,MEDIUM,false,Increased private tuition costs,Poor educational outcomes,Frustration,,,UP Education Act 2014,2025-02-12 16:54:23.712,2025-02-05 00:00:00,2025-02-05 00:00:00,,,,,None,cm725hrr501qgu6o4gthz1s8a,cm725dg9j0007u6h4tzh2udh2,cm725i5ed020nu6o4j16pj00i
cm725i5hw020ru6o4coh1h6gn,Transportation Issue in Noida,Public transport in Noida is pathetic. The buses are always late and overcrowded. I can't rely on them for daily commuting.,,Transportation,Bus Services,22,Closed,Medium,MEDIUM,false,Loss of productivity,Inconvenience for daily commuters,Irritation,,,UP Public Transport Act 2018,2025-02-12 16:54:23.828,2025-02-05 00:00:00,2025-02-05 00:00:00,,,,,Increased pollution due to private vehicle usage,cm725i5gr020pu6o4c8finf8t,cm725dggi000cu6h4gbmwutvf,cm725i5hl020qu6o4x1u6lkjd
cm725i5lc020uu6o4jvyi62m8,Law Enforcement Issue in Moradabad,There is an increase in petty crimes in my area. I fear going out after dark because the police don't take any action.,,Law Enforcement,Crime Control,27,Open,High,MEDIUM,false,Loss of business due to crime,Increased fear and insecurity among residents,Fear,,,UP Police Act 2018,2025-02-12 16:54:23.953,2025-02-05 00:00:00,2025-02-05 00:00:00,,,,,None,cm725i5kc020su6o41alrpo9y,cm725dg830006u6h44jyrjmcn,cm725i5l4020tu6o463yndazd
cm725i5or020xu6o4hvv2m8cl,Utilities Issue in Meerut,The water in my area is contaminated and undrinkable. I fear it will affect my family's health. The authorities need to take immediate action.,,Utilities,Water Quality,16,In Progress,High,MEDIUM,false,Increased healthcare costs,Health hazards and risk of diseases,Concern,,,UP Water Quality Act 2019,2025-02-12 16:54:24.075,2025-02-05 00:00:00,2025-02-05 00:00:00,,,,,Water contamination,cm725i5nk020vu6o4q4ucjgyg,cm725dgli000gu6h4ldtj08z8,cm725i5o7020wu6o4gxf0471k
cm725i5rs020zu6o4ewdhxecz,Infrastructure Issue in Lucknow,"The infrastructure in Lucknow is underdeveloped. The roads are narrow and have no proper drainage system, causing problems during rains.",,Infrastructure,Urban Development,22,Open,High,MEDIUM,false,Increased repair costs,Inconvenience for residents,Disappointment,,,UP Infrastructure Development Act 2016,2025-02-12 16:54:24.184,2025-02-05 00:00:00,2025-02-05 00:00:00,,,,,Flooding and water damage,cm725f2h1007hu6o4nxs3b0q9,cm725dgk6000fu6h4bwj5qyj4,cm725i5rh020yu6o482fmqfbr
cm725i5uy0212u6o4n7ls1bsh,Law Enforcement Issue in Agra,"I don’t feel safe walking on the streets of Agra, especially after sunset. The police don’t take enough measures for women’s safety.",,Law Enforcement,Women Safety,6,Open,High,MEDIUM,false,Loss of productivity due to fear,Increased fear and insecurity among women,Fear,,,UP Women Safety Act 2018,2025-02-12 16:54:24.298,2025-02-05 00:00:00,2025-02-05 00:00:00,,,,,None,cm725i5u10210u6o4825je9p6,cm725dg830006u6h44jyrjmcn,cm725i5uo0211u6o4or6byxhy
cm725i5xr0214u6o4dw4ojifz,Utilities Issue in Fatehpur,There is a severe water scarcity in our village. We have to wait in long queues just to get a few litres of water every day.,,Utilities,Water Distribution,3,Closed,High,MEDIUM,false,Additional water procurement costs,Disruption of daily life and hygiene,Frustration,,,UP Water Supply Act 2019,2025-02-12 16:54:24.399,2025-02-05 00:00:00,2025-02-05 00:00:00,,,,,Water wastage and contamination,cm725f76900aku6o4l8t44bnc,cm725dgaz0008u6h4o1r9mtq7,cm725i5xh0213u6o4jxhdkxe3
cm725i6080217u6o4860rlf96,Education Issue in Basti,The schools here are teaching outdated curricula. My children are not getting quality education that can help them in the future.,,Education,School Curriculum,16,In Progress,High,MEDIUM,false,Increased private tuition costs,Poor educational outcomes,Disappointment,,,UP Education Act 2014,2025-02-12 16:54:24.488,2025-02-05 00:00:00,2025-02-05 00:00:00,,,,,None,cm725i5zh0215u6o4gudfk11j,cm725dg9j0007u6h4tzh2udh2,cm725i5zz0216u6o4uaeg1231
cm725i636021au6o4678dwegy,Disaster Management Issue in Gorakhpur,"During the monsoon, we face frequent flooding. The drainage systems are not equipped to handle such situations, and we suffer every year.",,Disaster Management,Flood Control,29,Closed,High,MEDIUM,false,Increased repair and relocation costs,Displacement and property damage,Helplessness,,,UP Flood Management Act 2017,2025-02-12 16:54:24.594,2025-02-05 00:00:00,2025-02-05 00:00:00,,,,,Water contamination and soil erosion,cm725i6210218u6o4sj3gnhf4,cm725dhob001nu6h4w6prlf4d,cm725i62o0219u6o421obwe4j
cm725i66e021du6o47i71gxns,Environment Issue in Kanpur,"The air pollution in Kanpur is unbearable. It’s affecting my health, and I fear it might lead to long-term diseases like asthma.",,Environment,Air Quality,30,Open,High,MEDIUM,false,Increased healthcare costs,Health hazards and risk of diseases,Concern,,,UP Pollution Control Act 2018,2025-02-12 16:54:24.711,2025-02-05 00:00:00,2025-02-05 00:00:00,,,,,Air pollution,cm725i65n021bu6o4ihtga927,cm725dhpn001ou6h45jky4k04,cm725i665021cu6o48nywjabj
cm725i69i021gu6o4u2h6wfpw,Infrastructure Issue in Bareilly,"Illegal constructions are being built near my house, blocking natural light and increasing the risk of accidents.",,Infrastructure,Urban Development,13,Open,High,MEDIUM,false,Property damage and repair costs,Increased risk of accidents,Anger,,,UP Urban Planning Act 2016,2025-02-12 16:54:24.822,2025-02-05 00:00:00,2025-02-05 00:00:00,,,,,None,cm725i68m021eu6o4ar7bjcbt,cm725dgk6000fu6h4bwj5qyj4,cm725i699021fu6o4kds6f5h0
cm725i6ch021ju6o4a5mhfuq2,Infrastructure Issue in Lucknow,"There are no parks or open spaces in my area. My children don’t have a place to play, and this is affecting their health.",,Infrastructure,Public Spaces,16,In Progress,Medium,MEDIUM,false,Increased healthcare costs due to lack of exercise,Lack of recreational spaces for children,Sadness,,,UP Urban Planning Act 2016,2025-02-12 16:54:24.929,2025-02-05 00:00:00,2025-02-05 00:00:00,,,,,None,cm725i6bh021hu6o4ba03oveb,cm725dgk6000fu6h4bwj5qyj4,cm725i6c4021iu6o4115gnwih
cm725i6eo021lu6o4mnr19ilr,Utilities Issue in Lucknow,"We face constant power cuts here, especially during peak hours. This is affecting our work and daily routine.",,Utilities,Power Distribution,23,Open,High,MEDIUM,false,Increased electricity costs,Disruption of daily activities,Frustration,,,UP Electricity Act 2017,2025-02-12 16:54:25.008,2025-02-05 00:00:00,2025-02-05 00:00:00,,,,,Increased generator usage causing pollution,cm725ht6u01rau6o45adaso7k,cm725dgc70009u6h4pqcjyeb5,cm725i6eg021ku6o4instl4mr
cm725i6hl021ou6o49zrydrkm,Sanitation Issue in Agra,The garbage dumps in our area have not been cleaned for weeks. It’s causing foul smells and is a breeding ground for mosquitoes.,,Sanitation,Garbage Collection,12,Open,High,MEDIUM,false,Increased healthcare costs,Health hazards and unhygienic conditions,Anger,,,UP Sanitation Act 2018,2025-02-12 16:54:25.113,2025-02-05 00:00:00,2025-02-05 00:00:00,,,,,Pollution and contamination,cm725i6gs021mu6o4v4znluoa,cm725dgdh000au6h4fagm9twc,cm725i6ha021nu6o4byw47udr
cm725i6ky021qu6o413iapcd8,Healthcare Issue in Moradabad,The local health centers are not equipped to treat emergencies. I had to take my mother to a private hospital because of this.,,Healthcare,Public Health,30,In Progress,High,MEDIUM,false,Increased medical expenses,Poor health outcomes,Concern,,,UP Health Services Act 2015,2025-02-12 16:54:25.234,2025-02-05 00:00:00,2025-02-05 00:00:00,,,,,None,cm725fg4700etu6o4976mwops,cm725dg6o0005u6h4jkjbkawz,cm725i6ko021pu6o4srqbb2qo
cm725i6nh021su6o41baxzx2b,Governance Issue in Varanasi,I had to bribe a government official to get my birth certificate issued. This corruption is everywhere.,,Governance,Corruption Control,25,Open,High,MEDIUM,false,Increased costs due to bribery,Decreased public trust in government services,Frustration,,,UP Anti-Corruption Act 2018,2025-02-12 16:54:25.326,2025-02-05 00:00:00,2025-02-05 00:00:00,,,,,None,cm725f46g008su6o4uwrwobrs,cm725dgiu000eu6h40hxar6vi,cm725i6n7021ru6o4h56timu6
cm725i6rf021vu6o4tkt7tt6t,Transportation Issue in Kanpur,"After every rain, our roads get flooded, making it impossible to commute. The drainage system is completely inadequate.",,Transportation,Traffic Management,21,Closed,Medium,MEDIUM,false,Loss of productivity,Inconvenience for daily commuters,Irritation,,,UP Traffic Management Act 2016,2025-02-12 16:54:25.467,2025-02-05 00:00:00,2025-02-05 00:00:00,,,,,Increased pollution due to traffic congestion,cm725i6q3021tu6o43zxmvdkv,cm725dghl000du6h43wv647un,cm725i6r1021uu6o4nvcus130
cm725i6ua021yu6o4filzkiwx,Law Enforcement Issue in Agra,"There is a rise in crime in our locality. The police are not taking enough action, and we don't feel safe anymore.",,Law Enforcement,Crime Control,2,Closed,High,MEDIUM,false,Loss of business due to crime,Increased fear and insecurity among residents,Fear,,,UP Police Act 2018,2025-02-12 16:54:25.57,2025-02-05 00:00:00,2025-02-05 00:00:00,,,,,None,cm725i6ta021wu6o44h7w1pl8,cm725dg830006u6h44jyrjmcn,cm725i6tv021xu6o410fmmlw6
cm725i6xf0221u6o4ir02ml04,Transportation Issue in Noida,"Noida’s metro stations are always overcrowded, and it’s impossible to get a seat during peak hours.",,Transportation,Metro Services,19,Open,Medium,MEDIUM,false,Loss of productivity,Inconvenience for daily commuters,Annoyance,,,UP Public Transport Act 2018,2025-02-12 16:54:25.683,2025-02-05 00:00:00,2025-02-05 00:00:00,,,,,Increased pollution due to private vehicle usage,cm725i6wg021zu6o4r41ihb0u,cm725dggi000cu6h4gbmwutvf,cm725i6wz0220u6o48wwu655t
cm725i70a0224u6o4r67yomvm,Employment Issue in Bareilly,There are no job opportunities in my area. I have been looking for work for a year but have found nothing.,,Employment,Job Opportunities,5,In Progress,High,MEDIUM,false,Loss of income,Increased financial instability,Helplessness,,,UP Employment Act 2017,2025-02-12 16:54:25.786,2025-02-05 00:00:00,2025-02-05 00:00:00,,,,,None,cm725i6zl0222u6o4tj6imf2j,cm725dgto000uu6h4jaf7uft4,cm725i7000223u6o407ja739r
cm725i73f0227u6o4z5wxmhjn,Sanitation Issue in Lucknow,"The public restrooms in Lucknow are in a terrible condition. They are dirty and often locked, making it difficult for citizens.",,Sanitation,Public Amenities,18,In Progress,High,MEDIUM,false,Increased healthcare costs,Health hazards and unhygienic conditions,Disappointment,,,UP Sanitation Act 2018,2025-02-12 16:54:25.899,2025-02-05 00:00:00,2025-02-05 00:00:00,,,,,Pollution and contamination,cm725i72k0225u6o4nc8cdurr,cm725dgdh000au6h4fagm9twc,cm725i7370226u6o44zk60qjo
cm725i778022au6o4kymcnvik,Education Issue in Aligarh,"The education system in my city is outdated. The textbooks are old, and the teaching methods are not in line with modern requirements.",,Education,School Curriculum,30,Closed,High,MEDIUM,false,Increased private tuition costs,Poor educational outcomes,Frustration,,,UP Education Act 2014,2025-02-12 16:54:26.036,2025-02-05 00:00:00,2025-02-05 00:00:00,,,,,None,cm725i75t0228u6o44o1wmovt,cm725dg9j0007u6h4tzh2udh2,cm725i76c0229u6o4c8u420th
cm725i7a8022cu6o492s2gooj,Environment Issue in Kanpur,The air quality in Kanpur is terrible. The pollution levels are so high that it's affecting our breathing and causing allergies.,,Environment,Air Quality,23,Closed,High,MEDIUM,false,Increased healthcare costs,Health hazards and risk of diseases,Health Concern,,,UP Pollution Control Act 2018,2025-02-12 16:54:26.144,2025-02-05 00:00:00,2025-02-05 00:00:00,,,,,Air pollution,cm725f34x007zu6o4ttx7yg6i,cm725dhpn001ou6h45jky4k04,cm725i79v022bu6o46fqpkb7r